id,tranid,type,trandate,entity,currency,exchangerate,status,memo,lastmodifieddate,_fivetran_deleted
1001,BILL-1001,VendBill,2021-01-02,105,2,0.761997,Paid In Full,Lakeshore Fibre Supply Jan 2021,2021-01-10 08:00:00,false
1002,BILL-1002,VendBill,2021-01-03,110,1,1,Paid In Full,Crestline Pole Services Jan 2021,2021-01-08 21:00:00,false
1003,BILL-1003,VendBill,2021-01-04,102,1,1,Paid In Full,Northway Trenching Jan 2021,2021-01-06 13:00:00,false
1004,BILL-1004,VendBill,2021-01-05,107,1,1,Paid In Full,Keel Engineering Jan 2021,2021-01-06 22:00:00,false
1005,BILL-1005,VendBill,2021-01-05,107,1,1,Paid In Full,Keel Engineering Jan 2021,2021-01-13 01:00:00,false
1006,BILL-1006,VendBill,2021-01-05,107,1,1,Paid In Full,Keel Engineering Jan 2021,2021-01-07 23:00:00,false
1007,BILL-1007,VendBill,2021-01-06,106,2,0.759470,Paid In Full,Maple Conduit Co Jan 2021,2021-01-12 13:00:00,false
1008,BILL-1008,VendBill,2021-01-08,101,1,1,Paid In Full,Granitepoint Civil Jan 2021,2021-01-08 23:00:00,false
1009,BILL-1009,VendBill,2021-01-08,107,1,1,Paid In Full,Keel Engineering Jan 2021,2021-01-15 07:00:00,false
1010,BILL-1010,VendBill,2021-01-08,107,1,1,Paid In Full,Keel Engineering Jan 2021,2021-01-10 12:00:00,false
1011,BILL-1011,VendBill,2021-01-10,101,1,1,Paid In Full,Granitepoint Civil Jan 2021,2021-01-10 18:00:00,false
1012,BILL-1012,VendBill,2021-01-10,101,1,1,Paid In Full,Granitepoint Civil Jan 2021,2021-01-16 05:00:00,false
1013,BILL-1013,VendBill,2021-01-12,108,1,1,Paid In Full,Bluefin Permitting Jan 2021,2021-01-13 02:00:00,false
1014,BILL-1014,VendBill,2021-01-13,107,1,1,Paid In Full,Keel Engineering Jan 2021,2021-01-17 09:00:00,false
1015,BILL-1015,VendBill,2021-01-14,101,1,1,Paid In Full,Granitepoint Civil Jan 2021,2021-01-19 03:00:00,false
1016,BILL-1016,VendBill,2021-01-14,109,1,1,Paid In Full,Oxbow Legal LLP Jan 2021,2021-01-19 12:00:00,false
1017,BILL-1017,VendBill,2021-01-16,104,1,1,Paid In Full,Ridgefield Splicing Jan 2021,2021-01-16 02:00:00,false
1018,BILL-1018,VendBill,2021-01-19,101,1,1,Paid In Full,Granitepoint Civil Jan 2021,2021-01-26 11:00:00,false
1019,BILL-1019,VendBill,2021-01-20,106,2,0.748386,Paid In Full,Maple Conduit Co Jan 2021,2021-01-25 15:00:00,false
1020,BILL-1020,VendBill,2021-01-21,101,1,1,Paid In Full,Granitepoint Civil Jan 2021,2021-01-26 01:00:00,false
1021,BILL-1021,VendBill,2021-01-21,108,1,1,Paid In Full,Bluefin Permitting Jan 2021,2021-01-21 09:00:00,false
1022,BILL-1022,VendBill,2021-01-22,101,1,1,Paid In Full,Granitepoint Civil Jan 2021,2021-01-22 20:00:00,false
1023,BILL-1023,VendBill,2021-01-22,102,1,1,Paid In Full,Northway Trenching Jan 2021,2021-01-24 20:00:00,false
1024,BILL-1024,VendBill,2021-01-22,104,1,1,Paid In Full,Ridgefield Splicing Jan 2021,2021-01-29 09:00:00,false
1025,BILL-1025,VendBill,2021-01-22,104,1,1,Paid In Full,Ridgefield Splicing Jan 2021,2021-01-29 03:00:00,false
1026,BILL-1026,VendBill,2021-01-24,101,1,1,Paid In Full,Granitepoint Civil Jan 2021,2021-01-24 15:00:00,false
1027,BILL-1027,VendBill,2021-01-24,101,1,1,Paid In Full,Granitepoint Civil Jan 2021,2021-01-30 03:00:00,false
1028,BILL-1028,VendBill,2021-01-24,111,1,1,Paid In Full,Harrow Staffing Jan 2021,2021-01-25 18:00:00,false
1029,BILL-1029,VendBill,2021-01-26,102,1,1,Paid In Full,Northway Trenching Jan 2021,2021-01-27 07:00:00,false
1030,BILL-1030,VendBill,2021-01-27,101,1,1,Paid In Full,Granitepoint Civil Jan 2021,2021-02-03 00:00:00,false
1031,BILL-1031,VendBill,2021-02-02,106,2,0.752565,Paid In Full,Maple Conduit Co Feb 2021,2021-02-08 05:00:00,false
1032,BILL-1032,VendBill,2021-02-03,110,1,1,Paid In Full,Crestline Pole Services Feb 2021,2021-02-05 03:00:00,false
1033,BILL-1033,VendBill,2021-02-05,102,1,1,Paid In Full,Northway Trenching Feb 2021,2021-02-09 16:00:00,false
1034,BILL-1034,VendBill,2021-02-05,106,2,0.749645,Paid In Full,Maple Conduit Co Feb 2021,2021-02-06 03:00:00,false
1035,BILL-1035,VendBill,2021-02-07,101,1,1,Paid In Full,Granitepoint Civil Feb 2021,2021-02-09 17:00:00,false
1036,BILL-1036,VendBill,2021-02-07,107,1,1,Paid In Full,Keel Engineering Feb 2021,2021-02-10 16:00:00,false
1037,BILL-1037,VendBill,2021-02-08,101,1,1,Paid In Full,Granitepoint Civil Feb 2021,2021-02-15 11:00:00,false
1038,BILL-1038,VendBill,2021-02-10,101,1,1,Paid In Full,Granitepoint Civil Feb 2021,2021-02-14 14:00:00,false
1039,BILL-1039,VendBill,2021-02-11,103,1,1,Paid In Full,Tamber Aerial Works Feb 2021,2021-02-16 08:00:00,false
1040,BILL-1040,VendBill,2021-02-12,105,2,0.752857,Paid In Full,Lakeshore Fibre Supply Feb 2021,2021-02-20 05:00:00,false
1041,BILL-1041,VendBill,2021-02-13,101,1,1,Paid In Full,Granitepoint Civil Feb 2021,2021-02-13 14:00:00,false
1042,BILL-1042,VendBill,2021-02-13,106,2,0.754429,Paid In Full,Maple Conduit Co Feb 2021,2021-02-19 23:00:00,false
1043,BILL-1043,VendBill,2021-02-13,111,1,1,Paid In Full,Harrow Staffing Feb 2021,2021-02-16 10:00:00,false
1044,BILL-1044,VendBill,2021-02-14,102,1,1,Paid In Full,Northway Trenching Feb 2021,2021-02-16 13:00:00,false
1045,BILL-1045,VendBill,2021-02-15,102,1,1,Paid In Full,Northway Trenching Feb 2021,2021-02-20 08:00:00,false
1046,BILL-1046,VendBill,2021-02-16,104,1,1,Paid In Full,Ridgefield Splicing Feb 2021,2021-02-17 07:00:00,false
1047,BILL-1047,VendBill,2021-02-16,105,2,0.753520,Paid In Full,Lakeshore Fibre Supply Feb 2021,2021-02-23 14:00:00,false
1048,BILL-1048,VendBill,2021-02-17,102,1,1,Paid In Full,Northway Trenching Feb 2021,2021-02-20 15:00:00,false
1049,BILL-1049,VendBill,2021-02-18,104,1,1,Paid In Full,Ridgefield Splicing Feb 2021,2021-02-25 22:00:00,false
1050,BILL-1050,VendBill,2021-02-20,101,1,1,Paid In Full,Granitepoint Civil Feb 2021,2021-02-25 10:00:00,false
1051,BILL-1051,VendBill,2021-02-20,101,1,1,Paid In Full,Granitepoint Civil Feb 2021,2021-02-27 13:00:00,false
1052,BILL-1052,VendBill,2021-02-20,102,1,1,Paid In Full,Northway Trenching Feb 2021,2021-02-26 15:00:00,false
1053,BILL-1053,VendBill,2021-02-21,109,1,1,Paid In Full,Oxbow Legal LLP Feb 2021,2021-02-27 04:00:00,false
1054,BILL-1054,VendBill,2021-02-22,102,1,1,Paid In Full,Northway Trenching Feb 2021,2021-02-25 01:00:00,false
1055,BILL-1055,VendBill,2021-02-22,107,1,1,Paid In Full,Keel Engineering Feb 2021,2021-02-25 03:00:00,false
1056,BILL-1056,VendBill,2021-02-23,104,1,1,Paid In Full,Ridgefield Splicing Feb 2021,2021-03-01 02:00:00,false
1057,BILL-1057,VendBill,2021-02-24,101,1,1,Paid In Full,Granitepoint Civil Feb 2021,2021-02-26 11:00:00,false
1058,BILL-1058,VendBill,2021-02-24,101,1,1,Paid In Full,Granitepoint Civil Feb 2021,2021-02-26 17:00:00,false
1059,BILL-1059,VendBill,2021-02-24,107,1,1,Paid In Full,Keel Engineering Feb 2021,2021-02-28 01:00:00,false
1060,BILL-1060,VendBill,2021-02-24,108,1,1,Paid In Full,Bluefin Permitting Feb 2021,2021-02-27 00:00:00,false
1061,BILL-1061,VendBill,2021-02-24,108,1,1,Paid In Full,Bluefin Permitting Feb 2021,2021-02-24 05:00:00,false
1062,BILL-1062,VendBill,2021-02-26,101,1,1,Paid In Full,Granitepoint Civil Feb 2021,2021-03-02 18:00:00,false
1063,BILL-1063,VendBill,2021-02-26,102,1,1,Paid In Full,Northway Trenching Feb 2021,2021-02-28 11:00:00,false
1064,BILL-1064,VendBill,2021-02-26,104,1,1,Paid In Full,Ridgefield Splicing Feb 2021,2021-02-28 13:00:00,false
1065,BILL-1065,VendBill,2021-02-28,104,1,1,Paid In Full,Ridgefield Splicing Feb 2021,2021-03-03 07:00:00,false
1066,BILL-1066,VendBill,2021-03-02,105,2,0.752782,Paid In Full,Lakeshore Fibre Supply Mar 2021,2021-03-02 15:00:00,false
1067,BILL-1067,VendBill,2021-03-03,106,2,0.751584,Paid In Full,Maple Conduit Co Mar 2021,2021-03-03 02:00:00,false
1068,BILL-1068,VendBill,2021-03-03,106,2,0.751584,Paid In Full,Maple Conduit Co Mar 2021,2021-03-04 13:00:00,false
1069,BILL-1069,VendBill,2021-03-03,110,1,1,Paid In Full,Crestline Pole Services Mar 2021,2021-03-08 03:00:00,false
1070,BILL-1070,VendBill,2021-03-05,101,1,1,Paid In Full,Granitepoint Civil Mar 2021,2021-03-06 22:00:00,false
1071,BILL-1071,VendBill,2021-03-05,101,1,1,Paid In Full,Granitepoint Civil Mar 2021,2021-03-07 08:00:00,false
1072,BILL-1072,VendBill,2021-03-05,102,1,1,Paid In Full,Northway Trenching Mar 2021,2021-03-11 02:00:00,false
1073,BILL-1073,VendBill,2021-03-07,101,1,1,Paid In Full,Granitepoint Civil Mar 2021,2021-03-13 13:00:00,false
1074,BILL-1074,VendBill,2021-03-07,102,1,1,Paid In Full,Northway Trenching Mar 2021,2021-03-07 16:00:00,false
1075,BILL-1075,VendBill,2021-03-07,106,2,0.752868,Paid In Full,Maple Conduit Co Mar 2021,2021-03-11 07:00:00,false
1076,BILL-1076,VendBill,2021-03-08,105,2,0.753985,Paid In Full,Lakeshore Fibre Supply Mar 2021,2021-03-13 02:00:00,false
1077,BILL-1077,VendBill,2021-03-10,101,1,1,Paid In Full,Granitepoint Civil Mar 2021,2021-03-13 17:00:00,false
1078,BILL-1078,VendBill,2021-03-11,102,1,1,Paid In Full,Northway Trenching Mar 2021,2021-03-15 03:00:00,false
1079,BILL-1079,VendBill,2021-03-12,107,1,1,Paid In Full,Keel Engineering Mar 2021,2021-03-20 02:00:00,false
1080,BILL-1080,VendBill,2021-03-12,108,1,1,Paid In Full,Bluefin Permitting Mar 2021,2021-03-14 06:00:00,false
1081,BILL-1081,VendBill,2021-03-13,104,1,1,Paid In Full,Ridgefield Splicing Mar 2021,2021-03-15 04:00:00,false
1082,BILL-1082,VendBill,2021-03-13,111,1,1,Paid In Full,Harrow Staffing Mar 2021,2021-03-13 13:00:00,false
1083,BILL-1083,VendBill,2021-03-14,102,1,1,Paid In Full,Northway Trenching Mar 2021,2021-03-20 23:00:00,false
1084,BILL-1084,VendBill,2021-03-14,108,1,1,Paid In Full,Bluefin Permitting Mar 2021,2021-03-16 04:00:00,false
1085,BILL-1085,VendBill,2021-03-15,101,1,1,Paid In Full,Granitepoint Civil Mar 2021,2021-03-17 05:00:00,false
1086,BILL-1086,VendBill,2021-03-16,101,1,1,Paid In Full,Granitepoint Civil Mar 2021,2021-03-22 08:00:00,false
1087,BILL-1087,VendBill,2021-03-16,101,1,1,Paid In Full,Granitepoint Civil Mar 2021,2021-03-18 18:00:00,false
1088,BILL-1088,VendBill,2021-03-16,108,1,1,Paid In Full,Bluefin Permitting Mar 2021,2021-03-19 06:00:00,false
1089,BILL-1089,VendBill,2021-03-17,102,1,1,Paid In Full,Northway Trenching Mar 2021,2021-03-18 03:00:00,false
1090,BILL-1090,VendBill,2021-03-19,104,1,1,Paid In Full,Ridgefield Splicing Mar 2021,2021-03-24 12:00:00,false
1091,BILL-1091,VendBill,2021-03-21,101,1,1,Paid In Full,Granitepoint Civil Mar 2021,2021-03-27 23:00:00,false
1092,BILL-1092,VendBill,2021-03-21,102,1,1,Paid In Full,Northway Trenching Mar 2021,2021-03-23 15:00:00,false
1093,BILL-1093,VendBill,2021-03-21,104,1,1,Paid In Full,Ridgefield Splicing Mar 2021,2021-03-25 06:00:00,false
1094,BILL-1094,VendBill,2021-03-22,104,1,1,Paid In Full,Ridgefield Splicing Mar 2021,2021-03-24 23:00:00,false
1095,BILL-1095,VendBill,2021-03-22,104,1,1,Paid In Full,Ridgefield Splicing Mar 2021,2021-03-29 20:00:00,false
1096,BILL-1096,VendBill,2021-03-23,107,1,1,Paid In Full,Keel Engineering Mar 2021,2021-03-25 17:00:00,false
1097,BILL-1097,VendBill,2021-03-24,103,1,1,Paid In Full,Tamber Aerial Works Mar 2021,2021-03-29 07:00:00,false
1098,BILL-1098,VendBill,2021-03-24,107,1,1,Paid In Full,Keel Engineering Mar 2021,2021-03-27 19:00:00,false
1099,BILL-1099,VendBill,2021-03-24,109,1,1,Paid In Full,Oxbow Legal LLP Mar 2021,2021-03-25 16:00:00,false
1100,BILL-1100,VendBill,2021-03-26,101,1,1,Paid In Full,Granitepoint Civil Mar 2021,2021-03-27 21:00:00,false
1101,BILL-1101,VendBill,2021-03-27,102,1,1,Paid In Full,Northway Trenching Mar 2021,2021-03-27 06:00:00,false
1102,BILL-1102,VendBill,2021-03-28,101,1,1,Paid In Full,Granitepoint Civil Mar 2021,2021-03-28 23:00:00,false
1103,BILL-1103,VendBill,2021-03-28,102,1,1,Paid In Full,Northway Trenching Mar 2021,2021-04-03 20:00:00,false
1104,BILL-1104,VendBill,2021-03-28,103,1,1,Paid In Full,Tamber Aerial Works Mar 2021,2021-03-30 20:00:00,false
1105,BILL-1105,VendBill,2021-04-03,105,2,0.740509,Paid In Full,Lakeshore Fibre Supply Apr 2021,2021-04-05 14:00:00,false
1106,BILL-1106,VendBill,2021-04-03,110,1,1,Paid In Full,Crestline Pole Services Apr 2021,2021-04-09 13:00:00,false
1107,BILL-1107,VendBill,2021-04-04,106,2,0.741017,Paid In Full,Maple Conduit Co Apr 2021,2021-04-12 07:00:00,false
1108,BILL-1108,VendBill,2021-04-05,105,2,0.740361,Paid In Full,Lakeshore Fibre Supply Apr 2021,2021-04-05 21:00:00,false
1109,BILL-1109,VendBill,2021-04-05,112,1,1,Paid In Full,Quarrystone Paving Apr 2021,2021-04-09 07:00:00,false
1110,BILL-1110,VendBill,2021-04-06,101,1,1,Paid In Full,Granitepoint Civil Apr 2021,2021-04-08 09:00:00,false
1111,BILL-1111,VendBill,2021-04-06,101,1,1,Paid In Full,Granitepoint Civil Apr 2021,2021-04-07 17:00:00,false
1112,BILL-1112,VendBill,2021-04-07,108,1,1,Paid In Full,Bluefin Permitting Apr 2021,2021-04-09 22:00:00,false
1113,BILL-1113,VendBill,2021-04-08,101,1,1,Paid In Full,Granitepoint Civil Apr 2021,2021-04-09 04:00:00,false
1114,BILL-1114,VendBill,2021-04-08,101,1,1,Paid In Full,Granitepoint Civil Apr 2021,2021-04-10 15:00:00,false
1115,BILL-1115,VendBill,2021-04-08,102,1,1,Paid In Full,Northway Trenching Apr 2021,2021-04-15 16:00:00,false
1116,BILL-1116,VendBill,2021-04-08,106,2,0.743790,Paid In Full,Maple Conduit Co Apr 2021,2021-04-08 09:00:00,false
1117,BILL-1117,VendBill,2021-04-08,107,1,1,Paid In Full,Keel Engineering Apr 2021,2021-04-15 13:00:00,false
1118,BILL-1118,VendBill,2021-04-09,102,1,1,Paid In Full,Northway Trenching Apr 2021,2021-04-09 21:00:00,false
1119,BILL-1119,VendBill,2021-04-09,106,2,0.742342,Paid In Full,Maple Conduit Co Apr 2021,2021-04-10 12:00:00,false
1120,BILL-1120,VendBill,2021-04-09,107,1,1,Paid In Full,Keel Engineering Apr 2021,2021-04-11 08:00:00,false
1121,BILL-1121,VendBill,2021-04-09,112,1,1,Paid In Full,Quarrystone Paving Apr 2021,2021-04-10 12:00:00,false
1122,BILL-1122,VendBill,2021-04-10,101,1,1,Paid In Full,Granitepoint Civil Apr 2021,2021-04-14 19:00:00,false
1123,BILL-1123,VendBill,2021-04-10,109,1,1,Paid In Full,Oxbow Legal LLP Apr 2021,2021-04-11 14:00:00,false
1124,BILL-1124,VendBill,2021-04-11,103,1,1,Paid In Full,Tamber Aerial Works Apr 2021,2021-04-11 18:00:00,false
1125,BILL-1125,VendBill,2021-04-11,105,2,0.741553,Paid In Full,Lakeshore Fibre Supply Apr 2021,2021-04-14 03:00:00,false
1126,BILL-1126,VendBill,2021-04-12,101,1,1,Paid In Full,Granitepoint Civil Apr 2021,2021-04-18 15:00:00,false
1127,BILL-1127,VendBill,2021-04-12,104,1,1,Paid In Full,Ridgefield Splicing Apr 2021,2021-04-16 14:00:00,false
1128,BILL-1128,VendBill,2021-04-13,112,1,1,Paid In Full,Quarrystone Paving Apr 2021,2021-04-18 08:00:00,false
1129,BILL-1129,VendBill,2021-04-14,102,1,1,Paid In Full,Northway Trenching Apr 2021,2021-04-22 02:00:00,false
1130,BILL-1130,VendBill,2021-04-14,102,1,1,Paid In Full,Northway Trenching Apr 2021,2021-04-15 01:00:00,false
1131,BILL-1131,VendBill,2021-04-14,104,1,1,Paid In Full,Ridgefield Splicing Apr 2021,2021-04-19 19:00:00,false
1132,BILL-1132,VendBill,2021-04-14,112,1,1,Paid In Full,Quarrystone Paving Apr 2021,2021-04-17 00:00:00,false
1133,BILL-1133,VendBill,2021-04-15,102,1,1,Paid In Full,Northway Trenching Apr 2021,2021-04-16 08:00:00,false
1134,BILL-1134,VendBill,2021-04-15,103,1,1,Paid In Full,Tamber Aerial Works Apr 2021,2021-04-19 10:00:00,false
1135,BILL-1135,VendBill,2021-04-16,101,1,1,Paid In Full,Granitepoint Civil Apr 2021,2021-04-17 17:00:00,false
1136,BILL-1136,VendBill,2021-04-16,107,1,1,Paid In Full,Keel Engineering Apr 2021,2021-04-22 22:00:00,false
1137,BILL-1137,VendBill,2021-04-17,112,1,1,Paid In Full,Quarrystone Paving Apr 2021,2021-04-24 00:00:00,false
1138,BILL-1138,VendBill,2021-04-18,102,1,1,Paid In Full,Northway Trenching Apr 2021,2021-04-22 23:00:00,false
1139,BILL-1139,VendBill,2021-04-18,104,1,1,Paid In Full,Ridgefield Splicing Apr 2021,2021-04-20 09:00:00,false
1140,BILL-1140,VendBill,2021-04-20,101,1,1,Paid In Full,Granitepoint Civil Apr 2021,2021-04-27 04:00:00,false
1141,BILL-1141,VendBill,2021-04-20,102,1,1,Paid In Full,Northway Trenching Apr 2021,2021-04-27 03:00:00,false
1142,BILL-1142,VendBill,2021-04-21,102,1,1,Paid In Full,Northway Trenching Apr 2021,2021-04-28 13:00:00,false
1143,BILL-1143,VendBill,2021-04-21,103,1,1,Paid In Full,Tamber Aerial Works Apr 2021,2021-04-21 17:00:00,false
1144,BILL-1144,VendBill,2021-04-21,111,1,1,Paid In Full,Harrow Staffing Apr 2021,2021-04-23 04:00:00,false
1145,BILL-1145,VendBill,2021-04-22,103,1,1,Paid In Full,Tamber Aerial Works Apr 2021,2021-04-26 18:00:00,false
1146,BILL-1146,VendBill,2021-04-22,104,1,1,Paid In Full,Ridgefield Splicing Apr 2021,2021-04-30 05:00:00,false
1147,BILL-1147,VendBill,2021-04-22,108,1,1,Paid In Full,Bluefin Permitting Apr 2021,2021-04-26 00:00:00,false
1148,BILL-1148,VendBill,2021-04-24,101,1,1,Paid In Full,Granitepoint Civil Apr 2021,2021-04-24 10:00:00,false
1149,BILL-1149,VendBill,2021-04-26,102,1,1,Paid In Full,Northway Trenching Apr 2021,2021-04-26 05:00:00,false
1150,BILL-1150,VendBill,2021-04-26,102,1,1,Paid In Full,Northway Trenching Apr 2021,2021-04-30 05:00:00,false
1151,BILL-1151,VendBill,2021-04-26,103,1,1,Paid In Full,Tamber Aerial Works Apr 2021,2021-05-02 02:00:00,false
1152,BILL-1152,VendBill,2021-04-26,104,1,1,Paid In Full,Ridgefield Splicing Apr 2021,2021-05-04 01:00:00,false
1153,BILL-1153,VendBill,2021-04-26,108,1,1,Paid In Full,Bluefin Permitting Apr 2021,2021-05-03 01:00:00,false
1154,BILL-1154,VendBill,2021-04-27,101,1,1,Paid In Full,Granitepoint Civil Apr 2021,2021-04-27 22:00:00,false
1155,BILL-1155,VendBill,2021-04-28,104,1,1,Paid In Full,Ridgefield Splicing Apr 2021,2021-05-03 06:00:00,false
1156,BILL-1156,VendBill,2021-05-03,110,1,1,Paid In Full,Crestline Pole Services May 2021,2021-05-10 23:00:00,false
1157,BILL-1157,VendBill,2021-05-04,106,2,0.751868,Paid In Full,Maple Conduit Co May 2021,2021-05-07 23:00:00,false
1158,BILL-1158,VendBill,2021-05-05,102,1,1,Paid In Full,Northway Trenching May 2021,2021-05-09 13:00:00,false
1159,BILL-1159,VendBill,2021-05-05,112,1,1,Paid In Full,Quarrystone Paving May 2021,2021-05-09 15:00:00,false
1160,BILL-1160,VendBill,2021-05-06,102,1,1,Paid In Full,Northway Trenching May 2021,2021-05-13 09:00:00,false
1161,BILL-1161,VendBill,2021-05-06,105,2,0.752192,Paid In Full,Lakeshore Fibre Supply May 2021,2021-05-08 12:00:00,false
1162,BILL-1162,VendBill,2021-05-07,101,1,1,Paid In Full,Granitepoint Civil May 2021,2021-05-15 01:00:00,false
1163,BILL-1163,VendBill,2021-05-07,101,1,1,Paid In Full,Granitepoint Civil May 2021,2021-05-07 01:00:00,false
1164,BILL-1164,VendBill,2021-05-07,112,1,1,Paid In Full,Quarrystone Paving May 2021,2021-05-14 01:00:00,false
1165,BILL-1165,VendBill,2021-05-08,101,1,1,Paid In Full,Granitepoint Civil May 2021,2021-05-15 21:00:00,false
1166,BILL-1166,VendBill,2021-05-08,102,1,1,Paid In Full,Northway Trenching May 2021,2021-05-09 08:00:00,false
1167,BILL-1167,VendBill,2021-05-08,102,1,1,Paid In Full,Northway Trenching May 2021,2021-05-10 17:00:00,false
1168,BILL-1168,VendBill,2021-05-09,103,1,1,Paid In Full,Tamber Aerial Works May 2021,2021-05-15 13:00:00,false
1169,BILL-1169,VendBill,2021-05-10,101,1,1,Paid In Full,Granitepoint Civil May 2021,2021-05-11 21:00:00,false
1170,BILL-1170,VendBill,2021-05-11,102,1,1,Paid In Full,Northway Trenching May 2021,2021-05-13 15:00:00,false
1171,BILL-1171,VendBill,2021-05-11,102,1,1,Paid In Full,Northway Trenching May 2021,2021-05-15 23:00:00,false
1172,BILL-1172,VendBill,2021-05-11,103,1,1,Paid In Full,Tamber Aerial Works May 2021,2021-05-14 05:00:00,false
1173,BILL-1173,VendBill,2021-05-11,104,1,1,Paid In Full,Ridgefield Splicing May 2021,2021-05-11 21:00:00,false
1174,BILL-1174,VendBill,2021-05-11,108,1,1,Paid In Full,Bluefin Permitting May 2021,2021-05-14 08:00:00,false
1175,BILL-1175,VendBill,2021-05-12,104,1,1,Paid In Full,Ridgefield Splicing May 2021,2021-05-17 19:00:00,false
1176,BILL-1176,VendBill,2021-05-12,105,2,0.752159,Paid In Full,Lakeshore Fibre Supply May 2021,2021-05-17 02:00:00,false
1177,BILL-1177,VendBill,2021-05-13,106,2,0.755205,Paid In Full,Maple Conduit Co May 2021,2021-05-16 09:00:00,false
1178,BILL-1178,VendBill,2021-05-13,111,1,1,Paid In Full,Harrow Staffing May 2021,2021-05-14 02:00:00,false
1179,BILL-1179,VendBill,2021-05-14,107,1,1,Paid In Full,Keel Engineering May 2021,2021-05-20 14:00:00,false
1180,BILL-1180,VendBill,2021-05-14,112,1,1,Paid In Full,Quarrystone Paving May 2021,2021-05-16 10:00:00,false
1181,BILL-1181,VendBill,2021-05-15,103,1,1,Paid In Full,Tamber Aerial Works May 2021,2021-05-15 21:00:00,false
1182,BILL-1182,VendBill,2021-05-15,106,2,0.753159,Paid In Full,Maple Conduit Co May 2021,2021-05-19 23:00:00,false
1183,BILL-1183,VendBill,2021-05-15,107,1,1,Paid In Full,Keel Engineering May 2021,2021-05-21 06:00:00,false
1184,BILL-1184,VendBill,2021-05-15,108,1,1,Paid In Full,Bluefin Permitting May 2021,2021-05-18 08:00:00,false
1185,BILL-1185,VendBill,2021-05-16,102,1,1,Paid In Full,Northway Trenching May 2021,2021-05-19 22:00:00,false
1186,BILL-1186,VendBill,2021-05-18,104,1,1,Paid In Full,Ridgefield Splicing May 2021,2021-05-25 11:00:00,false
1187,BILL-1187,VendBill,2021-05-19,112,1,1,Paid In Full,Quarrystone Paving May 2021,2021-05-26 21:00:00,false
1188,BILL-1188,VendBill,2021-05-20,101,1,1,Paid In Full,Granitepoint Civil May 2021,2021-05-20 21:00:00,false
1189,BILL-1189,VendBill,2021-05-20,103,1,1,Paid In Full,Tamber Aerial Works May 2021,2021-05-20 01:00:00,false
1190,BILL-1190,VendBill,2021-05-20,108,1,1,Paid In Full,Bluefin Permitting May 2021,2021-05-24 16:00:00,false
1191,BILL-1191,VendBill,2021-05-21,101,1,1,Paid In Full,Granitepoint Civil May 2021,2021-05-29 00:00:00,false
1192,BILL-1192,VendBill,2021-05-21,104,1,1,Paid In Full,Ridgefield Splicing May 2021,2021-05-25 23:00:00,false
1193,BILL-1193,VendBill,2021-05-21,104,1,1,Paid In Full,Ridgefield Splicing May 2021,2021-05-22 12:00:00,false
1194,BILL-1194,VendBill,2021-05-21,105,2,0.755428,Paid In Full,Lakeshore Fibre Supply May 2021,2021-05-24 23:00:00,false
1195,BILL-1195,VendBill,2021-05-21,107,1,1,Paid In Full,Keel Engineering May 2021,2021-05-25 10:00:00,false
1196,BILL-1196,VendBill,2021-05-21,109,1,1,Paid In Full,Oxbow Legal LLP May 2021,2021-05-21 21:00:00,false
1197,BILL-1197,VendBill,2021-05-21,112,1,1,Paid In Full,Quarrystone Paving May 2021,2021-05-25 18:00:00,false
1198,BILL-1198,VendBill,2021-05-22,103,1,1,Paid In Full,Tamber Aerial Works May 2021,2021-05-28 00:00:00,false
1199,BILL-1199,VendBill,2021-05-24,101,1,1,Paid In Full,Granitepoint Civil May 2021,2021-05-29 16:00:00,false
1200,BILL-1200,VendBill,2021-05-25,101,1,1,Paid In Full,Granitepoint Civil May 2021,2021-05-27 05:00:00,false
1201,BILL-1201,VendBill,2021-05-25,101,1,1,Paid In Full,Granitepoint Civil May 2021,2021-05-29 20:00:00,false
1202,BILL-1202,VendBill,2021-05-25,102,1,1,Paid In Full,Northway Trenching May 2021,2021-05-28 13:00:00,false
1203,BILL-1203,VendBill,2021-05-25,102,1,1,Paid In Full,Northway Trenching May 2021,2021-06-01 15:00:00,false
1204,BILL-1204,VendBill,2021-05-26,102,1,1,Paid In Full,Northway Trenching May 2021,2021-05-31 11:00:00,false
1205,BILL-1205,VendBill,2021-05-27,101,1,1,Paid In Full,Granitepoint Civil May 2021,2021-05-27 08:00:00,false
1206,BILL-1206,VendBill,2021-05-28,104,1,1,Paid In Full,Ridgefield Splicing May 2021,2021-06-02 16:00:00,false
1207,BILL-1207,VendBill,2021-06-02,105,2,0.755328,Paid In Full,Lakeshore Fibre Supply Jun 2021,2021-06-07 02:00:00,false
1208,BILL-1208,VendBill,2021-06-03,110,1,1,Paid In Full,Crestline Pole Services Jun 2021,2021-06-10 13:00:00,false
1209,BILL-1209,VendBill,2021-06-05,101,1,1,Paid In Full,Granitepoint Civil Jun 2021,2021-06-05 15:00:00,false
1210,BILL-1210,VendBill,2021-06-05,102,1,1,Paid In Full,Northway Trenching Jun 2021,2021-06-07 17:00:00,false
1211,BILL-1211,VendBill,2021-06-06,112,1,1,Paid In Full,Quarrystone Paving Jun 2021,2021-06-13 21:00:00,false
1212,BILL-1212,VendBill,2021-06-07,101,1,1,Paid In Full,Granitepoint Civil Jun 2021,2021-06-12 07:00:00,false
1213,BILL-1213,VendBill,2021-06-07,101,1,1,Paid In Full,Granitepoint Civil Jun 2021,2021-06-11 10:00:00,false
1214,BILL-1214,VendBill,2021-06-07,103,1,1,Paid In Full,Tamber Aerial Works Jun 2021,2021-06-07 15:00:00,false
1215,BILL-1215,VendBill,2021-06-07,105,2,0.754800,Paid In Full,Lakeshore Fibre Supply Jun 2021,2021-06-13 23:00:00,false
1216,BILL-1216,VendBill,2021-06-08,102,1,1,Paid In Full,Northway Trenching Jun 2021,2021-06-09 21:00:00,false
1217,BILL-1217,VendBill,2021-06-09,101,1,1,Paid In Full,Granitepoint Civil Jun 2021,2021-06-13 22:00:00,false
1218,BILL-1218,VendBill,2021-06-09,106,2,0.757142,Paid In Full,Maple Conduit Co Jun 2021,2021-06-16 02:00:00,false
1219,BILL-1219,VendBill,2021-06-09,106,2,0.757142,Paid In Full,Maple Conduit Co Jun 2021,2021-06-16 09:00:00,false
1220,BILL-1220,VendBill,2021-06-09,108,1,1,Paid In Full,Bluefin Permitting Jun 2021,2021-06-10 09:00:00,false
1221,BILL-1221,VendBill,2021-06-10,101,1,1,Paid In Full,Granitepoint Civil Jun 2021,2021-06-17 19:00:00,false
1222,BILL-1222,VendBill,2021-06-10,101,1,1,Paid In Full,Granitepoint Civil Jun 2021,2021-06-12 01:00:00,false
1223,BILL-1223,VendBill,2021-06-11,104,1,1,Paid In Full,Ridgefield Splicing Jun 2021,2021-06-18 02:00:00,false
1224,BILL-1224,VendBill,2021-06-12,101,1,1,Paid In Full,Granitepoint Civil Jun 2021,2021-06-14 11:00:00,false
1225,BILL-1225,VendBill,2021-06-12,112,1,1,Paid In Full,Quarrystone Paving Jun 2021,2021-06-20 03:00:00,false
1226,BILL-1226,VendBill,2021-06-13,102,1,1,Paid In Full,Northway Trenching Jun 2021,2021-06-20 13:00:00,false
1227,BILL-1227,VendBill,2021-06-13,103,1,1,Paid In Full,Tamber Aerial Works Jun 2021,2021-06-15 13:00:00,false
1228,BILL-1228,VendBill,2021-06-13,108,1,1,Paid In Full,Bluefin Permitting Jun 2021,2021-06-18 16:00:00,false
1229,BILL-1229,VendBill,2021-06-13,112,1,1,Paid In Full,Quarrystone Paving Jun 2021,2021-06-15 14:00:00,false
1230,BILL-1230,VendBill,2021-06-14,104,1,1,Paid In Full,Ridgefield Splicing Jun 2021,2021-06-19 21:00:00,false
1231,BILL-1231,VendBill,2021-06-14,106,2,0.752862,Paid In Full,Maple Conduit Co Jun 2021,2021-06-14 13:00:00,false
1232,BILL-1232,VendBill,2021-06-16,102,1,1,Paid In Full,Northway Trenching Jun 2021,2021-06-16 17:00:00,false
1233,BILL-1233,VendBill,2021-06-16,105,2,0.752381,Paid In Full,Lakeshore Fibre Supply Jun 2021,2021-06-20 21:00:00,false
1234,BILL-1234,VendBill,2021-06-16,107,1,1,Paid In Full,Keel Engineering Jun 2021,2021-06-18 14:00:00,false
1235,BILL-1235,VendBill,2021-06-17,112,1,1,Paid In Full,Quarrystone Paving Jun 2021,2021-06-20 01:00:00,false
1236,BILL-1236,VendBill,2021-06-18,107,1,1,Paid In Full,Keel Engineering Jun 2021,2021-06-24 22:00:00,false
1237,BILL-1237,VendBill,2021-06-18,112,1,1,Paid In Full,Quarrystone Paving Jun 2021,2021-06-18 05:00:00,false
1238,BILL-1238,VendBill,2021-06-20,101,1,1,Paid In Full,Granitepoint Civil Jun 2021,2021-06-22 03:00:00,false
1239,BILL-1239,VendBill,2021-06-20,102,1,1,Paid In Full,Northway Trenching Jun 2021,2021-06-27 15:00:00,false
1240,BILL-1240,VendBill,2021-06-20,102,1,1,Paid In Full,Northway Trenching Jun 2021,2021-06-25 03:00:00,false
1241,BILL-1241,VendBill,2021-06-20,102,1,1,Paid In Full,Northway Trenching Jun 2021,2021-06-25 17:00:00,false
1242,BILL-1242,VendBill,2021-06-20,108,1,1,Paid In Full,Bluefin Permitting Jun 2021,2021-06-23 16:00:00,false
1243,BILL-1243,VendBill,2021-06-21,103,1,1,Paid In Full,Tamber Aerial Works Jun 2021,2021-06-26 19:00:00,false
1244,BILL-1244,VendBill,2021-06-21,104,1,1,Paid In Full,Ridgefield Splicing Jun 2021,2021-06-27 04:00:00,false
1245,BILL-1245,VendBill,2021-06-22,101,1,1,Paid In Full,Granitepoint Civil Jun 2021,2021-06-26 17:00:00,false
1246,BILL-1246,VendBill,2021-06-22,103,1,1,Paid In Full,Tamber Aerial Works Jun 2021,2021-06-29 18:00:00,false
1247,BILL-1247,VendBill,2021-06-22,104,1,1,Paid In Full,Ridgefield Splicing Jun 2021,2021-06-24 21:00:00,false
1248,BILL-1248,VendBill,2021-06-24,101,1,1,Paid In Full,Granitepoint Civil Jun 2021,2021-07-01 04:00:00,false
1249,BILL-1249,VendBill,2021-06-24,103,1,1,Paid In Full,Tamber Aerial Works Jun 2021,2021-06-28 20:00:00,false
1250,BILL-1250,VendBill,2021-06-24,109,1,1,Paid In Full,Oxbow Legal LLP Jun 2021,2021-06-28 01:00:00,false
1251,BILL-1251,VendBill,2021-06-25,107,1,1,Paid In Full,Keel Engineering Jun 2021,2021-06-29 22:00:00,false
1252,BILL-1252,VendBill,2021-06-26,104,1,1,Paid In Full,Ridgefield Splicing Jun 2021,2021-06-28 19:00:00,false
1253,BILL-1253,VendBill,2021-06-26,111,1,1,Paid In Full,Harrow Staffing Jun 2021,2021-06-28 15:00:00,false
1254,BILL-1254,VendBill,2021-06-27,102,1,1,Paid In Full,Northway Trenching Jun 2021,2021-06-27 14:00:00,false
1255,BILL-1255,VendBill,2021-06-27,102,1,1,Paid In Full,Northway Trenching Jun 2021,2021-06-27 04:00:00,false
1256,BILL-1256,VendBill,2021-06-27,104,1,1,Paid In Full,Ridgefield Splicing Jun 2021,2021-07-02 03:00:00,false
1257,BILL-1257,VendBill,2021-07-03,110,1,1,Paid In Full,Crestline Pole Services Jul 2021,2021-07-04 05:00:00,false
1258,BILL-1258,VendBill,2021-07-04,105,2,0.745503,Paid In Full,Lakeshore Fibre Supply Jul 2021,2021-07-08 21:00:00,false
1259,BILL-1259,VendBill,2021-07-04,106,2,0.745503,Paid In Full,Maple Conduit Co Jul 2021,2021-07-10 05:00:00,false
1260,BILL-1260,VendBill,2021-07-04,112,1,1,Paid In Full,Quarrystone Paving Jul 2021,2021-07-05 03:00:00,false
1261,BILL-1261,VendBill,2021-07-05,102,1,1,Paid In Full,Northway Trenching Jul 2021,2021-07-11 20:00:00,false
1262,BILL-1262,VendBill,2021-07-05,102,1,1,Paid In Full,Northway Trenching Jul 2021,2021-07-11 22:00:00,false
1263,BILL-1263,VendBill,2021-07-07,101,1,1,Paid In Full,Granitepoint Civil Jul 2021,2021-07-10 14:00:00,false
1264,BILL-1264,VendBill,2021-07-07,108,1,1,Paid In Full,Bluefin Permitting Jul 2021,2021-07-14 17:00:00,false
1265,BILL-1265,VendBill,2021-07-08,101,1,1,Paid In Full,Granitepoint Civil Jul 2021,2021-07-08 16:00:00,false
1266,BILL-1266,VendBill,2021-07-08,109,1,1,Paid In Full,Oxbow Legal LLP Jul 2021,2021-07-08 23:00:00,false
1267,BILL-1267,VendBill,2021-07-09,101,1,1,Paid In Full,Granitepoint Civil Jul 2021,2021-07-14 08:00:00,false
1268,BILL-1268,VendBill,2021-07-09,103,1,1,Paid In Full,Tamber Aerial Works Jul 2021,2021-07-14 09:00:00,false
1269,BILL-1269,VendBill,2021-07-09,112,1,1,Paid In Full,Quarrystone Paving Jul 2021,2021-07-16 11:00:00,false
1270,BILL-1270,VendBill,2021-07-10,101,1,1,Paid In Full,Granitepoint Civil Jul 2021,2021-07-16 04:00:00,false
1271,BILL-1271,VendBill,2021-07-10,103,1,1,Paid In Full,Tamber Aerial Works Jul 2021,2021-07-10 19:00:00,false
1272,BILL-1272,VendBill,2021-07-10,112,1,1,Paid In Full,Quarrystone Paving Jul 2021,2021-07-17 05:00:00,false
1273,BILL-1273,VendBill,2021-07-12,103,1,1,Paid In Full,Tamber Aerial Works Jul 2021,2021-07-16 14:00:00,false
1274,BILL-1274,VendBill,2021-07-12,108,1,1,Paid In Full,Bluefin Permitting Jul 2021,2021-07-18 10:00:00,false
1275,BILL-1275,VendBill,2021-07-13,101,1,1,Paid In Full,Granitepoint Civil Jul 2021,2021-07-14 11:00:00,false
1276,BILL-1276,VendBill,2021-07-13,102,1,1,Paid In Full,Northway Trenching Jul 2021,2021-07-17 17:00:00,false
1277,BILL-1277,VendBill,2021-07-13,107,1,1,Paid In Full,Keel Engineering Jul 2021,2021-07-18 20:00:00,false
1278,BILL-1278,VendBill,2021-07-14,102,1,1,Paid In Full,Northway Trenching Jul 2021,2021-07-14 11:00:00,false
1279,BILL-1279,VendBill,2021-07-14,104,1,1,Paid In Full,Ridgefield Splicing Jul 2021,2021-07-15 02:00:00,false
1280,BILL-1280,VendBill,2021-07-14,106,2,0.742092,Paid In Full,Maple Conduit Co Jul 2021,2021-07-15 09:00:00,false
1281,BILL-1281,VendBill,2021-07-14,107,1,1,Paid In Full,Keel Engineering Jul 2021,2021-07-18 17:00:00,false
1282,BILL-1282,VendBill,2021-07-15,104,1,1,Paid In Full,Ridgefield Splicing Jul 2021,2021-07-22 16:00:00,false
1283,BILL-1283,VendBill,2021-07-15,105,2,0.742833,Paid In Full,Lakeshore Fibre Supply Jul 2021,2021-07-20 07:00:00,false
1284,BILL-1284,VendBill,2021-07-15,106,2,0.742833,Paid In Full,Maple Conduit Co Jul 2021,2021-07-19 06:00:00,false
1285,BILL-1285,VendBill,2021-07-15,108,1,1,Paid In Full,Bluefin Permitting Jul 2021,2021-07-15 03:00:00,false
1286,BILL-1286,VendBill,2021-07-16,104,1,1,Paid In Full,Ridgefield Splicing Jul 2021,2021-07-19 01:00:00,false
1287,BILL-1287,VendBill,2021-07-16,105,2,0.741997,Paid In Full,Lakeshore Fibre Supply Jul 2021,2021-07-22 07:00:00,false
1288,BILL-1288,VendBill,2021-07-16,112,1,1,Paid In Full,Quarrystone Paving Jul 2021,2021-07-21 04:00:00,false
1289,BILL-1289,VendBill,2021-07-18,101,1,1,Paid In Full,Granitepoint Civil Jul 2021,2021-07-22 10:00:00,false
1290,BILL-1290,VendBill,2021-07-18,102,1,1,Paid In Full,Northway Trenching Jul 2021,2021-07-19 05:00:00,false
1291,BILL-1291,VendBill,2021-07-19,101,1,1,Paid In Full,Granitepoint Civil Jul 2021,2021-07-19 01:00:00,false
1292,BILL-1292,VendBill,2021-07-19,102,1,1,Paid In Full,Northway Trenching Jul 2021,2021-07-20 10:00:00,false
1293,BILL-1293,VendBill,2021-07-19,111,1,1,Paid In Full,Harrow Staffing Jul 2021,2021-07-25 05:00:00,false
1294,BILL-1294,VendBill,2021-07-20,102,1,1,Paid In Full,Northway Trenching Jul 2021,2021-07-20 09:00:00,false
1295,BILL-1295,VendBill,2021-07-20,112,1,1,Paid In Full,Quarrystone Paving Jul 2021,2021-07-21 17:00:00,false
1296,BILL-1296,VendBill,2021-07-21,104,1,1,Paid In Full,Ridgefield Splicing Jul 2021,2021-07-25 05:00:00,false
1297,BILL-1297,VendBill,2021-07-22,101,1,1,Paid In Full,Granitepoint Civil Jul 2021,2021-07-23 22:00:00,false
1298,BILL-1298,VendBill,2021-07-22,101,1,1,Paid In Full,Granitepoint Civil Jul 2021,2021-07-30 00:00:00,false
1299,BILL-1299,VendBill,2021-07-22,101,1,1,Paid In Full,Granitepoint Civil Jul 2021,2021-07-25 05:00:00,false
1300,BILL-1300,VendBill,2021-07-22,103,1,1,Paid In Full,Tamber Aerial Works Jul 2021,2021-07-30 00:00:00,false
1301,BILL-1301,VendBill,2021-07-22,107,1,1,Paid In Full,Keel Engineering Jul 2021,2021-07-28 02:00:00,false
1302,BILL-1302,VendBill,2021-07-23,102,1,1,Paid In Full,Northway Trenching Jul 2021,2021-07-28 09:00:00,false
1303,BILL-1303,VendBill,2021-07-26,102,1,1,Paid In Full,Northway Trenching Jul 2021,2021-07-29 15:00:00,false
1304,BILL-1304,VendBill,2021-07-26,103,1,1,Paid In Full,Tamber Aerial Works Jul 2021,2021-07-29 15:00:00,false
1305,BILL-1305,VendBill,2021-07-26,104,1,1,Paid In Full,Ridgefield Splicing Jul 2021,2021-07-31 12:00:00,false
1306,BILL-1306,VendBill,2021-07-27,104,1,1,Paid In Full,Ridgefield Splicing Jul 2021,2021-07-30 06:00:00,false
1307,BILL-1307,VendBill,2021-07-28,102,1,1,Paid In Full,Northway Trenching Jul 2021,2021-07-29 03:00:00,false
1308,BILL-1308,VendBill,2021-08-03,110,1,1,Paid In Full,Crestline Pole Services Aug 2021,2021-08-10 14:00:00,false
1309,BILL-1309,VendBill,2021-08-04,106,2,0.738873,Paid In Full,Maple Conduit Co Aug 2021,2021-08-10 12:00:00,false
1310,BILL-1310,VendBill,2021-08-05,101,1,1,Paid In Full,Granitepoint Civil Aug 2021,2021-08-09 15:00:00,false
1311,BILL-1311,VendBill,2021-08-05,101,1,1,Paid In Full,Granitepoint Civil Aug 2021,2021-08-11 14:00:00,false
1312,BILL-1312,VendBill,2021-08-05,112,1,1,Paid In Full,Quarrystone Paving Aug 2021,2021-08-09 08:00:00,false
1313,BILL-1313,VendBill,2021-08-06,101,1,1,Paid In Full,Granitepoint Civil Aug 2021,2021-08-12 12:00:00,false
1314,BILL-1314,VendBill,2021-08-06,101,1,1,Paid In Full,Granitepoint Civil Aug 2021,2021-08-08 04:00:00,false
1315,BILL-1315,VendBill,2021-08-06,102,1,1,Paid In Full,Northway Trenching Aug 2021,2021-08-12 07:00:00,false
1316,BILL-1316,VendBill,2021-08-06,105,2,0.738276,Paid In Full,Lakeshore Fibre Supply Aug 2021,2021-08-08 18:00:00,false
1317,BILL-1317,VendBill,2021-08-06,108,1,1,Paid In Full,Bluefin Permitting Aug 2021,2021-08-07 01:00:00,false
1318,BILL-1318,VendBill,2021-08-07,101,1,1,Paid In Full,Granitepoint Civil Aug 2021,2021-08-07 17:00:00,false
1319,BILL-1319,VendBill,2021-08-07,102,1,1,Paid In Full,Northway Trenching Aug 2021,2021-08-13 02:00:00,false
1320,BILL-1320,VendBill,2021-08-07,106,2,0.739293,Paid In Full,Maple Conduit Co Aug 2021,2021-08-10 00:00:00,false
1321,BILL-1321,VendBill,2021-08-07,112,1,1,Paid In Full,Quarrystone Paving Aug 2021,2021-08-14 15:00:00,false
1322,BILL-1322,VendBill,2021-08-08,101,1,1,Paid In Full,Granitepoint Civil Aug 2021,2021-08-13 05:00:00,false
1323,BILL-1323,VendBill,2021-08-08,103,1,1,Paid In Full,Tamber Aerial Works Aug 2021,2021-08-16 01:00:00,false
1324,BILL-1324,VendBill,2021-08-09,101,1,1,Paid In Full,Granitepoint Civil Aug 2021,2021-08-16 11:00:00,false
1325,BILL-1325,VendBill,2021-08-09,102,1,1,Paid In Full,Northway Trenching Aug 2021,2021-08-09 21:00:00,false
1326,BILL-1326,VendBill,2021-08-09,103,1,1,Paid In Full,Tamber Aerial Works Aug 2021,2021-08-09 17:00:00,false
1327,BILL-1327,VendBill,2021-08-09,107,1,1,Paid In Full,Keel Engineering Aug 2021,2021-08-13 20:00:00,false
1328,BILL-1328,VendBill,2021-08-10,105,2,0.738559,Paid In Full,Lakeshore Fibre Supply Aug 2021,2021-08-14 13:00:00,false
1329,BILL-1329,VendBill,2021-08-10,108,1,1,Paid In Full,Bluefin Permitting Aug 2021,2021-08-11 03:00:00,false
1330,BILL-1330,VendBill,2021-08-10,112,1,1,Paid In Full,Quarrystone Paving Aug 2021,2021-08-14 03:00:00,false
1331,BILL-1331,VendBill,2021-08-11,103,1,1,Paid In Full,Tamber Aerial Works Aug 2021,2021-08-16 00:00:00,false
1332,BILL-1332,VendBill,2021-08-11,107,1,1,Paid In Full,Keel Engineering Aug 2021,2021-08-13 01:00:00,false
1333,BILL-1333,VendBill,2021-08-12,102,1,1,Paid In Full,Northway Trenching Aug 2021,2021-08-17 22:00:00,false
1334,BILL-1334,VendBill,2021-08-13,104,1,1,Paid In Full,Ridgefield Splicing Aug 2021,2021-08-14 20:00:00,false
1335,BILL-1335,VendBill,2021-08-13,104,1,1,Paid In Full,Ridgefield Splicing Aug 2021,2021-08-17 11:00:00,false
1336,BILL-1336,VendBill,2021-08-14,101,1,1,Paid In Full,Granitepoint Civil Aug 2021,2021-08-15 11:00:00,false
1337,BILL-1337,VendBill,2021-08-14,102,1,1,Paid In Full,Northway Trenching Aug 2021,2021-08-21 19:00:00,false
1338,BILL-1338,VendBill,2021-08-14,103,1,1,Paid In Full,Tamber Aerial Works Aug 2021,2021-08-21 00:00:00,false
1339,BILL-1339,VendBill,2021-08-14,105,2,0.737713,Paid In Full,Lakeshore Fibre Supply Aug 2021,2021-08-15 06:00:00,false
1340,BILL-1340,VendBill,2021-08-14,112,1,1,Paid In Full,Quarrystone Paving Aug 2021,2021-08-15 03:00:00,false
1341,BILL-1341,VendBill,2021-08-15,102,1,1,Paid In Full,Northway Trenching Aug 2021,2021-08-20 15:00:00,false
1342,BILL-1342,VendBill,2021-08-15,104,1,1,Paid In Full,Ridgefield Splicing Aug 2021,2021-08-15 13:00:00,false
1343,BILL-1343,VendBill,2021-08-16,101,1,1,Paid In Full,Granitepoint Civil Aug 2021,2021-08-21 04:00:00,false
1344,BILL-1344,VendBill,2021-08-16,104,1,1,Paid In Full,Ridgefield Splicing Aug 2021,2021-08-22 03:00:00,false
1345,BILL-1345,VendBill,2021-08-17,107,1,1,Paid In Full,Keel Engineering Aug 2021,2021-08-17 14:00:00,false
1346,BILL-1346,VendBill,2021-08-19,106,2,0.741630,Paid In Full,Maple Conduit Co Aug 2021,2021-08-25 04:00:00,false
1347,BILL-1347,VendBill,2021-08-20,112,1,1,Paid In Full,Quarrystone Paving Aug 2021,2021-08-23 04:00:00,false
1348,BILL-1348,VendBill,2021-08-21,102,1,1,Paid In Full,Northway Trenching Aug 2021,2021-08-25 20:00:00,false
1349,BILL-1349,VendBill,2021-08-22,103,1,1,Paid In Full,Tamber Aerial Works Aug 2021,2021-08-28 03:00:00,false
1350,BILL-1350,VendBill,2021-08-24,104,1,1,Paid In Full,Ridgefield Splicing Aug 2021,2021-08-27 22:00:00,false
1351,BILL-1351,VendBill,2021-08-24,104,1,1,Paid In Full,Ridgefield Splicing Aug 2021,2021-08-24 07:00:00,false
1352,BILL-1352,VendBill,2021-08-25,101,1,1,Paid In Full,Granitepoint Civil Aug 2021,2021-08-27 18:00:00,false
1353,BILL-1353,VendBill,2021-08-25,102,1,1,Paid In Full,Northway Trenching Aug 2021,2021-09-01 19:00:00,false
1354,BILL-1354,VendBill,2021-08-26,102,1,1,Paid In Full,Northway Trenching Aug 2021,2021-08-26 08:00:00,false
1355,BILL-1355,VendBill,2021-08-26,102,1,1,Paid In Full,Northway Trenching Aug 2021,2021-08-26 17:00:00,false
1356,BILL-1356,VendBill,2021-08-26,108,1,1,Paid In Full,Bluefin Permitting Aug 2021,2021-09-01 23:00:00,false
1357,BILL-1357,VendBill,2021-08-26,109,1,1,Paid In Full,Oxbow Legal LLP Aug 2021,2021-08-29 20:00:00,false
1358,BILL-1358,VendBill,2021-08-26,111,1,1,Paid In Full,Harrow Staffing Aug 2021,2021-08-30 20:00:00,false
1359,BILL-1359,VendBill,2021-09-03,110,1,1,Paid In Full,Crestline Pole Services Sep 2021,2021-09-03 18:00:00,false
1360,BILL-1360,VendBill,2021-09-04,101,1,1,Paid In Full,Granitepoint Civil Sep 2021,2021-09-08 02:00:00,false
1361,BILL-1361,VendBill,2021-09-06,102,1,1,Paid In Full,Northway Trenching Sep 2021,2021-09-07 14:00:00,false
1362,BILL-1362,VendBill,2021-09-07,101,1,1,Paid In Full,Granitepoint Civil Sep 2021,2021-09-11 04:00:00,false
1363,BILL-1363,VendBill,2021-09-07,106,2,0.740888,Paid In Full,Maple Conduit Co Sep 2021,2021-09-13 14:00:00,false
1364,BILL-1364,VendBill,2021-09-07,112,1,1,Paid In Full,Quarrystone Paving Sep 2021,2021-09-09 13:00:00,false
1365,BILL-1365,VendBill,2021-09-09,108,1,1,Paid In Full,Bluefin Permitting Sep 2021,2021-09-10 15:00:00,false
1366,BILL-1366,VendBill,2021-09-10,105,2,0.740067,Paid In Full,Lakeshore Fibre Supply Sep 2021,2021-09-15 09:00:00,false
1367,BILL-1367,VendBill,2021-09-10,105,2,0.740067,Paid In Full,Lakeshore Fibre Supply Sep 2021,2021-09-12 21:00:00,false
1368,BILL-1368,VendBill,2021-09-11,103,1,1,Paid In Full,Tamber Aerial Works Sep 2021,2021-09-14 00:00:00,false
1369,BILL-1369,VendBill,2021-09-11,103,1,1,Paid In Full,Tamber Aerial Works Sep 2021,2021-09-13 22:00:00,false
1370,BILL-1370,VendBill,2021-09-13,106,2,0.741937,Paid In Full,Maple Conduit Co Sep 2021,2021-09-15 16:00:00,false
1371,BILL-1371,VendBill,2021-09-13,106,2,0.741937,Paid In Full,Maple Conduit Co Sep 2021,2021-09-15 09:00:00,false
1372,BILL-1372,VendBill,2021-09-13,107,1,1,Paid In Full,Keel Engineering Sep 2021,2021-09-15 18:00:00,false
1373,BILL-1373,VendBill,2021-09-13,109,1,1,Paid In Full,Oxbow Legal LLP Sep 2021,2021-09-18 14:00:00,false
1374,BILL-1374,VendBill,2021-09-14,101,1,1,Paid In Full,Granitepoint Civil Sep 2021,2021-09-21 23:00:00,false
1375,BILL-1375,VendBill,2021-09-14,104,1,1,Paid In Full,Ridgefield Splicing Sep 2021,2021-09-20 02:00:00,false
1376,BILL-1376,VendBill,2021-09-15,108,1,1,Paid In Full,Bluefin Permitting Sep 2021,2021-09-22 23:00:00,false
1377,BILL-1377,VendBill,2021-09-16,102,1,1,Paid In Full,Northway Trenching Sep 2021,2021-09-20 22:00:00,false
1378,BILL-1378,VendBill,2021-09-16,102,1,1,Paid In Full,Northway Trenching Sep 2021,2021-09-18 20:00:00,false
1379,BILL-1379,VendBill,2021-09-16,112,1,1,Paid In Full,Quarrystone Paving Sep 2021,2021-09-22 09:00:00,false
1380,BILL-1380,VendBill,2021-09-17,101,1,1,Paid In Full,Granitepoint Civil Sep 2021,2021-09-17 15:00:00,false
1381,BILL-1381,VendBill,2021-09-17,105,2,0.734229,Paid In Full,Lakeshore Fibre Supply Sep 2021,2021-09-19 23:00:00,false
1382,BILL-1382,VendBill,2021-09-18,101,1,1,Paid In Full,Granitepoint Civil Sep 2021,2021-09-19 05:00:00,false
1383,BILL-1383,VendBill,2021-09-18,103,1,1,Paid In Full,Tamber Aerial Works Sep 2021,2021-09-21 21:00:00,false
1384,BILL-1384,VendBill,2021-09-18,103,1,1,Paid In Full,Tamber Aerial Works Sep 2021,2021-09-20 23:00:00,false
1385,BILL-1385,VendBill,2021-09-19,101,1,1,Paid In Full,Granitepoint Civil Sep 2021,2021-09-21 02:00:00,false
1386,BILL-1386,VendBill,2021-09-19,101,1,1,Paid In Full,Granitepoint Civil Sep 2021,2021-09-24 21:00:00,false
1387,BILL-1387,VendBill,2021-09-19,104,1,1,Paid In Full,Ridgefield Splicing Sep 2021,2021-09-22 01:00:00,false
1388,BILL-1388,VendBill,2021-09-20,108,1,1,Paid In Full,Bluefin Permitting Sep 2021,2021-09-23 19:00:00,false
1389,BILL-1389,VendBill,2021-09-21,101,1,1,Paid In Full,Granitepoint Civil Sep 2021,2021-09-28 10:00:00,false
1390,BILL-1390,VendBill,2021-09-21,102,1,1,Paid In Full,Northway Trenching Sep 2021,2021-09-28 14:00:00,false
1391,BILL-1391,VendBill,2021-09-21,102,1,1,Paid In Full,Northway Trenching Sep 2021,2021-09-26 07:00:00,false
1392,BILL-1392,VendBill,2021-09-21,104,1,1,Paid In Full,Ridgefield Splicing Sep 2021,2021-09-24 00:00:00,false
1393,BILL-1393,VendBill,2021-09-22,102,1,1,Paid In Full,Northway Trenching Sep 2021,2021-09-23 10:00:00,false
1394,BILL-1394,VendBill,2021-09-22,107,1,1,Paid In Full,Keel Engineering Sep 2021,2021-09-22 04:00:00,false
1395,BILL-1395,VendBill,2021-09-22,112,1,1,Paid In Full,Quarrystone Paving Sep 2021,2021-09-23 09:00:00,false
1396,BILL-1396,VendBill,2021-09-23,101,1,1,Paid In Full,Granitepoint Civil Sep 2021,2021-09-25 04:00:00,false
1397,BILL-1397,VendBill,2021-09-23,102,1,1,Paid In Full,Northway Trenching Sep 2021,2021-09-24 03:00:00,false
1398,BILL-1398,VendBill,2021-09-23,103,1,1,Paid In Full,Tamber Aerial Works Sep 2021,2021-09-27 03:00:00,false
1399,BILL-1399,VendBill,2021-09-23,104,1,1,Paid In Full,Ridgefield Splicing Sep 2021,2021-09-27 15:00:00,false
1400,BILL-1400,VendBill,2021-09-23,104,1,1,Paid In Full,Ridgefield Splicing Sep 2021,2021-09-26 11:00:00,false
1401,BILL-1401,VendBill,2021-09-24,104,1,1,Paid In Full,Ridgefield Splicing Sep 2021,2021-09-29 10:00:00,false
1402,BILL-1402,VendBill,2021-09-24,107,1,1,Paid In Full,Keel Engineering Sep 2021,2021-10-02 05:00:00,false
1403,BILL-1403,VendBill,2021-09-24,111,1,1,Paid In Full,Harrow Staffing Sep 2021,2021-09-25 08:00:00,false
1404,BILL-1404,VendBill,2021-09-24,112,1,1,Paid In Full,Quarrystone Paving Sep 2021,2021-09-28 22:00:00,false
1405,BILL-1405,VendBill,2021-09-25,112,1,1,Paid In Full,Quarrystone Paving Sep 2021,2021-09-26 23:00:00,false
1406,BILL-1406,VendBill,2021-09-26,102,1,1,Paid In Full,Northway Trenching Sep 2021,2021-09-26 21:00:00,false
1407,BILL-1407,VendBill,2021-09-27,101,1,1,Paid In Full,Granitepoint Civil Sep 2021,2021-10-02 23:00:00,false
1408,BILL-1408,VendBill,2021-09-28,102,1,1,Paid In Full,Northway Trenching Sep 2021,2021-10-03 02:00:00,false
1409,BILL-1409,VendBill,2021-10-03,110,1,1,Paid In Full,Crestline Pole Services Oct 2021,2021-10-10 09:00:00,false
1410,BILL-1410,VendBill,2021-10-04,101,1,1,Paid In Full,Granitepoint Civil Oct 2021,2021-10-05 14:00:00,false
1411,BILL-1411,VendBill,2021-10-04,102,1,1,Paid In Full,Northway Trenching Oct 2021,2021-10-05 05:00:00,false
1412,BILL-1412,VendBill,2021-10-04,103,1,1,Paid In Full,Tamber Aerial Works Oct 2021,2021-10-05 11:00:00,false
1413,BILL-1413,VendBill,2021-10-05,101,1,1,Paid In Full,Granitepoint Civil Oct 2021,2021-10-07 20:00:00,false
1414,BILL-1414,VendBill,2021-10-06,107,1,1,Paid In Full,Keel Engineering Oct 2021,2021-10-10 22:00:00,false
1415,BILL-1415,VendBill,2021-10-07,102,1,1,Paid In Full,Northway Trenching Oct 2021,2021-10-13 07:00:00,false
1416,BILL-1416,VendBill,2021-10-09,102,1,1,Paid In Full,Northway Trenching Oct 2021,2021-10-11 17:00:00,false
1417,BILL-1417,VendBill,2021-10-09,103,1,1,Paid In Full,Tamber Aerial Works Oct 2021,2021-10-10 02:00:00,false
1418,BILL-1418,VendBill,2021-10-09,108,1,1,Paid In Full,Bluefin Permitting Oct 2021,2021-10-12 23:00:00,false
1419,BILL-1419,VendBill,2021-10-10,112,1,1,Paid In Full,Quarrystone Paving Oct 2021,2021-10-11 23:00:00,false
1420,BILL-1420,VendBill,2021-10-11,102,1,1,Paid In Full,Northway Trenching Oct 2021,2021-10-12 20:00:00,false
1421,BILL-1421,VendBill,2021-10-11,104,1,1,Paid In Full,Ridgefield Splicing Oct 2021,2021-10-18 10:00:00,false
1422,BILL-1422,VendBill,2021-10-11,107,1,1,Paid In Full,Keel Engineering Oct 2021,2021-10-11 18:00:00,false
1423,BILL-1423,VendBill,2021-10-11,108,1,1,Paid In Full,Bluefin Permitting Oct 2021,2021-10-15 11:00:00,false
1424,BILL-1424,VendBill,2021-10-12,103,1,1,Paid In Full,Tamber Aerial Works Oct 2021,2021-10-16 21:00:00,false
1425,BILL-1425,VendBill,2021-10-12,104,1,1,Paid In Full,Ridgefield Splicing Oct 2021,2021-10-12 19:00:00,false
1426,BILL-1426,VendBill,2021-10-12,107,1,1,Paid In Full,Keel Engineering Oct 2021,2021-10-16 21:00:00,false
1427,BILL-1427,VendBill,2021-10-13,102,1,1,Paid In Full,Northway Trenching Oct 2021,2021-10-19 14:00:00,false
1428,BILL-1428,VendBill,2021-10-13,105,2,0.728148,Paid In Full,Lakeshore Fibre Supply Oct 2021,2021-10-20 20:00:00,false
1429,BILL-1429,VendBill,2021-10-14,102,1,1,Paid In Full,Northway Trenching Oct 2021,2021-10-15 05:00:00,false
1430,BILL-1430,VendBill,2021-10-14,103,1,1,Paid In Full,Tamber Aerial Works Oct 2021,2021-10-17 19:00:00,false
1431,BILL-1431,VendBill,2021-10-15,101,1,1,Paid In Full,Granitepoint Civil Oct 2021,2021-10-21 03:00:00,false
1432,BILL-1432,VendBill,2021-10-15,102,1,1,Paid In Full,Northway Trenching Oct 2021,2021-10-19 12:00:00,false
1433,BILL-1433,VendBill,2021-10-15,104,1,1,Paid In Full,Ridgefield Splicing Oct 2021,2021-10-19 17:00:00,false
1434,BILL-1434,VendBill,2021-10-15,112,1,1,Paid In Full,Quarrystone Paving Oct 2021,2021-10-15 12:00:00,false
1435,BILL-1435,VendBill,2021-10-15,112,1,1,Paid In Full,Quarrystone Paving Oct 2021,2021-10-16 11:00:00,false
1436,BILL-1436,VendBill,2021-10-16,101,1,1,Paid In Full,Granitepoint Civil Oct 2021,2021-10-19 20:00:00,false
1437,BILL-1437,VendBill,2021-10-16,103,1,1,Paid In Full,Tamber Aerial Works Oct 2021,2021-10-17 14:00:00,false
1438,BILL-1438,VendBill,2021-10-16,105,2,0.728119,Paid In Full,Lakeshore Fibre Supply Oct 2021,2021-10-16 22:00:00,false
1439,BILL-1439,VendBill,2021-10-16,111,1,1,Paid In Full,Harrow Staffing Oct 2021,2021-10-16 21:00:00,false
1440,BILL-1440,VendBill,2021-10-17,101,1,1,Paid In Full,Granitepoint Civil Oct 2021,2021-10-20 18:00:00,false
1441,BILL-1441,VendBill,2021-10-17,106,2,0.727054,Paid In Full,Maple Conduit Co Oct 2021,2021-10-23 07:00:00,false
1442,BILL-1442,VendBill,2021-10-17,109,1,1,Paid In Full,Oxbow Legal LLP Oct 2021,2021-10-19 06:00:00,false
1443,BILL-1443,VendBill,2021-10-18,104,1,1,Paid In Full,Ridgefield Splicing Oct 2021,2021-10-18 03:00:00,false
1444,BILL-1444,VendBill,2021-10-18,105,2,0.725709,Paid In Full,Lakeshore Fibre Supply Oct 2021,2021-10-19 04:00:00,false
1445,BILL-1445,VendBill,2021-10-19,104,1,1,Paid In Full,Ridgefield Splicing Oct 2021,2021-10-21 16:00:00,false
1446,BILL-1446,VendBill,2021-10-20,112,1,1,Paid In Full,Quarrystone Paving Oct 2021,2021-10-27 22:00:00,false
1447,BILL-1447,VendBill,2021-10-21,101,1,1,Paid In Full,Granitepoint Civil Oct 2021,2021-10-22 21:00:00,false
1448,BILL-1448,VendBill,2021-10-21,106,2,0.722005,Paid In Full,Maple Conduit Co Oct 2021,2021-10-23 15:00:00,false
1449,BILL-1449,VendBill,2021-10-21,106,2,0.722005,Paid In Full,Maple Conduit Co Oct 2021,2021-10-25 10:00:00,false
1450,BILL-1450,VendBill,2021-10-22,108,1,1,Paid In Full,Bluefin Permitting Oct 2021,2021-10-28 19:00:00,false
1451,BILL-1451,VendBill,2021-10-22,112,1,1,Paid In Full,Quarrystone Paving Oct 2021,2021-10-22 22:00:00,false
1452,BILL-1452,VendBill,2021-10-24,101,1,1,Paid In Full,Granitepoint Civil Oct 2021,2021-10-28 01:00:00,false
1453,BILL-1453,VendBill,2021-10-25,102,1,1,Paid In Full,Northway Trenching Oct 2021,2021-10-26 19:00:00,false
1454,BILL-1454,VendBill,2021-10-26,101,1,1,Paid In Full,Granitepoint Civil Oct 2021,2021-10-26 09:00:00,false
1455,BILL-1455,VendBill,2021-10-26,101,1,1,Paid In Full,Granitepoint Civil Oct 2021,2021-10-26 02:00:00,false
1456,BILL-1456,VendBill,2021-10-26,102,1,1,Paid In Full,Northway Trenching Oct 2021,2021-11-02 21:00:00,false
1457,BILL-1457,VendBill,2021-10-26,102,1,1,Paid In Full,Northway Trenching Oct 2021,2021-10-30 05:00:00,false
1458,BILL-1458,VendBill,2021-10-26,104,1,1,Paid In Full,Ridgefield Splicing Oct 2021,2021-10-26 03:00:00,false
1459,BILL-1459,VendBill,2021-10-27,101,1,1,Paid In Full,Granitepoint Civil Oct 2021,2021-10-31 10:00:00,false
1460,BILL-1460,VendBill,2021-11-03,110,1,1,Paid In Full,Crestline Pole Services Nov 2021,2021-11-09 19:00:00,false
1461,BILL-1461,VendBill,2021-11-04,103,1,1,Paid In Full,Tamber Aerial Works Nov 2021,2021-11-09 16:00:00,false
1462,BILL-1462,VendBill,2021-11-05,102,1,1,Paid In Full,Northway Trenching Nov 2021,2021-11-13 02:00:00,false
1463,BILL-1463,VendBill,2021-11-06,103,1,1,Paid In Full,Tamber Aerial Works Nov 2021,2021-11-07 04:00:00,false
1464,BILL-1464,VendBill,2021-11-07,101,1,1,Paid In Full,Granitepoint Civil Nov 2021,2021-11-07 22:00:00,false
1465,BILL-1465,VendBill,2021-11-07,101,1,1,Paid In Full,Granitepoint Civil Nov 2021,2021-11-13 19:00:00,false
1466,BILL-1466,VendBill,2021-11-07,112,1,1,Paid In Full,Quarrystone Paving Nov 2021,2021-11-10 00:00:00,false
1467,BILL-1467,VendBill,2021-11-08,107,1,1,Paid In Full,Keel Engineering Nov 2021,2021-11-10 16:00:00,false
1468,BILL-1468,VendBill,2021-11-08,112,1,1,Paid In Full,Quarrystone Paving Nov 2021,2021-11-13 06:00:00,false
1469,BILL-1469,VendBill,2021-11-10,101,1,1,Paid In Full,Granitepoint Civil Nov 2021,2021-11-17 11:00:00,false
1470,BILL-1470,VendBill,2021-11-11,104,1,1,Paid In Full,Ridgefield Splicing Nov 2021,2021-11-11 04:00:00,false
1471,BILL-1471,VendBill,2021-11-12,102,1,1,Paid In Full,Northway Trenching Nov 2021,2021-11-19 13:00:00,false
1472,BILL-1472,VendBill,2021-11-13,102,1,1,Paid In Full,Northway Trenching Nov 2021,2021-11-20 03:00:00,false
1473,BILL-1473,VendBill,2021-11-13,104,1,1,Paid In Full,Ridgefield Splicing Nov 2021,2021-11-18 03:00:00,false
1474,BILL-1474,VendBill,2021-11-13,107,1,1,Paid In Full,Keel Engineering Nov 2021,2021-11-21 05:00:00,false
1475,BILL-1475,VendBill,2021-11-13,112,1,1,Paid In Full,Quarrystone Paving Nov 2021,2021-11-20 19:00:00,false
1476,BILL-1476,VendBill,2021-11-14,102,1,1,Paid In Full,Northway Trenching Nov 2021,2021-11-19 23:00:00,false
1477,BILL-1477,VendBill,2021-11-14,102,1,1,Paid In Full,Northway Trenching Nov 2021,2021-11-17 14:00:00,false
1478,BILL-1478,VendBill,2021-11-14,105,2,0.712396,Paid In Full,Lakeshore Fibre Supply Nov 2021,2021-11-21 22:00:00,false
1479,BILL-1479,VendBill,2021-11-14,108,1,1,Paid In Full,Bluefin Permitting Nov 2021,2021-11-20 13:00:00,false
1480,BILL-1480,VendBill,2021-11-15,106,2,0.712387,Paid In Full,Maple Conduit Co Nov 2021,2021-11-16 16:00:00,false
1481,BILL-1481,VendBill,2021-11-16,101,1,1,Paid In Full,Granitepoint Civil Nov 2021,2021-11-23 07:00:00,false
1482,BILL-1482,VendBill,2021-11-16,102,1,1,Paid In Full,Northway Trenching Nov 2021,2021-11-23 21:00:00,false
1483,BILL-1483,VendBill,2021-11-16,107,1,1,Paid In Full,Keel Engineering Nov 2021,2021-11-20 00:00:00,false
1484,BILL-1484,VendBill,2021-11-17,101,1,1,Paid In Full,Granitepoint Civil Nov 2021,2021-11-20 15:00:00,false
1485,BILL-1485,VendBill,2021-11-17,104,1,1,Paid In Full,Ridgefield Splicing Nov 2021,2021-11-19 00:00:00,false
1486,BILL-1486,VendBill,2021-11-17,106,2,0.711104,Paid In Full,Maple Conduit Co Nov 2021,2021-11-20 00:00:00,false
1487,BILL-1487,VendBill,2021-11-18,103,1,1,Paid In Full,Tamber Aerial Works Nov 2021,2021-11-22 23:00:00,false
1488,BILL-1488,VendBill,2021-11-18,106,2,0.710000,Paid In Full,Maple Conduit Co Nov 2021,2021-11-22 23:00:00,false
1489,BILL-1489,VendBill,2021-11-18,112,1,1,Paid In Full,Quarrystone Paving Nov 2021,2021-11-22 16:00:00,false
1490,BILL-1490,VendBill,2021-11-19,101,1,1,Paid In Full,Granitepoint Civil Nov 2021,2021-11-22 12:00:00,false
1491,BILL-1491,VendBill,2021-11-19,102,1,1,Paid In Full,Northway Trenching Nov 2021,2021-11-22 18:00:00,false
1492,BILL-1492,VendBill,2021-11-19,104,1,1,Paid In Full,Ridgefield Splicing Nov 2021,2021-11-25 10:00:00,false
1493,BILL-1493,VendBill,2021-11-20,103,1,1,Paid In Full,Tamber Aerial Works Nov 2021,2021-11-24 03:00:00,false
1494,BILL-1494,VendBill,2021-11-20,108,1,1,Paid In Full,Bluefin Permitting Nov 2021,2021-11-24 21:00:00,false
1495,BILL-1495,VendBill,2021-11-20,109,1,1,Paid In Full,Oxbow Legal LLP Nov 2021,2021-11-27 22:00:00,false
1496,BILL-1496,VendBill,2021-11-21,105,2,0.716426,Paid In Full,Lakeshore Fibre Supply Nov 2021,2021-11-26 15:00:00,false
1497,BILL-1497,VendBill,2021-11-21,105,2,0.716426,Paid In Full,Lakeshore Fibre Supply Nov 2021,2021-11-25 00:00:00,false
1498,BILL-1498,VendBill,2021-11-21,108,1,1,Paid In Full,Bluefin Permitting Nov 2021,2021-11-23 20:00:00,false
1499,BILL-1499,VendBill,2021-11-23,101,1,1,Paid In Full,Granitepoint Civil Nov 2021,2021-11-28 06:00:00,false
1500,BILL-1500,VendBill,2021-11-24,111,1,1,Paid In Full,Harrow Staffing Nov 2021,2021-11-29 01:00:00,false
1501,BILL-1501,VendBill,2021-11-26,101,1,1,Paid In Full,Granitepoint Civil Nov 2021,2021-11-28 07:00:00,false
1502,BILL-1502,VendBill,2021-11-26,102,1,1,Paid In Full,Northway Trenching Nov 2021,2021-11-27 10:00:00,false
1503,BILL-1503,VendBill,2021-11-26,103,1,1,Paid In Full,Tamber Aerial Works Nov 2021,2021-11-27 10:00:00,false
1504,BILL-1504,VendBill,2021-11-27,101,1,1,Paid In Full,Granitepoint Civil Nov 2021,2021-12-03 02:00:00,false
1505,BILL-1505,VendBill,2021-11-27,101,1,1,Paid In Full,Granitepoint Civil Nov 2021,2021-11-27 08:00:00,false
1506,BILL-1506,VendBill,2021-11-27,102,1,1,Paid In Full,Northway Trenching Nov 2021,2021-12-04 07:00:00,false
1507,BILL-1507,VendBill,2021-11-27,102,1,1,Paid In Full,Northway Trenching Nov 2021,2021-11-29 10:00:00,false
1508,BILL-1508,VendBill,2021-11-27,104,1,1,Paid In Full,Ridgefield Splicing Nov 2021,2021-11-29 10:00:00,false
1509,BILL-1509,VendBill,2021-11-28,104,1,1,Paid In Full,Ridgefield Splicing Nov 2021,2021-12-04 07:00:00,false
1510,BILL-1510,VendBill,2021-11-28,112,1,1,Paid In Full,Quarrystone Paving Nov 2021,2021-12-02 01:00:00,false
1511,BILL-1511,VendBill,2021-12-03,106,2,0.719989,Paid In Full,Maple Conduit Co Dec 2021,2021-12-08 18:00:00,false
1512,BILL-1512,VendBill,2021-12-03,110,1,1,Paid In Full,Crestline Pole Services Dec 2021,2021-12-10 17:00:00,false
1513,BILL-1513,VendBill,2021-12-04,101,1,1,Paid In Full,Granitepoint Civil Dec 2021,2021-12-07 18:00:00,false
1514,BILL-1514,VendBill,2021-12-04,105,2,0.722422,Paid In Full,Lakeshore Fibre Supply Dec 2021,2021-12-06 01:00:00,false
1515,BILL-1515,VendBill,2021-12-04,106,2,0.722422,Paid In Full,Maple Conduit Co Dec 2021,2021-12-04 09:00:00,false
1516,BILL-1516,VendBill,2021-12-05,103,1,1,Paid In Full,Tamber Aerial Works Dec 2021,2021-12-10 19:00:00,false
1517,BILL-1517,VendBill,2021-12-07,102,1,1,Paid In Full,Northway Trenching Dec 2021,2021-12-11 05:00:00,false
1518,BILL-1518,VendBill,2021-12-07,107,1,1,Paid In Full,Keel Engineering Dec 2021,2021-12-11 19:00:00,false
1519,BILL-1519,VendBill,2021-12-08,102,1,1,Paid In Full,Northway Trenching Dec 2021,2021-12-13 12:00:00,false
1520,BILL-1520,VendBill,2021-12-09,102,1,1,Paid In Full,Northway Trenching Dec 2021,2021-12-10 13:00:00,false
1521,BILL-1521,VendBill,2021-12-09,109,1,1,Paid In Full,Oxbow Legal LLP Dec 2021,2021-12-09 17:00:00,false
1522,BILL-1522,VendBill,2021-12-10,102,1,1,Paid In Full,Northway Trenching Dec 2021,2021-12-16 14:00:00,false
1523,BILL-1523,VendBill,2021-12-10,107,1,1,Paid In Full,Keel Engineering Dec 2021,2021-12-13 11:00:00,false
1524,BILL-1524,VendBill,2021-12-10,108,1,1,Paid In Full,Bluefin Permitting Dec 2021,2021-12-16 10:00:00,false
1525,BILL-1525,VendBill,2021-12-11,101,1,1,Paid In Full,Granitepoint Civil Dec 2021,2021-12-13 21:00:00,false
1526,BILL-1526,VendBill,2021-12-11,102,1,1,Paid In Full,Northway Trenching Dec 2021,2021-12-16 21:00:00,false
1527,BILL-1527,VendBill,2021-12-11,103,1,1,Paid In Full,Tamber Aerial Works Dec 2021,2021-12-12 10:00:00,false
1528,BILL-1528,VendBill,2021-12-11,106,2,0.722625,Paid In Full,Maple Conduit Co Dec 2021,2021-12-11 05:00:00,false
1529,BILL-1529,VendBill,2021-12-14,105,2,0.721651,Paid In Full,Lakeshore Fibre Supply Dec 2021,2021-12-18 05:00:00,false
1530,BILL-1530,VendBill,2021-12-15,101,1,1,Paid In Full,Granitepoint Civil Dec 2021,2021-12-16 11:00:00,false
1531,BILL-1531,VendBill,2021-12-15,102,1,1,Paid In Full,Northway Trenching Dec 2021,2021-12-19 20:00:00,false
1532,BILL-1532,VendBill,2021-12-15,102,1,1,Paid In Full,Northway Trenching Dec 2021,2021-12-20 01:00:00,false
1533,BILL-1533,VendBill,2021-12-16,105,2,0.723206,Paid In Full,Lakeshore Fibre Supply Dec 2021,2021-12-19 16:00:00,false
1534,BILL-1534,VendBill,2021-12-17,101,1,1,Paid In Full,Granitepoint Civil Dec 2021,2021-12-21 16:00:00,false
1535,BILL-1535,VendBill,2021-12-17,104,1,1,Paid In Full,Ridgefield Splicing Dec 2021,2021-12-20 22:00:00,false
1536,BILL-1536,VendBill,2021-12-19,101,1,1,Paid In Full,Granitepoint Civil Dec 2021,2021-12-21 19:00:00,false
1537,BILL-1537,VendBill,2021-12-19,101,1,1,Paid In Full,Granitepoint Civil Dec 2021,2021-12-21 13:00:00,false
1538,BILL-1538,VendBill,2021-12-21,104,1,1,Paid In Full,Ridgefield Splicing Dec 2021,2021-12-23 13:00:00,false
1539,BILL-1539,VendBill,2021-12-21,108,1,1,Paid In Full,Bluefin Permitting Dec 2021,2021-12-23 10:00:00,false
1540,BILL-1540,VendBill,2021-12-22,103,1,1,Paid In Full,Tamber Aerial Works Dec 2021,2021-12-25 19:00:00,false
1541,BILL-1541,VendBill,2021-12-22,104,1,1,Paid In Full,Ridgefield Splicing Dec 2021,2021-12-28 02:00:00,false
1542,BILL-1542,VendBill,2021-12-23,101,1,1,Paid In Full,Granitepoint Civil Dec 2021,2021-12-23 03:00:00,false
1543,BILL-1543,VendBill,2021-12-23,102,1,1,Paid In Full,Northway Trenching Dec 2021,2021-12-26 14:00:00,false
1544,BILL-1544,VendBill,2021-12-23,104,1,1,Paid In Full,Ridgefield Splicing Dec 2021,2021-12-25 17:00:00,false
1545,BILL-1545,VendBill,2021-12-23,111,1,1,Paid In Full,Harrow Staffing Dec 2021,2021-12-26 21:00:00,false
1546,BILL-1546,VendBill,2021-12-23,112,1,1,Paid In Full,Quarrystone Paving Dec 2021,2021-12-30 22:00:00,false
1547,BILL-1547,VendBill,2021-12-24,102,1,1,Paid In Full,Northway Trenching Dec 2021,2021-12-29 10:00:00,false
1548,BILL-1548,VendBill,2021-12-24,107,1,1,Paid In Full,Keel Engineering Dec 2021,2022-01-01 06:00:00,false
1549,BILL-1549,VendBill,2021-12-25,101,1,1,Paid In Full,Granitepoint Civil Dec 2021,2021-12-29 11:00:00,false
1550,BILL-1550,VendBill,2021-12-25,101,1,1,Paid In Full,Granitepoint Civil Dec 2021,2021-12-27 11:00:00,false
1551,BILL-1551,VendBill,2021-12-25,108,1,1,Paid In Full,Bluefin Permitting Dec 2021,2021-12-28 04:00:00,false
1552,BILL-1552,VendBill,2021-12-26,112,1,1,Paid In Full,Quarrystone Paving Dec 2021,2021-12-27 15:00:00,false
1553,BILL-1553,VendBill,2021-12-26,112,1,1,Paid In Full,Quarrystone Paving Dec 2021,2021-12-26 23:00:00,false
1554,BILL-1554,VendBill,2021-12-27,102,1,1,Paid In Full,Northway Trenching Dec 2021,2021-12-29 06:00:00,false
1555,BILL-1555,VendBill,2021-12-27,103,1,1,Paid In Full,Tamber Aerial Works Dec 2021,2022-01-02 07:00:00,false
1556,BILL-1556,VendBill,2021-12-27,103,1,1,Paid In Full,Tamber Aerial Works Dec 2021,2022-01-02 23:00:00,false
1557,BILL-1557,VendBill,2021-12-27,104,1,1,Paid In Full,Ridgefield Splicing Dec 2021,2022-01-03 11:00:00,false
1558,BILL-1558,VendBill,2021-12-28,101,1,1,Paid In Full,Granitepoint Civil Dec 2021,2021-12-29 05:00:00,false
1559,BILL-1559,VendBill,2021-12-28,104,1,1,Paid In Full,Ridgefield Splicing Dec 2021,2021-12-31 13:00:00,false
1560,BILL-1560,VendBill,2021-12-28,112,1,1,Paid In Full,Quarrystone Paving Dec 2021,2021-12-31 10:00:00,false
1561,BILL-1561,VendBill,2021-12-28,112,1,1,Paid In Full,Quarrystone Paving Dec 2021,2021-12-28 04:00:00,false
1562,BILL-1562,VendBill,2022-01-03,110,1,1,Paid In Full,Crestline Pole Services Jan 2022,2022-01-10 12:00:00,false
1563,BILL-1563,VendBill,2022-01-04,101,1,1,Paid In Full,Granitepoint Civil Jan 2022,2022-01-11 20:00:00,false
1564,BILL-1564,VendBill,2022-01-04,103,1,1,Paid In Full,Tamber Aerial Works Jan 2022,2022-01-07 11:00:00,false
1565,BILL-1565,VendBill,2022-01-05,101,1,1,Paid In Full,Granitepoint Civil Jan 2022,2022-01-11 07:00:00,false
1566,BILL-1566,VendBill,2022-01-05,101,1,1,Paid In Full,Granitepoint Civil Jan 2022,2022-01-10 13:00:00,false
1567,BILL-1567,VendBill,2022-01-05,102,1,1,Paid In Full,Northway Trenching Jan 2022,2022-01-09 15:00:00,false
1568,BILL-1568,VendBill,2022-01-06,102,1,1,Paid In Full,Northway Trenching Jan 2022,2022-01-07 02:00:00,false
1569,BILL-1569,VendBill,2022-01-06,106,2,0.710000,Paid In Full,Maple Conduit Co Jan 2022,2022-01-09 21:00:00,false
1570,BILL-1570,VendBill,2022-01-06,108,1,1,Paid In Full,Bluefin Permitting Jan 2022,2022-01-10 22:00:00,false
1571,BILL-1571,VendBill,2022-01-06,112,1,1,Paid In Full,Quarrystone Paving Jan 2022,2022-01-13 14:00:00,false
1572,BILL-1572,VendBill,2022-01-07,105,2,0.711427,Paid In Full,Lakeshore Fibre Supply Jan 2022,2022-01-07 04:00:00,false
1573,BILL-1573,VendBill,2022-01-07,107,1,1,Paid In Full,Keel Engineering Jan 2022,2022-01-14 16:00:00,false
1574,BILL-1574,VendBill,2022-01-09,102,1,1,Paid In Full,Northway Trenching Jan 2022,2022-01-17 05:00:00,false
1575,BILL-1575,VendBill,2022-01-10,101,1,1,Paid In Full,Granitepoint Civil Jan 2022,2022-01-11 04:00:00,false
1576,BILL-1576,VendBill,2022-01-10,106,2,0.714975,Paid In Full,Maple Conduit Co Jan 2022,2022-01-13 05:00:00,false
1577,BILL-1577,VendBill,2022-01-11,103,1,1,Paid In Full,Tamber Aerial Works Jan 2022,2022-01-11 22:00:00,false
1578,BILL-1578,VendBill,2022-01-12,102,1,1,Paid In Full,Northway Trenching Jan 2022,2022-01-12 02:00:00,false
1579,BILL-1579,VendBill,2022-01-12,102,1,1,Paid In Full,Northway Trenching Jan 2022,2022-01-17 13:00:00,false
1580,BILL-1580,VendBill,2022-01-12,109,1,1,Paid In Full,Oxbow Legal LLP Jan 2022,2022-01-12 08:00:00,false
1581,BILL-1581,VendBill,2022-01-13,101,1,1,Paid In Full,Granitepoint Civil Jan 2022,2022-01-15 15:00:00,false
1582,BILL-1582,VendBill,2022-01-13,101,1,1,Paid In Full,Granitepoint Civil Jan 2022,2022-01-20 19:00:00,false
1583,BILL-1583,VendBill,2022-01-14,112,1,1,Paid In Full,Quarrystone Paving Jan 2022,2022-01-17 19:00:00,false
1584,BILL-1584,VendBill,2022-01-15,105,2,0.724212,Paid In Full,Lakeshore Fibre Supply Jan 2022,2022-01-19 20:00:00,false
1585,BILL-1585,VendBill,2022-01-16,103,1,1,Paid In Full,Tamber Aerial Works Jan 2022,2022-01-21 10:00:00,false
1586,BILL-1586,VendBill,2022-01-16,112,1,1,Paid In Full,Quarrystone Paving Jan 2022,2022-01-18 21:00:00,false
1587,BILL-1587,VendBill,2022-01-17,104,1,1,Paid In Full,Ridgefield Splicing Jan 2022,2022-01-24 05:00:00,false
1588,BILL-1588,VendBill,2022-01-17,104,1,1,Paid In Full,Ridgefield Splicing Jan 2022,2022-01-19 12:00:00,false
1589,BILL-1589,VendBill,2022-01-17,107,1,1,Paid In Full,Keel Engineering Jan 2022,2022-01-17 02:00:00,false
1590,BILL-1590,VendBill,2022-01-18,103,1,1,Paid In Full,Tamber Aerial Works Jan 2022,2022-01-26 01:00:00,false
1591,BILL-1591,VendBill,2022-01-18,104,1,1,Paid In Full,Ridgefield Splicing Jan 2022,2022-01-24 03:00:00,false
1592,BILL-1592,VendBill,2022-01-18,108,1,1,Paid In Full,Bluefin Permitting Jan 2022,2022-01-23 16:00:00,false
1593,BILL-1593,VendBill,2022-01-18,112,1,1,Paid In Full,Quarrystone Paving Jan 2022,2022-01-18 06:00:00,false
1594,BILL-1594,VendBill,2022-01-19,105,2,0.721916,Paid In Full,Lakeshore Fibre Supply Jan 2022,2022-01-25 14:00:00,false
1595,BILL-1595,VendBill,2022-01-19,106,2,0.721916,Paid In Full,Maple Conduit Co Jan 2022,2022-01-26 06:00:00,false
1596,BILL-1596,VendBill,2022-01-19,111,1,1,Paid In Full,Harrow Staffing Jan 2022,2022-01-24 05:00:00,false
1597,BILL-1597,VendBill,2022-01-19,112,1,1,Paid In Full,Quarrystone Paving Jan 2022,2022-01-25 15:00:00,false
1598,BILL-1598,VendBill,2022-01-20,102,1,1,Paid In Full,Northway Trenching Jan 2022,2022-01-24 21:00:00,false
1599,BILL-1599,VendBill,2022-01-21,101,1,1,Paid In Full,Granitepoint Civil Jan 2022,2022-01-28 10:00:00,false
1600,BILL-1600,VendBill,2022-01-21,102,1,1,Paid In Full,Northway Trenching Jan 2022,2022-01-23 13:00:00,false
1601,BILL-1601,VendBill,2022-01-21,102,1,1,Paid In Full,Northway Trenching Jan 2022,2022-01-22 02:00:00,false
1602,BILL-1602,VendBill,2022-01-21,107,1,1,Paid In Full,Keel Engineering Jan 2022,2022-01-25 00:00:00,false
1603,BILL-1603,VendBill,2022-01-23,101,1,1,Paid In Full,Granitepoint Civil Jan 2022,2022-01-24 01:00:00,false
1604,BILL-1604,VendBill,2022-01-24,108,1,1,Paid In Full,Bluefin Permitting Jan 2022,2022-01-27 01:00:00,false
1605,BILL-1605,VendBill,2022-01-25,101,1,1,Paid In Full,Granitepoint Civil Jan 2022,2022-02-01 21:00:00,false
1606,BILL-1606,VendBill,2022-01-26,102,1,1,Paid In Full,Northway Trenching Jan 2022,2022-01-29 20:00:00,false
1607,BILL-1607,VendBill,2022-01-26,104,1,1,Paid In Full,Ridgefield Splicing Jan 2022,2022-01-27 09:00:00,false
1608,BILL-1608,VendBill,2022-01-27,102,1,1,Paid In Full,Northway Trenching Jan 2022,2022-01-28 12:00:00,false
1609,BILL-1609,VendBill,2022-01-27,104,1,1,Paid In Full,Ridgefield Splicing Jan 2022,2022-01-30 11:00:00,false
1610,BILL-1610,VendBill,2022-01-27,104,1,1,Paid In Full,Ridgefield Splicing Jan 2022,2022-01-29 08:00:00,false
1611,BILL-1611,VendBill,2022-01-28,101,1,1,Paid In Full,Granitepoint Civil Jan 2022,2022-01-29 14:00:00,false
1612,BILL-1612,VendBill,2022-01-28,103,1,1,Paid In Full,Tamber Aerial Works Jan 2022,2022-01-29 13:00:00,false
1613,BILL-1613,VendBill,2022-02-03,110,1,1,Paid In Full,Crestline Pole Services Feb 2022,2022-02-09 05:00:00,false
1614,BILL-1614,VendBill,2022-02-04,102,1,1,Paid In Full,Northway Trenching Feb 2022,2022-02-11 03:00:00,false
1615,BILL-1615,VendBill,2022-02-05,112,1,1,Paid In Full,Quarrystone Paving Feb 2022,2022-02-09 12:00:00,false
1616,BILL-1616,VendBill,2022-02-06,101,1,1,Paid In Full,Granitepoint Civil Feb 2022,2022-02-10 10:00:00,false
1617,BILL-1617,VendBill,2022-02-06,102,1,1,Paid In Full,Northway Trenching Feb 2022,2022-02-12 10:00:00,false
1618,BILL-1618,VendBill,2022-02-06,106,2,0.713448,Paid In Full,Maple Conduit Co Feb 2022,2022-02-08 17:00:00,false
1619,BILL-1619,VendBill,2022-02-06,107,1,1,Paid In Full,Keel Engineering Feb 2022,2022-02-13 08:00:00,false
1620,BILL-1620,VendBill,2022-02-07,105,2,0.715158,Paid In Full,Lakeshore Fibre Supply Feb 2022,2022-02-14 01:00:00,false
1621,BILL-1621,VendBill,2022-02-07,109,1,1,Paid In Full,Oxbow Legal LLP Feb 2022,2022-02-13 05:00:00,false
1622,BILL-1622,VendBill,2022-02-08,106,2,0.715006,Paid In Full,Maple Conduit Co Feb 2022,2022-02-15 22:00:00,false
1623,BILL-1623,VendBill,2022-02-08,107,1,1,Paid In Full,Keel Engineering Feb 2022,2022-02-15 20:00:00,false
1624,BILL-1624,VendBill,2022-02-10,101,1,1,Paid In Full,Granitepoint Civil Feb 2022,2022-02-12 06:00:00,false
1625,BILL-1625,VendBill,2022-02-10,102,1,1,Paid In Full,Northway Trenching Feb 2022,2022-02-16 02:00:00,false
1626,BILL-1626,VendBill,2022-02-10,105,2,0.720566,Paid In Full,Lakeshore Fibre Supply Feb 2022,2022-02-12 20:00:00,false
1627,BILL-1627,VendBill,2022-02-10,112,1,1,Paid In Full,Quarrystone Paving Feb 2022,2022-02-13 08:00:00,false
1628,BILL-1628,VendBill,2022-02-11,112,1,1,Paid In Full,Quarrystone Paving Feb 2022,2022-02-11 21:00:00,false
1629,BILL-1629,VendBill,2022-02-12,102,1,1,Paid In Full,Northway Trenching Feb 2022,2022-02-13 15:00:00,false
1630,BILL-1630,VendBill,2022-02-12,103,1,1,Paid In Full,Tamber Aerial Works Feb 2022,2022-02-12 02:00:00,false
1631,BILL-1631,VendBill,2022-02-12,104,1,1,Paid In Full,Ridgefield Splicing Feb 2022,2022-02-15 14:00:00,false
1632,BILL-1632,VendBill,2022-02-14,101,1,1,Paid In Full,Granitepoint Civil Feb 2022,2022-02-20 05:00:00,false
1633,BILL-1633,VendBill,2022-02-14,102,1,1,Paid In Full,Northway Trenching Feb 2022,2022-02-20 16:00:00,false
1634,BILL-1634,VendBill,2022-02-15,104,1,1,Paid In Full,Ridgefield Splicing Feb 2022,2022-02-17 21:00:00,false
1635,BILL-1635,VendBill,2022-02-15,112,1,1,Paid In Full,Quarrystone Paving Feb 2022,2022-02-15 01:00:00,false
1636,BILL-1636,VendBill,2022-02-16,101,1,1,Paid In Full,Granitepoint Civil Feb 2022,2022-02-20 09:00:00,false
1637,BILL-1637,VendBill,2022-02-16,103,1,1,Paid In Full,Tamber Aerial Works Feb 2022,2022-02-16 05:00:00,false
1638,BILL-1638,VendBill,2022-02-16,107,1,1,Paid In Full,Keel Engineering Feb 2022,2022-02-22 22:00:00,false
1639,BILL-1639,VendBill,2022-02-17,105,2,0.714618,Paid In Full,Lakeshore Fibre Supply Feb 2022,2022-02-24 02:00:00,false
1640,BILL-1640,VendBill,2022-02-17,106,2,0.714618,Paid In Full,Maple Conduit Co Feb 2022,2022-02-22 20:00:00,false
1641,BILL-1641,VendBill,2022-02-17,108,1,1,Paid In Full,Bluefin Permitting Feb 2022,2022-02-24 12:00:00,false
1642,BILL-1642,VendBill,2022-02-18,101,1,1,Paid In Full,Granitepoint Civil Feb 2022,2022-02-18 10:00:00,false
1643,BILL-1643,VendBill,2022-02-19,104,1,1,Paid In Full,Ridgefield Splicing Feb 2022,2022-02-24 05:00:00,false
1644,BILL-1644,VendBill,2022-02-19,108,1,1,Paid In Full,Bluefin Permitting Feb 2022,2022-02-23 02:00:00,false
1645,BILL-1645,VendBill,2022-02-20,104,1,1,Paid In Full,Ridgefield Splicing Feb 2022,2022-02-26 23:00:00,false
1646,BILL-1646,VendBill,2022-02-20,108,1,1,Paid In Full,Bluefin Permitting Feb 2022,2022-02-20 02:00:00,false
1647,BILL-1647,VendBill,2022-02-21,102,1,1,Paid In Full,Northway Trenching Feb 2022,2022-02-23 22:00:00,false
1648,BILL-1648,VendBill,2022-02-22,101,1,1,Paid In Full,Granitepoint Civil Feb 2022,2022-03-01 14:00:00,false
1649,BILL-1649,VendBill,2022-02-23,101,1,1,Paid In Full,Granitepoint Civil Feb 2022,2022-02-24 16:00:00,false
1650,BILL-1650,VendBill,2022-02-23,101,1,1,Paid In Full,Granitepoint Civil Feb 2022,2022-03-01 06:00:00,false
1651,BILL-1651,VendBill,2022-02-23,102,1,1,Paid In Full,Northway Trenching Feb 2022,2022-02-26 05:00:00,false
1652,BILL-1652,VendBill,2022-02-24,101,1,1,Paid In Full,Granitepoint Civil Feb 2022,2022-02-28 22:00:00,false
1653,BILL-1653,VendBill,2022-02-24,104,1,1,Paid In Full,Ridgefield Splicing Feb 2022,2022-02-25 12:00:00,false
1654,BILL-1654,VendBill,2022-02-25,101,1,1,Paid In Full,Granitepoint Civil Feb 2022,2022-03-02 12:00:00,false
1655,BILL-1655,VendBill,2022-02-25,102,1,1,Paid In Full,Northway Trenching Feb 2022,2022-03-04 02:00:00,false
1656,BILL-1656,VendBill,2022-02-25,103,1,1,Paid In Full,Tamber Aerial Works Feb 2022,2022-02-28 03:00:00,false
1657,BILL-1657,VendBill,2022-02-25,104,1,1,Paid In Full,Ridgefield Splicing Feb 2022,2022-03-01 15:00:00,false
1658,BILL-1658,VendBill,2022-02-25,111,1,1,Paid In Full,Harrow Staffing Feb 2022,2022-03-03 03:00:00,false
1659,BILL-1659,VendBill,2022-02-26,102,1,1,Paid In Full,Northway Trenching Feb 2022,2022-02-28 17:00:00,false
1660,BILL-1660,VendBill,2022-02-26,103,1,1,Paid In Full,Tamber Aerial Works Feb 2022,2022-03-05 08:00:00,false
1661,BILL-1661,VendBill,2022-02-26,103,1,1,Paid In Full,Tamber Aerial Works Feb 2022,2022-02-27 22:00:00,false
1662,BILL-1662,VendBill,2022-02-26,112,1,1,Paid In Full,Quarrystone Paving Feb 2022,2022-02-27 20:00:00,false
1663,BILL-1663,VendBill,2022-02-28,102,1,1,Paid In Full,Northway Trenching Feb 2022,2022-03-07 19:00:00,false
1664,BILL-1664,VendBill,2022-03-02,106,2,0.721232,Paid In Full,Maple Conduit Co Mar 2022,2022-03-03 14:00:00,false
1665,BILL-1665,VendBill,2022-03-03,110,1,1,Paid In Full,Crestline Pole Services Mar 2022,2022-03-09 03:00:00,false
1666,BILL-1666,VendBill,2022-03-04,102,1,1,Paid In Full,Northway Trenching Mar 2022,2022-03-12 00:00:00,false
1667,BILL-1667,VendBill,2022-03-05,101,1,1,Paid In Full,Granitepoint Civil Mar 2022,2022-03-06 08:00:00,false
1668,BILL-1668,VendBill,2022-03-05,102,1,1,Paid In Full,Northway Trenching Mar 2022,2022-03-07 08:00:00,false
1669,BILL-1669,VendBill,2022-03-07,102,1,1,Paid In Full,Northway Trenching Mar 2022,2022-03-12 02:00:00,false
1670,BILL-1670,VendBill,2022-03-07,102,1,1,Paid In Full,Northway Trenching Mar 2022,2022-03-14 13:00:00,false
1671,BILL-1671,VendBill,2022-03-07,105,2,0.716241,Paid In Full,Lakeshore Fibre Supply Mar 2022,2022-03-11 16:00:00,false
1672,BILL-1672,VendBill,2022-03-07,105,2,0.716241,Paid In Full,Lakeshore Fibre Supply Mar 2022,2022-03-12 15:00:00,false
1673,BILL-1673,VendBill,2022-03-08,103,1,1,Paid In Full,Tamber Aerial Works Mar 2022,2022-03-12 20:00:00,false
1674,BILL-1674,VendBill,2022-03-08,107,1,1,Paid In Full,Keel Engineering Mar 2022,2022-03-15 04:00:00,false
1675,BILL-1675,VendBill,2022-03-08,108,1,1,Paid In Full,Bluefin Permitting Mar 2022,2022-03-11 02:00:00,false
1676,BILL-1676,VendBill,2022-03-08,112,1,1,Paid In Full,Quarrystone Paving Mar 2022,2022-03-11 21:00:00,false
1677,BILL-1677,VendBill,2022-03-09,102,1,1,Paid In Full,Northway Trenching Mar 2022,2022-03-09 03:00:00,false
1678,BILL-1678,VendBill,2022-03-09,103,1,1,Paid In Full,Tamber Aerial Works Mar 2022,2022-03-17 05:00:00,false
1679,BILL-1679,VendBill,2022-03-10,106,2,0.715151,Paid In Full,Maple Conduit Co Mar 2022,2022-03-14 03:00:00,false
1680,BILL-1680,VendBill,2022-03-12,101,1,1,Paid In Full,Granitepoint Civil Mar 2022,2022-03-12 11:00:00,false
1681,BILL-1681,VendBill,2022-03-12,105,2,0.715566,Paid In Full,Lakeshore Fibre Supply Mar 2022,2022-03-17 14:00:00,false
1682,BILL-1682,VendBill,2022-03-12,109,1,1,Paid In Full,Oxbow Legal LLP Mar 2022,2022-03-17 06:00:00,false
1683,BILL-1683,VendBill,2022-03-13,108,1,1,Paid In Full,Bluefin Permitting Mar 2022,2022-03-18 19:00:00,false
1684,BILL-1684,VendBill,2022-03-14,101,1,1,Paid In Full,Granitepoint Civil Mar 2022,2022-03-16 08:00:00,false
1685,BILL-1685,VendBill,2022-03-14,102,1,1,Paid In Full,Northway Trenching Mar 2022,2022-03-16 09:00:00,false
1686,BILL-1686,VendBill,2022-03-14,103,1,1,Paid In Full,Tamber Aerial Works Mar 2022,2022-03-15 12:00:00,false
1687,BILL-1687,VendBill,2022-03-14,104,1,1,Paid In Full,Ridgefield Splicing Mar 2022,2022-03-21 07:00:00,false
1688,BILL-1688,VendBill,2022-03-14,104,1,1,Paid In Full,Ridgefield Splicing Mar 2022,2022-03-15 13:00:00,false
1689,BILL-1689,VendBill,2022-03-14,112,1,1,Paid In Full,Quarrystone Paving Mar 2022,2022-03-17 03:00:00,false
1690,BILL-1690,VendBill,2022-03-15,102,1,1,Paid In Full,Northway Trenching Mar 2022,2022-03-17 07:00:00,false
1691,BILL-1691,VendBill,2022-03-15,103,1,1,Paid In Full,Tamber Aerial Works Mar 2022,2022-03-18 04:00:00,false
1692,BILL-1692,VendBill,2022-03-17,101,1,1,Paid In Full,Granitepoint Civil Mar 2022,2022-03-24 11:00:00,false
1693,BILL-1693,VendBill,2022-03-17,102,1,1,Paid In Full,Northway Trenching Mar 2022,2022-03-23 22:00:00,false
1694,BILL-1694,VendBill,2022-03-17,108,1,1,Paid In Full,Bluefin Permitting Mar 2022,2022-03-21 01:00:00,false
1695,BILL-1695,VendBill,2022-03-17,111,1,1,Paid In Full,Harrow Staffing Mar 2022,2022-03-21 21:00:00,false
1696,BILL-1696,VendBill,2022-03-18,112,1,1,Paid In Full,Quarrystone Paving Mar 2022,2022-03-21 18:00:00,false
1697,BILL-1697,VendBill,2022-03-19,102,1,1,Paid In Full,Northway Trenching Mar 2022,2022-03-27 04:00:00,false
1698,BILL-1698,VendBill,2022-03-19,104,1,1,Paid In Full,Ridgefield Splicing Mar 2022,2022-03-21 03:00:00,false
1699,BILL-1699,VendBill,2022-03-19,106,2,0.714811,Paid In Full,Maple Conduit Co Mar 2022,2022-03-24 20:00:00,false
1700,BILL-1700,VendBill,2022-03-20,101,1,1,Paid In Full,Granitepoint Civil Mar 2022,2022-03-23 15:00:00,false
1701,BILL-1701,VendBill,2022-03-21,101,1,1,Paid In Full,Granitepoint Civil Mar 2022,2022-03-28 06:00:00,false
1702,BILL-1702,VendBill,2022-03-21,104,1,1,Paid In Full,Ridgefield Splicing Mar 2022,2022-03-26 08:00:00,false
1703,BILL-1703,VendBill,2022-03-21,104,1,1,Paid In Full,Ridgefield Splicing Mar 2022,2022-03-27 23:00:00,false
1704,BILL-1704,VendBill,2022-03-22,101,1,1,Paid In Full,Granitepoint Civil Mar 2022,2022-03-27 10:00:00,false
1705,BILL-1705,VendBill,2022-03-22,107,1,1,Paid In Full,Keel Engineering Mar 2022,2022-03-26 12:00:00,false
1706,BILL-1706,VendBill,2022-03-23,102,1,1,Paid In Full,Northway Trenching Mar 2022,2022-03-30 15:00:00,false
1707,BILL-1707,VendBill,2022-03-23,112,1,1,Paid In Full,Quarrystone Paving Mar 2022,2022-03-30 15:00:00,false
1708,BILL-1708,VendBill,2022-03-24,112,1,1,Paid In Full,Quarrystone Paving Mar 2022,2022-03-25 22:00:00,false
1709,BILL-1709,VendBill,2022-03-25,101,1,1,Paid In Full,Granitepoint Civil Mar 2022,2022-04-02 03:00:00,false
1710,BILL-1710,VendBill,2022-03-25,103,1,1,Paid In Full,Tamber Aerial Works Mar 2022,2022-03-31 13:00:00,false
1711,BILL-1711,VendBill,2022-03-26,101,1,1,Paid In Full,Granitepoint Civil Mar 2022,2022-04-02 09:00:00,false
1712,BILL-1712,VendBill,2022-03-26,101,1,1,Paid In Full,Granitepoint Civil Mar 2022,2022-04-01 03:00:00,false
1713,BILL-1713,VendBill,2022-03-26,107,1,1,Paid In Full,Keel Engineering Mar 2022,2022-03-30 17:00:00,false
1714,BILL-1714,VendBill,2022-03-27,104,1,1,Paid In Full,Ridgefield Splicing Mar 2022,2022-04-02 12:00:00,false
1715,BILL-1715,VendBill,2022-04-03,106,2,0.722073,Paid In Full,Maple Conduit Co Apr 2022,2022-04-05 10:00:00,false
1716,BILL-1716,VendBill,2022-04-03,106,2,0.722073,Paid In Full,Maple Conduit Co Apr 2022,2022-04-08 16:00:00,false
1717,BILL-1717,VendBill,2022-04-03,110,1,1,Paid In Full,Crestline Pole Services Apr 2022,2022-04-10 20:00:00,false
1718,BILL-1718,VendBill,2022-04-05,101,1,1,Paid In Full,Granitepoint Civil Apr 2022,2022-04-12 18:00:00,false
1719,BILL-1719,VendBill,2022-04-05,102,1,1,Paid In Full,Northway Trenching Apr 2022,2022-04-07 11:00:00,false
1720,BILL-1720,VendBill,2022-04-06,101,1,1,Paid In Full,Granitepoint Civil Apr 2022,2022-04-11 21:00:00,false
1721,BILL-1721,VendBill,2022-04-06,102,1,1,Paid In Full,Northway Trenching Apr 2022,2022-04-13 15:00:00,false
1722,BILL-1722,VendBill,2022-04-06,105,2,0.718839,Paid In Full,Lakeshore Fibre Supply Apr 2022,2022-04-13 03:00:00,false
1723,BILL-1723,VendBill,2022-04-07,103,1,1,Paid In Full,Tamber Aerial Works Apr 2022,2022-04-13 00:00:00,false
1724,BILL-1724,VendBill,2022-04-08,102,1,1,Paid In Full,Northway Trenching Apr 2022,2022-04-14 21:00:00,false
1725,BILL-1725,VendBill,2022-04-08,102,1,1,Paid In Full,Northway Trenching Apr 2022,2022-04-15 10:00:00,false
1726,BILL-1726,VendBill,2022-04-08,102,1,1,Paid In Full,Northway Trenching Apr 2022,2022-04-09 18:00:00,false
1727,BILL-1727,VendBill,2022-04-09,102,1,1,Paid In Full,Northway Trenching Apr 2022,2022-04-14 11:00:00,false
1728,BILL-1728,VendBill,2022-04-09,105,2,0.720425,Paid In Full,Lakeshore Fibre Supply Apr 2022,2022-04-15 12:00:00,false
1729,BILL-1729,VendBill,2022-04-09,108,1,1,Paid In Full,Bluefin Permitting Apr 2022,2022-04-16 04:00:00,false
1730,BILL-1730,VendBill,2022-04-10,101,1,1,Paid In Full,Granitepoint Civil Apr 2022,2022-04-15 05:00:00,false
1731,BILL-1731,VendBill,2022-04-10,101,1,1,Paid In Full,Granitepoint Civil Apr 2022,2022-04-16 10:00:00,false
1732,BILL-1732,VendBill,2022-04-11,105,2,0.720618,Paid In Full,Lakeshore Fibre Supply Apr 2022,2022-04-12 07:00:00,false
1733,BILL-1733,VendBill,2022-04-11,111,1,1,Paid In Full,Harrow Staffing Apr 2022,2022-04-17 21:00:00,false
1734,BILL-1734,VendBill,2022-04-11,112,1,1,Paid In Full,Quarrystone Paving Apr 2022,2022-04-17 22:00:00,false
1735,BILL-1735,VendBill,2022-04-12,101,1,1,Paid In Full,Granitepoint Civil Apr 2022,2022-04-19 22:00:00,false
1736,BILL-1736,VendBill,2022-04-12,108,1,1,Paid In Full,Bluefin Permitting Apr 2022,2022-04-12 09:00:00,false
1737,BILL-1737,VendBill,2022-04-13,103,1,1,Paid In Full,Tamber Aerial Works Apr 2022,2022-04-15 18:00:00,false
1738,BILL-1738,VendBill,2022-04-13,104,1,1,Paid In Full,Ridgefield Splicing Apr 2022,2022-04-13 23:00:00,false
1739,BILL-1739,VendBill,2022-04-13,104,1,1,Paid In Full,Ridgefield Splicing Apr 2022,2022-04-15 16:00:00,false
1740,BILL-1740,VendBill,2022-04-13,106,2,0.720303,Paid In Full,Maple Conduit Co Apr 2022,2022-04-20 02:00:00,false
1741,BILL-1741,VendBill,2022-04-13,107,1,1,Paid In Full,Keel Engineering Apr 2022,2022-04-17 05:00:00,false
1742,BILL-1742,VendBill,2022-04-14,103,1,1,Paid In Full,Tamber Aerial Works Apr 2022,2022-04-15 09:00:00,false
1743,BILL-1743,VendBill,2022-04-15,107,1,1,Paid In Full,Keel Engineering Apr 2022,2022-04-19 08:00:00,false
1744,BILL-1744,VendBill,2022-04-16,101,1,1,Paid In Full,Granitepoint Civil Apr 2022,2022-04-16 19:00:00,false
1745,BILL-1745,VendBill,2022-04-16,104,1,1,Paid In Full,Ridgefield Splicing Apr 2022,2022-04-22 16:00:00,false
1746,BILL-1746,VendBill,2022-04-16,104,1,1,Paid In Full,Ridgefield Splicing Apr 2022,2022-04-19 01:00:00,false
1747,BILL-1747,VendBill,2022-04-16,109,1,1,Paid In Full,Oxbow Legal LLP Apr 2022,2022-04-23 08:00:00,false
1748,BILL-1748,VendBill,2022-04-17,104,1,1,Paid In Full,Ridgefield Splicing Apr 2022,2022-04-21 15:00:00,false
1749,BILL-1749,VendBill,2022-04-19,102,1,1,Paid In Full,Northway Trenching Apr 2022,2022-04-23 03:00:00,false
1750,BILL-1750,VendBill,2022-04-19,104,1,1,Paid In Full,Ridgefield Splicing Apr 2022,2022-04-23 06:00:00,false
1751,BILL-1751,VendBill,2022-04-20,101,1,1,Paid In Full,Granitepoint Civil Apr 2022,2022-04-23 07:00:00,false
1752,BILL-1752,VendBill,2022-04-20,103,1,1,Paid In Full,Tamber Aerial Works Apr 2022,2022-04-26 13:00:00,false
1753,BILL-1753,VendBill,2022-04-21,101,1,1,Paid In Full,Granitepoint Civil Apr 2022,2022-04-26 21:00:00,false
1754,BILL-1754,VendBill,2022-04-21,102,1,1,Paid In Full,Northway Trenching Apr 2022,2022-04-24 15:00:00,false
1755,BILL-1755,VendBill,2022-04-21,103,1,1,Paid In Full,Tamber Aerial Works Apr 2022,2022-04-25 10:00:00,false
1756,BILL-1756,VendBill,2022-04-22,112,1,1,Paid In Full,Quarrystone Paving Apr 2022,2022-04-24 18:00:00,false
1757,BILL-1757,VendBill,2022-04-24,112,1,1,Paid In Full,Quarrystone Paving Apr 2022,2022-04-26 16:00:00,false
1758,BILL-1758,VendBill,2022-04-25,101,1,1,Paid In Full,Granitepoint Civil Apr 2022,2022-04-30 04:00:00,false
1759,BILL-1759,VendBill,2022-04-25,112,1,1,Paid In Full,Quarrystone Paving Apr 2022,2022-05-01 06:00:00,false
1760,BILL-1760,VendBill,2022-04-26,101,1,1,Paid In Full,Granitepoint Civil Apr 2022,2022-04-29 09:00:00,false
1761,BILL-1761,VendBill,2022-04-26,102,1,1,Paid In Full,Northway Trenching Apr 2022,2022-04-26 19:00:00,false
1762,BILL-1762,VendBill,2022-04-26,107,1,1,Paid In Full,Keel Engineering Apr 2022,2022-04-29 13:00:00,false
1763,BILL-1763,VendBill,2022-04-26,108,1,1,Paid In Full,Bluefin Permitting Apr 2022,2022-05-01 12:00:00,false
1764,BILL-1764,VendBill,2022-04-26,112,1,1,Paid In Full,Quarrystone Paving Apr 2022,2022-05-01 12:00:00,false
1765,BILL-1765,VendBill,2022-04-27,102,1,1,Paid In Full,Northway Trenching Apr 2022,2022-05-02 10:00:00,false
1766,BILL-1766,VendBill,2022-05-02,106,2,0.717222,Paid In Full,Maple Conduit Co May 2022,2022-05-05 14:00:00,false
1767,BILL-1767,VendBill,2022-05-03,106,2,0.721102,Paid In Full,Maple Conduit Co May 2022,2022-05-03 04:00:00,false
1768,BILL-1768,VendBill,2022-05-03,106,2,0.721102,Paid In Full,Maple Conduit Co May 2022,2022-05-07 22:00:00,false
1769,BILL-1769,VendBill,2022-05-03,110,1,1,Paid In Full,Crestline Pole Services May 2022,2022-05-06 23:00:00,false
1770,BILL-1770,VendBill,2022-05-04,101,1,1,Paid In Full,Granitepoint Civil May 2022,2022-05-07 14:00:00,false
1771,BILL-1771,VendBill,2022-05-04,103,1,1,Paid In Full,Tamber Aerial Works May 2022,2022-05-05 09:00:00,false
1772,BILL-1772,VendBill,2022-05-05,101,1,1,Paid In Full,Granitepoint Civil May 2022,2022-05-08 03:00:00,false
1773,BILL-1773,VendBill,2022-05-05,103,1,1,Paid In Full,Tamber Aerial Works May 2022,2022-05-12 14:00:00,false
1774,BILL-1774,VendBill,2022-05-06,102,1,1,Paid In Full,Northway Trenching May 2022,2022-05-07 18:00:00,false
1775,BILL-1775,VendBill,2022-05-06,105,2,0.718192,Paid In Full,Lakeshore Fibre Supply May 2022,2022-05-08 13:00:00,false
1776,BILL-1776,VendBill,2022-05-07,102,1,1,Paid In Full,Northway Trenching May 2022,2022-05-13 20:00:00,false
1777,BILL-1777,VendBill,2022-05-07,102,1,1,Paid In Full,Northway Trenching May 2022,2022-05-09 12:00:00,false
1778,BILL-1778,VendBill,2022-05-08,108,1,1,Paid In Full,Bluefin Permitting May 2022,2022-05-11 20:00:00,false
1779,BILL-1779,VendBill,2022-05-09,101,1,1,Paid In Full,Granitepoint Civil May 2022,2022-05-13 11:00:00,false
1780,BILL-1780,VendBill,2022-05-10,102,1,1,Paid In Full,Northway Trenching May 2022,2022-05-12 06:00:00,false
1781,BILL-1781,VendBill,2022-05-10,102,1,1,Paid In Full,Northway Trenching May 2022,2022-05-13 00:00:00,false
1782,BILL-1782,VendBill,2022-05-10,112,1,1,Paid In Full,Quarrystone Paving May 2022,2022-05-16 21:00:00,false
1783,BILL-1783,VendBill,2022-05-10,112,1,1,Paid In Full,Quarrystone Paving May 2022,2022-05-12 08:00:00,false
1784,BILL-1784,VendBill,2022-05-11,101,1,1,Paid In Full,Granitepoint Civil May 2022,2022-05-15 10:00:00,false
1785,BILL-1785,VendBill,2022-05-11,103,1,1,Paid In Full,Tamber Aerial Works May 2022,2022-05-18 06:00:00,false
1786,BILL-1786,VendBill,2022-05-11,104,1,1,Paid In Full,Ridgefield Splicing May 2022,2022-05-11 21:00:00,false
1787,BILL-1787,VendBill,2022-05-11,107,1,1,Paid In Full,Keel Engineering May 2022,2022-05-15 02:00:00,false
1788,BILL-1788,VendBill,2022-05-11,108,1,1,Paid In Full,Bluefin Permitting May 2022,2022-05-14 12:00:00,false
1789,BILL-1789,VendBill,2022-05-12,101,1,1,Paid In Full,Granitepoint Civil May 2022,2022-05-20 02:00:00,false
1790,BILL-1790,VendBill,2022-05-12,101,1,1,Paid In Full,Granitepoint Civil May 2022,2022-05-18 16:00:00,false
1791,BILL-1791,VendBill,2022-05-13,104,1,1,Paid In Full,Ridgefield Splicing May 2022,2022-05-16 07:00:00,false
1792,BILL-1792,VendBill,2022-05-13,108,1,1,Paid In Full,Bluefin Permitting May 2022,2022-05-17 12:00:00,false
1793,BILL-1793,VendBill,2022-05-14,103,1,1,Paid In Full,Tamber Aerial Works May 2022,2022-05-14 03:00:00,false
1794,BILL-1794,VendBill,2022-05-14,104,1,1,Paid In Full,Ridgefield Splicing May 2022,2022-05-18 13:00:00,false
1795,BILL-1795,VendBill,2022-05-14,107,1,1,Paid In Full,Keel Engineering May 2022,2022-05-19 13:00:00,false
1796,BILL-1796,VendBill,2022-05-15,104,1,1,Paid In Full,Ridgefield Splicing May 2022,2022-05-18 21:00:00,false
1797,BILL-1797,VendBill,2022-05-15,105,2,0.720764,Paid In Full,Lakeshore Fibre Supply May 2022,2022-05-17 21:00:00,false
1798,BILL-1798,VendBill,2022-05-16,101,1,1,Paid In Full,Granitepoint Civil May 2022,2022-05-18 01:00:00,false
1799,BILL-1799,VendBill,2022-05-16,101,1,1,Paid In Full,Granitepoint Civil May 2022,2022-05-17 16:00:00,false
1800,BILL-1800,VendBill,2022-05-16,105,2,0.720735,Paid In Full,Lakeshore Fibre Supply May 2022,2022-05-17 16:00:00,false
1801,BILL-1801,VendBill,2022-05-17,102,1,1,Paid In Full,Northway Trenching May 2022,2022-05-24 21:00:00,false
1802,BILL-1802,VendBill,2022-05-17,102,1,1,Paid In Full,Northway Trenching May 2022,2022-05-21 05:00:00,false
1803,BILL-1803,VendBill,2022-05-18,111,1,1,Paid In Full,Harrow Staffing May 2022,2022-05-20 14:00:00,false
1804,BILL-1804,VendBill,2022-05-18,112,1,1,Paid In Full,Quarrystone Paving May 2022,2022-05-24 08:00:00,false
1805,BILL-1805,VendBill,2022-05-21,101,1,1,Paid In Full,Granitepoint Civil May 2022,2022-05-22 02:00:00,false
1806,BILL-1806,VendBill,2022-05-21,102,1,1,Paid In Full,Northway Trenching May 2022,2022-05-21 10:00:00,false
1807,BILL-1807,VendBill,2022-05-23,102,1,1,Paid In Full,Northway Trenching May 2022,2022-05-25 01:00:00,false
1808,BILL-1808,VendBill,2022-05-23,107,1,1,Paid In Full,Keel Engineering May 2022,2022-05-27 22:00:00,false
1809,BILL-1809,VendBill,2022-05-25,103,1,1,Paid In Full,Tamber Aerial Works May 2022,2022-05-29 23:00:00,false
1810,BILL-1810,VendBill,2022-05-25,104,1,1,Paid In Full,Ridgefield Splicing May 2022,2022-05-27 13:00:00,false
1811,BILL-1811,VendBill,2022-05-25,104,1,1,Paid In Full,Ridgefield Splicing May 2022,2022-05-26 16:00:00,false
1812,BILL-1812,VendBill,2022-05-25,109,1,1,Paid In Full,Oxbow Legal LLP May 2022,2022-06-01 09:00:00,false
1813,BILL-1813,VendBill,2022-05-25,112,1,1,Paid In Full,Quarrystone Paving May 2022,2022-05-28 12:00:00,false
1814,BILL-1814,VendBill,2022-05-27,101,1,1,Paid In Full,Granitepoint Civil May 2022,2022-06-01 15:00:00,false
1815,BILL-1815,VendBill,2022-05-27,112,1,1,Paid In Full,Quarrystone Paving May 2022,2022-06-04 01:00:00,false
1816,BILL-1816,VendBill,2022-05-28,102,1,1,Paid In Full,Northway Trenching May 2022,2022-06-03 22:00:00,false
1817,BILL-1817,VendBill,2022-06-03,110,1,1,Paid In Full,Crestline Pole Services Jun 2022,2022-06-09 21:00:00,false
1818,BILL-1818,VendBill,2022-06-04,102,1,1,Paid In Full,Northway Trenching Jun 2022,2022-06-10 11:00:00,false
1819,BILL-1819,VendBill,2022-06-05,105,2,0.713201,Paid In Full,Lakeshore Fibre Supply Jun 2022,2022-06-08 18:00:00,false
1820,BILL-1820,VendBill,2022-06-05,106,2,0.713201,Paid In Full,Maple Conduit Co Jun 2022,2022-06-05 23:00:00,false
1821,BILL-1821,VendBill,2022-06-06,102,1,1,Paid In Full,Northway Trenching Jun 2022,2022-06-13 21:00:00,false
1822,BILL-1822,VendBill,2022-06-07,102,1,1,Paid In Full,Northway Trenching Jun 2022,2022-06-11 03:00:00,false
1823,BILL-1823,VendBill,2022-06-08,103,1,1,Paid In Full,Tamber Aerial Works Jun 2022,2022-06-14 16:00:00,false
1824,BILL-1824,VendBill,2022-06-08,105,2,0.715125,Paid In Full,Lakeshore Fibre Supply Jun 2022,2022-06-08 09:00:00,false
1825,BILL-1825,VendBill,2022-06-09,106,2,0.717301,Paid In Full,Maple Conduit Co Jun 2022,2022-06-09 21:00:00,false
1826,BILL-1826,VendBill,2022-06-09,108,1,1,Paid In Full,Bluefin Permitting Jun 2022,2022-06-14 21:00:00,false
1827,BILL-1827,VendBill,2022-06-10,101,1,1,Paid In Full,Granitepoint Civil Jun 2022,2022-06-15 05:00:00,false
1828,BILL-1828,VendBill,2022-06-10,101,1,1,Paid In Full,Granitepoint Civil Jun 2022,2022-06-10 15:00:00,false
1829,BILL-1829,VendBill,2022-06-10,102,1,1,Paid In Full,Northway Trenching Jun 2022,2022-06-16 00:00:00,false
1830,BILL-1830,VendBill,2022-06-10,102,1,1,Paid In Full,Northway Trenching Jun 2022,2022-06-14 10:00:00,false
1831,BILL-1831,VendBill,2022-06-10,103,1,1,Paid In Full,Tamber Aerial Works Jun 2022,2022-06-13 16:00:00,false
1832,BILL-1832,VendBill,2022-06-10,105,2,0.717382,Paid In Full,Lakeshore Fibre Supply Jun 2022,2022-06-16 03:00:00,false
1833,BILL-1833,VendBill,2022-06-11,102,1,1,Paid In Full,Northway Trenching Jun 2022,2022-06-13 21:00:00,false
1834,BILL-1834,VendBill,2022-06-11,104,1,1,Paid In Full,Ridgefield Splicing Jun 2022,2022-06-17 21:00:00,false
1835,BILL-1835,VendBill,2022-06-11,107,1,1,Paid In Full,Keel Engineering Jun 2022,2022-06-18 10:00:00,false
1836,BILL-1836,VendBill,2022-06-11,112,1,1,Paid In Full,Quarrystone Paving Jun 2022,2022-06-13 15:00:00,false
1837,BILL-1837,VendBill,2022-06-11,112,1,1,Paid In Full,Quarrystone Paving Jun 2022,2022-06-12 18:00:00,false
1838,BILL-1838,VendBill,2022-06-11,112,1,1,Paid In Full,Quarrystone Paving Jun 2022,2022-06-16 03:00:00,false
1839,BILL-1839,VendBill,2022-06-12,101,1,1,Paid In Full,Granitepoint Civil Jun 2022,2022-06-18 02:00:00,false
1840,BILL-1840,VendBill,2022-06-12,101,1,1,Paid In Full,Granitepoint Civil Jun 2022,2022-06-18 02:00:00,false
1841,BILL-1841,VendBill,2022-06-12,107,1,1,Paid In Full,Keel Engineering Jun 2022,2022-06-14 01:00:00,false
1842,BILL-1842,VendBill,2022-06-13,103,1,1,Paid In Full,Tamber Aerial Works Jun 2022,2022-06-16 17:00:00,false
1843,BILL-1843,VendBill,2022-06-14,106,2,0.711294,Paid In Full,Maple Conduit Co Jun 2022,2022-06-16 13:00:00,false
1844,BILL-1844,VendBill,2022-06-15,101,1,1,Paid In Full,Granitepoint Civil Jun 2022,2022-06-20 10:00:00,false
1845,BILL-1845,VendBill,2022-06-15,102,1,1,Paid In Full,Northway Trenching Jun 2022,2022-06-17 02:00:00,false
1846,BILL-1846,VendBill,2022-06-15,102,1,1,Paid In Full,Northway Trenching Jun 2022,2022-06-16 02:00:00,false
1847,BILL-1847,VendBill,2022-06-15,108,1,1,Paid In Full,Bluefin Permitting Jun 2022,2022-06-16 06:00:00,false
1848,BILL-1848,VendBill,2022-06-15,109,1,1,Paid In Full,Oxbow Legal LLP Jun 2022,2022-06-22 07:00:00,false
1849,BILL-1849,VendBill,2022-06-16,108,1,1,Paid In Full,Bluefin Permitting Jun 2022,2022-06-18 12:00:00,false
1850,BILL-1850,VendBill,2022-06-18,101,1,1,Paid In Full,Granitepoint Civil Jun 2022,2022-06-19 06:00:00,false
1851,BILL-1851,VendBill,2022-06-20,104,1,1,Paid In Full,Ridgefield Splicing Jun 2022,2022-06-21 22:00:00,false
1852,BILL-1852,VendBill,2022-06-20,104,1,1,Paid In Full,Ridgefield Splicing Jun 2022,2022-06-23 22:00:00,false
1853,BILL-1853,VendBill,2022-06-21,101,1,1,Paid In Full,Granitepoint Civil Jun 2022,2022-06-26 18:00:00,false
1854,BILL-1854,VendBill,2022-06-21,111,1,1,Paid In Full,Harrow Staffing Jun 2022,2022-06-28 09:00:00,false
1855,BILL-1855,VendBill,2022-06-21,112,1,1,Paid In Full,Quarrystone Paving Jun 2022,2022-06-24 16:00:00,false
1856,BILL-1856,VendBill,2022-06-22,101,1,1,Paid In Full,Granitepoint Civil Jun 2022,2022-06-22 20:00:00,false
1857,BILL-1857,VendBill,2022-06-22,107,1,1,Paid In Full,Keel Engineering Jun 2022,2022-06-23 22:00:00,false
1858,BILL-1858,VendBill,2022-06-24,101,1,1,Paid In Full,Granitepoint Civil Jun 2022,2022-06-26 00:00:00,false
1859,BILL-1859,VendBill,2022-06-24,103,1,1,Paid In Full,Tamber Aerial Works Jun 2022,2022-06-30 14:00:00,false
1860,BILL-1860,VendBill,2022-06-24,104,1,1,Paid In Full,Ridgefield Splicing Jun 2022,2022-07-02 06:00:00,false
1861,BILL-1861,VendBill,2022-06-24,112,1,1,Paid In Full,Quarrystone Paving Jun 2022,2022-06-29 14:00:00,false
1862,BILL-1862,VendBill,2022-06-25,102,1,1,Paid In Full,Northway Trenching Jun 2022,2022-06-26 10:00:00,false
1863,BILL-1863,VendBill,2022-06-25,104,1,1,Paid In Full,Ridgefield Splicing Jun 2022,2022-07-01 16:00:00,false
1864,BILL-1864,VendBill,2022-06-26,102,1,1,Paid In Full,Northway Trenching Jun 2022,2022-06-29 10:00:00,false
1865,BILL-1865,VendBill,2022-06-26,103,1,1,Paid In Full,Tamber Aerial Works Jun 2022,2022-07-01 10:00:00,false
1866,BILL-1866,VendBill,2022-06-27,104,1,1,Paid In Full,Ridgefield Splicing Jun 2022,2022-06-28 21:00:00,false
1867,BILL-1867,VendBill,2022-06-28,101,1,1,Paid In Full,Granitepoint Civil Jun 2022,2022-07-06 07:00:00,false
1868,BILL-1868,VendBill,2022-07-03,110,1,1,Paid In Full,Crestline Pole Services Jul 2022,2022-07-07 05:00:00,false
1869,BILL-1869,VendBill,2022-07-04,102,1,1,Paid In Full,Northway Trenching Jul 2022,2022-07-09 15:00:00,false
1870,BILL-1870,VendBill,2022-07-04,106,2,0.720142,Paid In Full,Maple Conduit Co Jul 2022,2022-07-06 07:00:00,false
1871,BILL-1871,VendBill,2022-07-05,101,1,1,Paid In Full,Granitepoint Civil Jul 2022,2022-07-10 11:00:00,false
1872,BILL-1872,VendBill,2022-07-05,102,1,1,Paid In Full,Northway Trenching Jul 2022,2022-07-11 14:00:00,false
1873,BILL-1873,VendBill,2022-07-05,105,2,0.718239,Paid In Full,Lakeshore Fibre Supply Jul 2022,2022-07-11 07:00:00,false
1874,BILL-1874,VendBill,2022-07-06,101,1,1,Paid In Full,Granitepoint Civil Jul 2022,2022-07-13 01:00:00,false
1875,BILL-1875,VendBill,2022-07-06,101,1,1,Paid In Full,Granitepoint Civil Jul 2022,2022-07-09 23:00:00,false
1876,BILL-1876,VendBill,2022-07-06,102,1,1,Paid In Full,Northway Trenching Jul 2022,2022-07-09 16:00:00,false
1877,BILL-1877,VendBill,2022-07-06,102,1,1,Paid In Full,Northway Trenching Jul 2022,2022-07-14 00:00:00,false
1878,BILL-1878,VendBill,2022-07-07,101,1,1,Paid In Full,Granitepoint Civil Jul 2022,2022-07-15 04:00:00,false
1879,BILL-1879,VendBill,2022-07-07,105,2,0.718457,Paid In Full,Lakeshore Fibre Supply Jul 2022,2022-07-07 19:00:00,false
1880,BILL-1880,VendBill,2022-07-08,106,2,0.719732,Paid In Full,Maple Conduit Co Jul 2022,2022-07-11 16:00:00,false
1881,BILL-1881,VendBill,2022-07-09,101,1,1,Paid In Full,Granitepoint Civil Jul 2022,2022-07-11 05:00:00,false
1882,BILL-1882,VendBill,2022-07-09,102,1,1,Paid In Full,Northway Trenching Jul 2022,2022-07-16 23:00:00,false
1883,BILL-1883,VendBill,2022-07-09,106,2,0.719554,Paid In Full,Maple Conduit Co Jul 2022,2022-07-09 09:00:00,false
1884,BILL-1884,VendBill,2022-07-11,101,1,1,Paid In Full,Granitepoint Civil Jul 2022,2022-07-15 03:00:00,false
1885,BILL-1885,VendBill,2022-07-11,104,1,1,Paid In Full,Ridgefield Splicing Jul 2022,2022-07-18 10:00:00,false
1886,BILL-1886,VendBill,2022-07-11,104,1,1,Paid In Full,Ridgefield Splicing Jul 2022,2022-07-17 19:00:00,false
1887,BILL-1887,VendBill,2022-07-11,104,1,1,Paid In Full,Ridgefield Splicing Jul 2022,2022-07-11 15:00:00,false
1888,BILL-1888,VendBill,2022-07-11,105,2,0.716785,Paid In Full,Lakeshore Fibre Supply Jul 2022,2022-07-11 15:00:00,false
1889,BILL-1889,VendBill,2022-07-12,102,1,1,Paid In Full,Northway Trenching Jul 2022,2022-07-13 18:00:00,false
1890,BILL-1890,VendBill,2022-07-12,112,1,1,Paid In Full,Quarrystone Paving Jul 2022,2022-07-12 12:00:00,false
1891,BILL-1891,VendBill,2022-07-13,101,1,1,Paid In Full,Granitepoint Civil Jul 2022,2022-07-17 01:00:00,false
1892,BILL-1892,VendBill,2022-07-16,108,1,1,Paid In Full,Bluefin Permitting Jul 2022,2022-07-19 01:00:00,false
1893,BILL-1893,VendBill,2022-07-17,112,1,1,Paid In Full,Quarrystone Paving Jul 2022,2022-07-21 09:00:00,false
1894,BILL-1894,VendBill,2022-07-18,104,1,1,Paid In Full,Ridgefield Splicing Jul 2022,2022-07-20 07:00:00,false
1895,BILL-1895,VendBill,2022-07-18,112,1,1,Paid In Full,Quarrystone Paving Jul 2022,2022-07-24 12:00:00,false
1896,BILL-1896,VendBill,2022-07-19,103,1,1,Paid In Full,Tamber Aerial Works Jul 2022,2022-07-20 13:00:00,false
1897,BILL-1897,VendBill,2022-07-19,107,1,1,Paid In Full,Keel Engineering Jul 2022,2022-07-23 22:00:00,false
1898,BILL-1898,VendBill,2022-07-19,108,1,1,Paid In Full,Bluefin Permitting Jul 2022,2022-07-21 18:00:00,false
1899,BILL-1899,VendBill,2022-07-20,101,1,1,Paid In Full,Granitepoint Civil Jul 2022,2022-07-22 12:00:00,false
1900,BILL-1900,VendBill,2022-07-20,103,1,1,Paid In Full,Tamber Aerial Works Jul 2022,2022-07-22 04:00:00,false
1901,BILL-1901,VendBill,2022-07-20,104,1,1,Paid In Full,Ridgefield Splicing Jul 2022,2022-07-23 17:00:00,false
1902,BILL-1902,VendBill,2022-07-20,104,1,1,Paid In Full,Ridgefield Splicing Jul 2022,2022-07-26 01:00:00,false
1903,BILL-1903,VendBill,2022-07-20,107,1,1,Paid In Full,Keel Engineering Jul 2022,2022-07-20 21:00:00,false
1904,BILL-1904,VendBill,2022-07-21,101,1,1,Paid In Full,Granitepoint Civil Jul 2022,2022-07-21 11:00:00,false
1905,BILL-1905,VendBill,2022-07-22,102,1,1,Paid In Full,Northway Trenching Jul 2022,2022-07-24 18:00:00,false
1906,BILL-1906,VendBill,2022-07-22,107,1,1,Paid In Full,Keel Engineering Jul 2022,2022-07-23 14:00:00,false
1907,BILL-1907,VendBill,2022-07-22,108,1,1,Paid In Full,Bluefin Permitting Jul 2022,2022-07-22 13:00:00,false
1908,BILL-1908,VendBill,2022-07-22,112,1,1,Paid In Full,Quarrystone Paving Jul 2022,2022-07-23 10:00:00,false
1909,BILL-1909,VendBill,2022-07-23,109,1,1,Paid In Full,Oxbow Legal LLP Jul 2022,2022-07-24 06:00:00,false
1910,BILL-1910,VendBill,2022-07-24,102,1,1,Paid In Full,Northway Trenching Jul 2022,2022-07-31 23:00:00,false
1911,BILL-1911,VendBill,2022-07-24,112,1,1,Paid In Full,Quarrystone Paving Jul 2022,2022-07-28 22:00:00,false
1912,BILL-1912,VendBill,2022-07-25,103,1,1,Paid In Full,Tamber Aerial Works Jul 2022,2022-08-02 06:00:00,false
1913,BILL-1913,VendBill,2022-07-26,102,1,1,Paid In Full,Northway Trenching Jul 2022,2022-07-28 04:00:00,false
1914,BILL-1914,VendBill,2022-07-26,103,1,1,Paid In Full,Tamber Aerial Works Jul 2022,2022-07-27 06:00:00,false
1915,BILL-1915,VendBill,2022-07-26,111,1,1,Paid In Full,Harrow Staffing Jul 2022,2022-07-29 11:00:00,false
1916,BILL-1916,VendBill,2022-07-27,101,1,1,Paid In Full,Granitepoint Civil Jul 2022,2022-07-31 10:00:00,false
1917,BILL-1917,VendBill,2022-07-27,102,1,1,Paid In Full,Northway Trenching Jul 2022,2022-08-01 19:00:00,false
1918,BILL-1918,VendBill,2022-07-28,103,1,1,Paid In Full,Tamber Aerial Works Jul 2022,2022-08-03 04:00:00,false
1919,BILL-1919,VendBill,2022-08-02,106,2,0.720918,Paid In Full,Maple Conduit Co Aug 2022,2022-08-07 02:00:00,false
1920,BILL-1920,VendBill,2022-08-03,110,1,1,Paid In Full,Crestline Pole Services Aug 2022,2022-08-08 20:00:00,false
1921,BILL-1921,VendBill,2022-08-04,101,1,1,Paid In Full,Granitepoint Civil Aug 2022,2022-08-08 13:00:00,false
1922,BILL-1922,VendBill,2022-08-04,101,1,1,Paid In Full,Granitepoint Civil Aug 2022,2022-08-11 07:00:00,false
1923,BILL-1923,VendBill,2022-08-04,101,1,1,Paid In Full,Granitepoint Civil Aug 2022,2022-08-09 22:00:00,false
1924,BILL-1924,VendBill,2022-08-04,102,1,1,Paid In Full,Northway Trenching Aug 2022,2022-08-06 01:00:00,false
1925,BILL-1925,VendBill,2022-08-05,102,1,1,Paid In Full,Northway Trenching Aug 2022,2022-08-12 08:00:00,false
1926,BILL-1926,VendBill,2022-08-06,101,1,1,Paid In Full,Granitepoint Civil Aug 2022,2022-08-14 05:00:00,false
1927,BILL-1927,VendBill,2022-08-06,109,1,1,Paid In Full,Oxbow Legal LLP Aug 2022,2022-08-09 08:00:00,false
1928,BILL-1928,VendBill,2022-08-07,105,2,0.723552,Paid In Full,Lakeshore Fibre Supply Aug 2022,2022-08-08 05:00:00,false
1929,BILL-1929,VendBill,2022-08-08,102,1,1,Paid In Full,Northway Trenching Aug 2022,2022-08-13 19:00:00,false
1930,BILL-1930,VendBill,2022-08-08,102,1,1,Paid In Full,Northway Trenching Aug 2022,2022-08-15 08:00:00,false
1931,BILL-1931,VendBill,2022-08-08,106,2,0.721607,Paid In Full,Maple Conduit Co Aug 2022,2022-08-09 06:00:00,false
1932,BILL-1932,VendBill,2022-08-08,107,1,1,Paid In Full,Keel Engineering Aug 2022,2022-08-13 03:00:00,false
1933,BILL-1933,VendBill,2022-08-08,108,1,1,Paid In Full,Bluefin Permitting Aug 2022,2022-08-14 15:00:00,false
1934,BILL-1934,VendBill,2022-08-09,102,1,1,Paid In Full,Northway Trenching Aug 2022,2022-08-10 09:00:00,false
1935,BILL-1935,VendBill,2022-08-10,103,1,1,Paid In Full,Tamber Aerial Works Aug 2022,2022-08-18 04:00:00,false
1936,BILL-1936,VendBill,2022-08-10,105,2,0.719468,Paid In Full,Lakeshore Fibre Supply Aug 2022,2022-08-12 20:00:00,false
1937,BILL-1937,VendBill,2022-08-10,105,2,0.719468,Paid In Full,Lakeshore Fibre Supply Aug 2022,2022-08-11 01:00:00,false
1938,BILL-1938,VendBill,2022-08-11,108,1,1,Paid In Full,Bluefin Permitting Aug 2022,2022-08-13 21:00:00,false
1939,BILL-1939,VendBill,2022-08-12,102,1,1,Paid In Full,Northway Trenching Aug 2022,2022-08-15 04:00:00,false
1940,BILL-1940,VendBill,2022-08-13,101,1,1,Paid In Full,Granitepoint Civil Aug 2022,2022-08-21 03:00:00,false
1941,BILL-1941,VendBill,2022-08-13,103,1,1,Paid In Full,Tamber Aerial Works Aug 2022,2022-08-15 18:00:00,false
1942,BILL-1942,VendBill,2022-08-13,107,1,1,Paid In Full,Keel Engineering Aug 2022,2022-08-16 17:00:00,false
1943,BILL-1943,VendBill,2022-08-13,111,1,1,Paid In Full,Harrow Staffing Aug 2022,2022-08-13 15:00:00,false
1944,BILL-1944,VendBill,2022-08-15,101,1,1,Paid In Full,Granitepoint Civil Aug 2022,2022-08-15 01:00:00,false
1945,BILL-1945,VendBill,2022-08-15,102,1,1,Paid In Full,Northway Trenching Aug 2022,2022-08-22 21:00:00,false
1946,BILL-1946,VendBill,2022-08-15,104,1,1,Paid In Full,Ridgefield Splicing Aug 2022,2022-08-16 18:00:00,false
1947,BILL-1947,VendBill,2022-08-15,112,1,1,Paid In Full,Quarrystone Paving Aug 2022,2022-08-17 01:00:00,false
1948,BILL-1948,VendBill,2022-08-16,101,1,1,Paid In Full,Granitepoint Civil Aug 2022,2022-08-19 06:00:00,false
1949,BILL-1949,VendBill,2022-08-16,104,1,1,Paid In Full,Ridgefield Splicing Aug 2022,2022-08-18 15:00:00,false
1950,BILL-1950,VendBill,2022-08-17,101,1,1,Paid In Full,Granitepoint Civil Aug 2022,2022-08-24 16:00:00,false
1951,BILL-1951,VendBill,2022-08-17,102,1,1,Paid In Full,Northway Trenching Aug 2022,2022-08-23 13:00:00,false
1952,BILL-1952,VendBill,2022-08-17,103,1,1,Paid In Full,Tamber Aerial Works Aug 2022,2022-08-20 14:00:00,false
1953,BILL-1953,VendBill,2022-08-17,106,2,0.716383,Paid In Full,Maple Conduit Co Aug 2022,2022-08-17 02:00:00,false
1954,BILL-1954,VendBill,2022-08-17,112,1,1,Paid In Full,Quarrystone Paving Aug 2022,2022-08-23 02:00:00,false
1955,BILL-1955,VendBill,2022-08-18,108,1,1,Paid In Full,Bluefin Permitting Aug 2022,2022-08-25 23:00:00,false
1956,BILL-1956,VendBill,2022-08-19,102,1,1,Paid In Full,Northway Trenching Aug 2022,2022-08-27 00:00:00,false
1957,BILL-1957,VendBill,2022-08-19,112,1,1,Paid In Full,Quarrystone Paving Aug 2022,2022-08-26 12:00:00,false
1958,BILL-1958,VendBill,2022-08-21,101,1,1,Paid In Full,Granitepoint Civil Aug 2022,2022-08-27 22:00:00,false
1959,BILL-1959,VendBill,2022-08-21,103,1,1,Paid In Full,Tamber Aerial Works Aug 2022,2022-08-25 07:00:00,false
1960,BILL-1960,VendBill,2022-08-21,103,1,1,Paid In Full,Tamber Aerial Works Aug 2022,2022-08-25 03:00:00,false
1961,BILL-1961,VendBill,2022-08-21,104,1,1,Paid In Full,Ridgefield Splicing Aug 2022,2022-08-26 18:00:00,false
1962,BILL-1962,VendBill,2022-08-21,107,1,1,Paid In Full,Keel Engineering Aug 2022,2022-08-26 02:00:00,false
1963,BILL-1963,VendBill,2022-08-23,104,1,1,Paid In Full,Ridgefield Splicing Aug 2022,2022-08-26 12:00:00,false
1964,BILL-1964,VendBill,2022-08-23,112,1,1,Paid In Full,Quarrystone Paving Aug 2022,2022-08-31 04:00:00,false
1965,BILL-1965,VendBill,2022-08-25,104,1,1,Paid In Full,Ridgefield Splicing Aug 2022,2022-08-28 10:00:00,false
1966,BILL-1966,VendBill,2022-08-25,112,1,1,Paid In Full,Quarrystone Paving Aug 2022,2022-08-31 18:00:00,false
1967,BILL-1967,VendBill,2022-08-26,104,1,1,Paid In Full,Ridgefield Splicing Aug 2022,2022-08-28 02:00:00,false
1968,BILL-1968,VendBill,2022-08-28,101,1,1,Paid In Full,Granitepoint Civil Aug 2022,2022-08-29 21:00:00,false
1969,BILL-1969,VendBill,2022-08-28,102,1,1,Paid In Full,Northway Trenching Aug 2022,2022-09-03 02:00:00,false
1970,BILL-1970,VendBill,2022-09-03,106,2,0.717859,Paid In Full,Maple Conduit Co Sep 2022,2022-09-11 04:00:00,false
1971,BILL-1971,VendBill,2022-09-03,110,1,1,Paid In Full,Crestline Pole Services Sep 2022,2022-09-08 20:00:00,false
1972,BILL-1972,VendBill,2022-09-04,103,1,1,Paid In Full,Tamber Aerial Works Sep 2022,2022-09-08 18:00:00,false
1973,BILL-1973,VendBill,2022-09-04,103,1,1,Paid In Full,Tamber Aerial Works Sep 2022,2022-09-09 09:00:00,false
1974,BILL-1974,VendBill,2022-09-04,112,1,1,Paid In Full,Quarrystone Paving Sep 2022,2022-09-10 06:00:00,false
1975,BILL-1975,VendBill,2022-09-05,101,1,1,Paid In Full,Granitepoint Civil Sep 2022,2022-09-05 10:00:00,false
1976,BILL-1976,VendBill,2022-09-05,102,1,1,Paid In Full,Northway Trenching Sep 2022,2022-09-11 12:00:00,false
1977,BILL-1977,VendBill,2022-09-06,105,2,0.715349,Paid In Full,Lakeshore Fibre Supply Sep 2022,2022-09-09 10:00:00,false
1978,BILL-1978,VendBill,2022-09-06,112,1,1,Paid In Full,Quarrystone Paving Sep 2022,2022-09-07 00:00:00,false
1979,BILL-1979,VendBill,2022-09-07,105,2,0.715179,Paid In Full,Lakeshore Fibre Supply Sep 2022,2022-09-12 00:00:00,false
1980,BILL-1980,VendBill,2022-09-08,101,1,1,Paid In Full,Granitepoint Civil Sep 2022,2022-09-14 16:00:00,false
1981,BILL-1981,VendBill,2022-09-08,102,1,1,Paid In Full,Northway Trenching Sep 2022,2022-09-12 04:00:00,false
1982,BILL-1982,VendBill,2022-09-08,108,1,1,Paid In Full,Bluefin Permitting Sep 2022,2022-09-16 06:00:00,false
1983,BILL-1983,VendBill,2022-09-08,109,1,1,Paid In Full,Oxbow Legal LLP Sep 2022,2022-09-10 09:00:00,false
1984,BILL-1984,VendBill,2022-09-09,102,1,1,Paid In Full,Northway Trenching Sep 2022,2022-09-10 05:00:00,false
1985,BILL-1985,VendBill,2022-09-11,102,1,1,Paid In Full,Northway Trenching Sep 2022,2022-09-18 04:00:00,false
1986,BILL-1986,VendBill,2022-09-11,107,1,1,Paid In Full,Keel Engineering Sep 2022,2022-09-18 08:00:00,false
1987,BILL-1987,VendBill,2022-09-12,101,1,1,Paid In Full,Granitepoint Civil Sep 2022,2022-09-14 11:00:00,false
1988,BILL-1988,VendBill,2022-09-12,102,1,1,Paid In Full,Northway Trenching Sep 2022,2022-09-16 11:00:00,false
1989,BILL-1989,VendBill,2022-09-13,101,1,1,Paid In Full,Granitepoint Civil Sep 2022,2022-09-15 09:00:00,false
1990,BILL-1990,VendBill,2022-09-13,111,1,1,Paid In Full,Harrow Staffing Sep 2022,2022-09-16 14:00:00,false
1991,BILL-1991,VendBill,2022-09-14,112,1,1,Paid In Full,Quarrystone Paving Sep 2022,2022-09-17 00:00:00,false
1992,BILL-1992,VendBill,2022-09-15,101,1,1,Paid In Full,Granitepoint Civil Sep 2022,2022-09-20 04:00:00,false
1993,BILL-1993,VendBill,2022-09-15,102,1,1,Paid In Full,Northway Trenching Sep 2022,2022-09-19 07:00:00,false
1994,BILL-1994,VendBill,2022-09-15,103,1,1,Paid In Full,Tamber Aerial Works Sep 2022,2022-09-17 11:00:00,false
1995,BILL-1995,VendBill,2022-09-15,103,1,1,Paid In Full,Tamber Aerial Works Sep 2022,2022-09-19 06:00:00,false
1996,BILL-1996,VendBill,2022-09-16,104,1,1,Paid In Full,Ridgefield Splicing Sep 2022,2022-09-20 05:00:00,false
1997,BILL-1997,VendBill,2022-09-16,104,1,1,Paid In Full,Ridgefield Splicing Sep 2022,2022-09-16 11:00:00,false
1998,BILL-1998,VendBill,2022-09-17,105,2,0.730236,Paid In Full,Lakeshore Fibre Supply Sep 2022,2022-09-17 10:00:00,false
1999,BILL-1999,VendBill,2022-09-17,107,1,1,Paid In Full,Keel Engineering Sep 2022,2022-09-17 23:00:00,false
2000,BILL-2000,VendBill,2022-09-18,102,1,1,Paid In Full,Northway Trenching Sep 2022,2022-09-21 18:00:00,false
2001,BILL-2001,VendBill,2022-09-19,106,2,0.730501,Paid In Full,Maple Conduit Co Sep 2022,2022-09-22 17:00:00,false
2002,BILL-2002,VendBill,2022-09-19,108,1,1,Paid In Full,Bluefin Permitting Sep 2022,2022-09-26 17:00:00,false
2003,BILL-2003,VendBill,2022-09-20,101,1,1,Paid In Full,Granitepoint Civil Sep 2022,2022-09-20 21:00:00,false
2004,BILL-2004,VendBill,2022-09-20,106,2,0.730222,Paid In Full,Maple Conduit Co Sep 2022,2022-09-25 12:00:00,false
2005,BILL-2005,VendBill,2022-09-21,101,1,1,Paid In Full,Granitepoint Civil Sep 2022,2022-09-21 18:00:00,false
2006,BILL-2006,VendBill,2022-09-21,102,1,1,Paid In Full,Northway Trenching Sep 2022,2022-09-24 22:00:00,false
2007,BILL-2007,VendBill,2022-09-21,103,1,1,Paid In Full,Tamber Aerial Works Sep 2022,2022-09-24 12:00:00,false
2008,BILL-2008,VendBill,2022-09-22,108,1,1,Paid In Full,Bluefin Permitting Sep 2022,2022-09-25 10:00:00,false
2009,BILL-2009,VendBill,2022-09-23,101,1,1,Paid In Full,Granitepoint Civil Sep 2022,2022-09-28 01:00:00,false
2010,BILL-2010,VendBill,2022-09-23,101,1,1,Paid In Full,Granitepoint Civil Sep 2022,2022-09-27 11:00:00,false
2011,BILL-2011,VendBill,2022-09-23,104,1,1,Paid In Full,Ridgefield Splicing Sep 2022,2022-09-30 22:00:00,false
2012,BILL-2012,VendBill,2022-09-23,104,1,1,Paid In Full,Ridgefield Splicing Sep 2022,2022-09-29 12:00:00,false
2013,BILL-2013,VendBill,2022-09-25,101,1,1,Paid In Full,Granitepoint Civil Sep 2022,2022-09-27 16:00:00,false
2014,BILL-2014,VendBill,2022-09-25,104,1,1,Paid In Full,Ridgefield Splicing Sep 2022,2022-09-29 13:00:00,false
2015,BILL-2015,VendBill,2022-09-26,107,1,1,Paid In Full,Keel Engineering Sep 2022,2022-09-27 18:00:00,false
2016,BILL-2016,VendBill,2022-09-26,112,1,1,Paid In Full,Quarrystone Paving Sep 2022,2022-09-28 21:00:00,false
2017,BILL-2017,VendBill,2022-09-27,104,1,1,Paid In Full,Ridgefield Splicing Sep 2022,2022-09-29 16:00:00,false
2018,BILL-2018,VendBill,2022-09-28,102,1,1,Paid In Full,Northway Trenching Sep 2022,2022-10-01 18:00:00,false
2019,BILL-2019,VendBill,2022-09-28,102,1,1,Paid In Full,Northway Trenching Sep 2022,2022-10-02 10:00:00,false
2020,BILL-2020,VendBill,2022-09-28,112,1,1,Paid In Full,Quarrystone Paving Sep 2022,2022-10-02 05:00:00,false
2021,BILL-2021,VendBill,2022-10-03,110,1,1,Paid In Full,Crestline Pole Services Oct 2022,2022-10-03 09:00:00,false
2022,BILL-2022,VendBill,2022-10-04,102,1,1,Paid In Full,Northway Trenching Oct 2022,2022-10-11 22:00:00,false
2023,BILL-2023,VendBill,2022-10-04,103,1,1,Paid In Full,Tamber Aerial Works Oct 2022,2022-10-05 06:00:00,false
2024,BILL-2024,VendBill,2022-10-04,106,2,0.720964,Paid In Full,Maple Conduit Co Oct 2022,2022-10-11 14:00:00,false
2025,BILL-2025,VendBill,2022-10-05,101,1,1,Paid In Full,Granitepoint Civil Oct 2022,2022-10-07 19:00:00,false
2026,BILL-2026,VendBill,2022-10-06,108,1,1,Paid In Full,Bluefin Permitting Oct 2022,2022-10-06 15:00:00,false
2027,BILL-2027,VendBill,2022-10-07,101,1,1,Paid In Full,Granitepoint Civil Oct 2022,2022-10-10 19:00:00,false
2028,BILL-2028,VendBill,2022-10-07,103,1,1,Paid In Full,Tamber Aerial Works Oct 2022,2022-10-10 01:00:00,false
2029,BILL-2029,VendBill,2022-10-08,101,1,1,Paid In Full,Granitepoint Civil Oct 2022,2022-10-10 02:00:00,false
2030,BILL-2030,VendBill,2022-10-08,103,1,1,Paid In Full,Tamber Aerial Works Oct 2022,2022-10-15 04:00:00,false
2031,BILL-2031,VendBill,2022-10-08,107,1,1,Paid In Full,Keel Engineering Oct 2022,2022-10-12 00:00:00,false
2032,BILL-2032,VendBill,2022-10-08,112,1,1,Paid In Full,Quarrystone Paving Oct 2022,2022-10-14 02:00:00,false
2033,BILL-2033,VendBill,2022-10-09,101,1,1,Paid In Full,Granitepoint Civil Oct 2022,2022-10-17 06:00:00,false
2034,BILL-2034,VendBill,2022-10-09,101,1,1,Paid In Full,Granitepoint Civil Oct 2022,2022-10-14 12:00:00,false
2035,BILL-2035,VendBill,2022-10-09,102,1,1,Paid In Full,Northway Trenching Oct 2022,2022-10-13 15:00:00,false
2036,BILL-2036,VendBill,2022-10-10,101,1,1,Paid In Full,Granitepoint Civil Oct 2022,2022-10-12 22:00:00,false
2037,BILL-2037,VendBill,2022-10-10,105,2,0.718278,Paid In Full,Lakeshore Fibre Supply Oct 2022,2022-10-14 19:00:00,false
2038,BILL-2038,VendBill,2022-10-10,106,2,0.718278,Paid In Full,Maple Conduit Co Oct 2022,2022-10-16 03:00:00,false
2039,BILL-2039,VendBill,2022-10-11,102,1,1,Paid In Full,Northway Trenching Oct 2022,2022-10-11 16:00:00,false
2040,BILL-2040,VendBill,2022-10-12,102,1,1,Paid In Full,Northway Trenching Oct 2022,2022-10-18 03:00:00,false
2041,BILL-2041,VendBill,2022-10-12,102,1,1,Paid In Full,Northway Trenching Oct 2022,2022-10-20 08:00:00,false
2042,BILL-2042,VendBill,2022-10-12,109,1,1,Paid In Full,Oxbow Legal LLP Oct 2022,2022-10-16 20:00:00,false
2043,BILL-2043,VendBill,2022-10-14,104,1,1,Paid In Full,Ridgefield Splicing Oct 2022,2022-10-18 23:00:00,false
2044,BILL-2044,VendBill,2022-10-14,107,1,1,Paid In Full,Keel Engineering Oct 2022,2022-10-17 03:00:00,false
2045,BILL-2045,VendBill,2022-10-14,112,1,1,Paid In Full,Quarrystone Paving Oct 2022,2022-10-16 08:00:00,false
2046,BILL-2046,VendBill,2022-10-15,101,1,1,Paid In Full,Granitepoint Civil Oct 2022,2022-10-16 01:00:00,false
2047,BILL-2047,VendBill,2022-10-16,101,1,1,Paid In Full,Granitepoint Civil Oct 2022,2022-10-23 14:00:00,false
2048,BILL-2048,VendBill,2022-10-16,112,1,1,Paid In Full,Quarrystone Paving Oct 2022,2022-10-19 22:00:00,false
2049,BILL-2049,VendBill,2022-10-17,101,1,1,Paid In Full,Granitepoint Civil Oct 2022,2022-10-19 02:00:00,false
2050,BILL-2050,VendBill,2022-10-18,102,1,1,Paid In Full,Northway Trenching Oct 2022,2022-10-23 16:00:00,false
2051,BILL-2051,VendBill,2022-10-19,104,1,1,Paid In Full,Ridgefield Splicing Oct 2022,2022-10-24 00:00:00,false
2052,BILL-2052,VendBill,2022-10-19,104,1,1,Paid In Full,Ridgefield Splicing Oct 2022,2022-10-23 04:00:00,false
2053,BILL-2053,VendBill,2022-10-20,103,1,1,Paid In Full,Tamber Aerial Works Oct 2022,2022-10-25 00:00:00,false
2054,BILL-2054,VendBill,2022-10-20,105,2,0.715719,Paid In Full,Lakeshore Fibre Supply Oct 2022,2022-10-23 01:00:00,false
2055,BILL-2055,VendBill,2022-10-20,105,2,0.715719,Paid In Full,Lakeshore Fibre Supply Oct 2022,2022-10-26 05:00:00,false
2056,BILL-2056,VendBill,2022-10-20,106,2,0.715719,Paid In Full,Maple Conduit Co Oct 2022,2022-10-20 13:00:00,false
2057,BILL-2057,VendBill,2022-10-21,111,1,1,Paid In Full,Harrow Staffing Oct 2022,2022-10-24 19:00:00,false
2058,BILL-2058,VendBill,2022-10-22,107,1,1,Paid In Full,Keel Engineering Oct 2022,2022-10-25 14:00:00,false
2059,BILL-2059,VendBill,2022-10-23,101,1,1,Paid In Full,Granitepoint Civil Oct 2022,2022-10-28 04:00:00,false
2060,BILL-2060,VendBill,2022-10-23,103,1,1,Paid In Full,Tamber Aerial Works Oct 2022,2022-10-27 04:00:00,false
2061,BILL-2061,VendBill,2022-10-23,104,1,1,Paid In Full,Ridgefield Splicing Oct 2022,2022-10-24 10:00:00,false
2062,BILL-2062,VendBill,2022-10-23,108,1,1,Paid In Full,Bluefin Permitting Oct 2022,2022-10-23 09:00:00,false
2063,BILL-2063,VendBill,2022-10-24,102,1,1,Paid In Full,Northway Trenching Oct 2022,2022-10-25 09:00:00,false
2064,BILL-2064,VendBill,2022-10-25,102,1,1,Paid In Full,Northway Trenching Oct 2022,2022-10-29 00:00:00,false
2065,BILL-2065,VendBill,2022-10-25,102,1,1,Paid In Full,Northway Trenching Oct 2022,2022-11-02 05:00:00,false
2066,BILL-2066,VendBill,2022-10-26,102,1,1,Paid In Full,Northway Trenching Oct 2022,2022-10-28 00:00:00,false
2067,BILL-2067,VendBill,2022-10-26,104,1,1,Paid In Full,Ridgefield Splicing Oct 2022,2022-11-02 17:00:00,false
2068,BILL-2068,VendBill,2022-10-26,108,1,1,Paid In Full,Bluefin Permitting Oct 2022,2022-10-26 06:00:00,false
2069,BILL-2069,VendBill,2022-10-26,112,1,1,Paid In Full,Quarrystone Paving Oct 2022,2022-10-30 11:00:00,false
2070,BILL-2070,VendBill,2022-10-26,112,1,1,Paid In Full,Quarrystone Paving Oct 2022,2022-10-27 08:00:00,false
2071,BILL-2071,VendBill,2022-10-28,104,1,1,Paid In Full,Ridgefield Splicing Oct 2022,2022-10-28 02:00:00,false
2072,BILL-2072,VendBill,2022-11-03,110,1,1,Paid In Full,Crestline Pole Services Nov 2022,2022-11-04 05:00:00,false
2073,BILL-2073,VendBill,2022-11-04,102,1,1,Paid In Full,Northway Trenching Nov 2022,2022-11-12 04:00:00,false
2074,BILL-2074,VendBill,2022-11-04,105,2,0.714477,Paid In Full,Lakeshore Fibre Supply Nov 2022,2022-11-11 10:00:00,false
2075,BILL-2075,VendBill,2022-11-04,112,1,1,Paid In Full,Quarrystone Paving Nov 2022,2022-11-07 03:00:00,false
2076,BILL-2076,VendBill,2022-11-05,102,1,1,Paid In Full,Northway Trenching Nov 2022,2022-11-11 08:00:00,false
2077,BILL-2077,VendBill,2022-11-05,103,1,1,Paid In Full,Tamber Aerial Works Nov 2022,2022-11-05 06:00:00,false
2078,BILL-2078,VendBill,2022-11-05,106,2,0.714779,Paid In Full,Maple Conduit Co Nov 2022,2022-11-11 23:00:00,false
2079,BILL-2079,VendBill,2022-11-06,106,2,0.711780,Paid In Full,Maple Conduit Co Nov 2022,2022-11-08 05:00:00,false
2080,BILL-2080,VendBill,2022-11-07,102,1,1,Paid In Full,Northway Trenching Nov 2022,2022-11-10 08:00:00,false
2081,BILL-2081,VendBill,2022-11-08,102,1,1,Paid In Full,Northway Trenching Nov 2022,2022-11-15 06:00:00,false
2082,BILL-2082,VendBill,2022-11-08,107,1,1,Paid In Full,Keel Engineering Nov 2022,2022-11-16 07:00:00,false
2083,BILL-2083,VendBill,2022-11-08,107,1,1,Paid In Full,Keel Engineering Nov 2022,2022-11-15 09:00:00,false
2084,BILL-2084,VendBill,2022-11-09,108,1,1,Paid In Full,Bluefin Permitting Nov 2022,2022-11-16 14:00:00,false
2085,BILL-2085,VendBill,2022-11-11,107,1,1,Paid In Full,Keel Engineering Nov 2022,2022-11-11 23:00:00,false
2086,BILL-2086,VendBill,2022-11-12,103,1,1,Paid In Full,Tamber Aerial Works Nov 2022,2022-11-17 11:00:00,false
2087,BILL-2087,VendBill,2022-11-12,104,1,1,Paid In Full,Ridgefield Splicing Nov 2022,2022-11-13 09:00:00,false
2088,BILL-2088,VendBill,2022-11-13,101,1,1,Paid In Full,Granitepoint Civil Nov 2022,2022-11-19 00:00:00,false
2089,BILL-2089,VendBill,2022-11-14,101,1,1,Paid In Full,Granitepoint Civil Nov 2022,2022-11-21 22:00:00,false
2090,BILL-2090,VendBill,2022-11-14,101,1,1,Paid In Full,Granitepoint Civil Nov 2022,2022-11-15 19:00:00,false
2091,BILL-2091,VendBill,2022-11-14,102,1,1,Paid In Full,Northway Trenching Nov 2022,2022-11-15 02:00:00,false
2092,BILL-2092,VendBill,2022-11-14,103,1,1,Paid In Full,Tamber Aerial Works Nov 2022,2022-11-18 17:00:00,false
2093,BILL-2093,VendBill,2022-11-14,109,1,1,Paid In Full,Oxbow Legal LLP Nov 2022,2022-11-18 04:00:00,false
2094,BILL-2094,VendBill,2022-11-15,103,1,1,Paid In Full,Tamber Aerial Works Nov 2022,2022-11-17 17:00:00,false
2095,BILL-2095,VendBill,2022-11-15,104,1,1,Paid In Full,Ridgefield Splicing Nov 2022,2022-11-20 19:00:00,false
2096,BILL-2096,VendBill,2022-11-15,112,1,1,Paid In Full,Quarrystone Paving Nov 2022,2022-11-19 03:00:00,false
2097,BILL-2097,VendBill,2022-11-16,101,1,1,Paid In Full,Granitepoint Civil Nov 2022,2022-11-21 10:00:00,false
2098,BILL-2098,VendBill,2022-11-16,105,2,0.710000,Paid In Full,Lakeshore Fibre Supply Nov 2022,2022-11-21 06:00:00,false
2099,BILL-2099,VendBill,2022-11-16,111,1,1,Paid In Full,Harrow Staffing Nov 2022,2022-11-20 15:00:00,false
2100,BILL-2100,VendBill,2022-11-17,101,1,1,Paid In Full,Granitepoint Civil Nov 2022,2022-11-23 23:00:00,false
2101,BILL-2101,VendBill,2022-11-17,104,1,1,Paid In Full,Ridgefield Splicing Nov 2022,2022-11-18 20:00:00,false
2102,BILL-2102,VendBill,2022-11-18,102,1,1,Paid In Full,Northway Trenching Nov 2022,2022-11-22 09:00:00,false
2103,BILL-2103,VendBill,2022-11-18,106,2,0.710355,Paid In Full,Maple Conduit Co Nov 2022,2022-11-21 03:00:00,false
2104,BILL-2104,VendBill,2022-11-19,101,1,1,Paid In Full,Granitepoint Civil Nov 2022,2022-11-22 07:00:00,false
2105,BILL-2105,VendBill,2022-11-19,112,1,1,Paid In Full,Quarrystone Paving Nov 2022,2022-11-22 00:00:00,false
2106,BILL-2106,VendBill,2022-11-21,105,2,0.710000,Paid In Full,Lakeshore Fibre Supply Nov 2022,2022-11-23 03:00:00,false
2107,BILL-2107,VendBill,2022-11-22,102,1,1,Paid In Full,Northway Trenching Nov 2022,2022-11-27 16:00:00,false
2108,BILL-2108,VendBill,2022-11-22,108,1,1,Paid In Full,Bluefin Permitting Nov 2022,2022-11-29 08:00:00,false
2109,BILL-2109,VendBill,2022-11-22,112,1,1,Paid In Full,Quarrystone Paving Nov 2022,2022-11-22 19:00:00,false
2110,BILL-2110,VendBill,2022-11-23,101,1,1,Paid In Full,Granitepoint Civil Nov 2022,2022-11-25 12:00:00,false
2111,BILL-2111,VendBill,2022-11-23,102,1,1,Paid In Full,Northway Trenching Nov 2022,2022-11-27 02:00:00,false
2112,BILL-2112,VendBill,2022-11-23,103,1,1,Paid In Full,Tamber Aerial Works Nov 2022,2022-11-23 22:00:00,false
2113,BILL-2113,VendBill,2022-11-23,104,1,1,Paid In Full,Ridgefield Splicing Nov 2022,2022-11-26 05:00:00,false
2114,BILL-2114,VendBill,2022-11-24,101,1,1,Paid In Full,Granitepoint Civil Nov 2022,2022-11-29 16:00:00,false
2115,BILL-2115,VendBill,2022-11-24,102,1,1,Paid In Full,Northway Trenching Nov 2022,2022-11-24 10:00:00,false
2116,BILL-2116,VendBill,2022-11-24,104,1,1,Paid In Full,Ridgefield Splicing Nov 2022,2022-12-01 18:00:00,false
2117,BILL-2117,VendBill,2022-11-25,104,1,1,Paid In Full,Ridgefield Splicing Nov 2022,2022-11-27 23:00:00,false
2118,BILL-2118,VendBill,2022-11-25,108,1,1,Paid In Full,Bluefin Permitting Nov 2022,2022-11-30 16:00:00,false
2119,BILL-2119,VendBill,2022-11-27,101,1,1,Paid In Full,Granitepoint Civil Nov 2022,2022-12-02 08:00:00,false
2120,BILL-2120,VendBill,2022-11-27,102,1,1,Paid In Full,Northway Trenching Nov 2022,2022-12-02 14:00:00,false
2121,BILL-2121,VendBill,2022-11-28,101,1,1,Paid In Full,Granitepoint Civil Nov 2022,2022-11-28 15:00:00,false
2122,BILL-2122,VendBill,2022-11-28,112,1,1,Paid In Full,Quarrystone Paving Nov 2022,2022-11-28 04:00:00,false
2123,BILL-2123,VendBill,2022-12-03,110,1,1,Paid In Full,Crestline Pole Services Dec 2022,2022-12-08 00:00:00,false
2124,BILL-2124,VendBill,2022-12-04,112,1,1,Paid In Full,Quarrystone Paving Dec 2022,2022-12-05 17:00:00,false
2125,BILL-2125,VendBill,2022-12-05,102,1,1,Paid In Full,Northway Trenching Dec 2022,2022-12-09 06:00:00,false
2126,BILL-2126,VendBill,2022-12-06,101,1,1,Paid In Full,Granitepoint Civil Dec 2022,2022-12-11 04:00:00,false
2127,BILL-2127,VendBill,2022-12-06,101,1,1,Paid In Full,Granitepoint Civil Dec 2022,2022-12-13 17:00:00,false
2128,BILL-2128,VendBill,2022-12-08,101,1,1,Paid In Full,Granitepoint Civil Dec 2022,2022-12-11 20:00:00,false
2129,BILL-2129,VendBill,2022-12-10,101,1,1,Paid In Full,Granitepoint Civil Dec 2022,2022-12-17 15:00:00,false
2130,BILL-2130,VendBill,2022-12-11,105,2,0.714608,Paid In Full,Lakeshore Fibre Supply Dec 2022,2022-12-18 13:00:00,false
2131,BILL-2131,VendBill,2022-12-11,107,1,1,Paid In Full,Keel Engineering Dec 2022,2022-12-13 06:00:00,false
2132,BILL-2132,VendBill,2022-12-12,102,1,1,Paid In Full,Northway Trenching Dec 2022,2022-12-16 11:00:00,false
2133,BILL-2133,VendBill,2022-12-12,108,1,1,Paid In Full,Bluefin Permitting Dec 2022,2022-12-18 19:00:00,false
2134,BILL-2134,VendBill,2022-12-12,112,1,1,Paid In Full,Quarrystone Paving Dec 2022,2022-12-12 06:00:00,false
2135,BILL-2135,VendBill,2022-12-13,102,1,1,Paid In Full,Northway Trenching Dec 2022,2022-12-16 09:00:00,false
2136,BILL-2136,VendBill,2022-12-13,103,1,1,Paid In Full,Tamber Aerial Works Dec 2022,2022-12-19 01:00:00,false
2137,BILL-2137,VendBill,2022-12-13,104,1,1,Paid In Full,Ridgefield Splicing Dec 2022,2022-12-14 10:00:00,false
2138,BILL-2138,VendBill,2022-12-13,105,2,0.714252,Paid In Full,Lakeshore Fibre Supply Dec 2022,2022-12-15 08:00:00,false
2139,BILL-2139,VendBill,2022-12-13,106,2,0.714252,Paid In Full,Maple Conduit Co Dec 2022,2022-12-20 11:00:00,false
2140,BILL-2140,VendBill,2022-12-13,112,1,1,Paid In Full,Quarrystone Paving Dec 2022,2022-12-16 12:00:00,false
2141,BILL-2141,VendBill,2022-12-14,102,1,1,Paid In Full,Northway Trenching Dec 2022,2022-12-17 01:00:00,false
2142,BILL-2142,VendBill,2022-12-14,103,1,1,Paid In Full,Tamber Aerial Works Dec 2022,2022-12-17 21:00:00,false
2143,BILL-2143,VendBill,2022-12-14,104,1,1,Paid In Full,Ridgefield Splicing Dec 2022,2022-12-14 07:00:00,false
2144,BILL-2144,VendBill,2022-12-14,106,2,0.714780,Paid In Full,Maple Conduit Co Dec 2022,2022-12-14 19:00:00,false
2145,BILL-2145,VendBill,2022-12-14,109,1,1,Paid In Full,Oxbow Legal LLP Dec 2022,2022-12-15 09:00:00,false
2146,BILL-2146,VendBill,2022-12-15,101,1,1,Paid In Full,Granitepoint Civil Dec 2022,2022-12-17 09:00:00,false
2147,BILL-2147,VendBill,2022-12-15,102,1,1,Paid In Full,Northway Trenching Dec 2022,2022-12-16 00:00:00,false
2148,BILL-2148,VendBill,2022-12-15,102,1,1,Paid In Full,Northway Trenching Dec 2022,2022-12-22 03:00:00,false
2149,BILL-2149,VendBill,2022-12-15,107,1,1,Paid In Full,Keel Engineering Dec 2022,2022-12-19 16:00:00,false
2150,BILL-2150,VendBill,2022-12-17,111,1,1,Paid In Full,Harrow Staffing Dec 2022,2022-12-21 19:00:00,false
2151,BILL-2151,VendBill,2022-12-18,101,1,1,Paid In Full,Granitepoint Civil Dec 2022,2022-12-25 14:00:00,false
2152,BILL-2152,VendBill,2022-12-18,101,1,1,Paid In Full,Granitepoint Civil Dec 2022,2022-12-20 07:00:00,false
2153,BILL-2153,VendBill,2022-12-18,103,1,1,Paid In Full,Tamber Aerial Works Dec 2022,2022-12-24 04:00:00,false
2154,BILL-2154,VendBill,2022-12-18,104,1,1,Paid In Full,Ridgefield Splicing Dec 2022,2022-12-22 13:00:00,false
2155,BILL-2155,VendBill,2022-12-18,106,2,0.719155,Paid In Full,Maple Conduit Co Dec 2022,2022-12-24 11:00:00,false
2156,BILL-2156,VendBill,2022-12-19,104,1,1,Paid In Full,Ridgefield Splicing Dec 2022,2022-12-22 03:00:00,false
2157,BILL-2157,VendBill,2022-12-20,101,1,1,Paid In Full,Granitepoint Civil Dec 2022,2022-12-24 08:00:00,false
2158,BILL-2158,VendBill,2022-12-20,102,1,1,Paid In Full,Northway Trenching Dec 2022,2022-12-20 05:00:00,false
2159,BILL-2159,VendBill,2022-12-20,102,1,1,Paid In Full,Northway Trenching Dec 2022,2022-12-25 18:00:00,false
2160,BILL-2160,VendBill,2022-12-20,104,1,1,Paid In Full,Ridgefield Splicing Dec 2022,2022-12-24 13:00:00,false
2161,BILL-2161,VendBill,2022-12-21,101,1,1,Paid In Full,Granitepoint Civil Dec 2022,2022-12-26 20:00:00,false
2162,BILL-2162,VendBill,2022-12-21,102,1,1,Paid In Full,Northway Trenching Dec 2022,2022-12-28 01:00:00,false
2163,BILL-2163,VendBill,2022-12-21,105,2,0.719647,Paid In Full,Lakeshore Fibre Supply Dec 2022,2022-12-27 02:00:00,false
2164,BILL-2164,VendBill,2022-12-24,102,1,1,Paid In Full,Northway Trenching Dec 2022,2022-12-27 04:00:00,false
2165,BILL-2165,VendBill,2022-12-24,108,1,1,Paid In Full,Bluefin Permitting Dec 2022,2022-12-30 04:00:00,false
2166,BILL-2166,VendBill,2022-12-24,112,1,1,Paid In Full,Quarrystone Paving Dec 2022,2022-12-29 09:00:00,false
2167,BILL-2167,VendBill,2022-12-24,112,1,1,Paid In Full,Quarrystone Paving Dec 2022,2022-12-24 04:00:00,false
2168,BILL-2168,VendBill,2022-12-25,101,1,1,Paid In Full,Granitepoint Civil Dec 2022,2023-01-01 10:00:00,false
2169,BILL-2169,VendBill,2022-12-26,107,1,1,Paid In Full,Keel Engineering Dec 2022,2022-12-26 08:00:00,false
2170,BILL-2170,VendBill,2022-12-26,108,1,1,Paid In Full,Bluefin Permitting Dec 2022,2022-12-26 23:00:00,false
2171,BILL-2171,VendBill,2022-12-28,103,1,1,Paid In Full,Tamber Aerial Works Dec 2022,2023-01-04 16:00:00,false
2172,BILL-2172,VendBill,2022-12-28,103,1,1,Paid In Full,Tamber Aerial Works Dec 2022,2022-12-31 19:00:00,false
2173,BILL-2173,VendBill,2022-12-28,104,1,1,Paid In Full,Ridgefield Splicing Dec 2022,2022-12-29 23:00:00,false
2174,BILL-2174,VendBill,2023-01-03,110,1,1,Paid In Full,Crestline Pole Services Jan 2023,2023-01-04 07:00:00,false
2175,BILL-2175,VendBill,2023-01-04,101,1,1,Paid In Full,Granitepoint Civil Jan 2023,2023-01-04 17:00:00,false
2176,BILL-2176,VendBill,2023-01-06,102,1,1,Paid In Full,Northway Trenching Jan 2023,2023-01-12 15:00:00,false
2177,BILL-2177,VendBill,2023-01-07,102,1,1,Paid In Full,Northway Trenching Jan 2023,2023-01-13 11:00:00,false
2178,BILL-2178,VendBill,2023-01-07,107,1,1,Paid In Full,Keel Engineering Jan 2023,2023-01-13 04:00:00,false
2179,BILL-2179,VendBill,2023-01-08,102,1,1,Paid In Full,Northway Trenching Jan 2023,2023-01-08 14:00:00,false
2180,BILL-2180,VendBill,2023-01-08,103,1,1,Paid In Full,Tamber Aerial Works Jan 2023,2023-01-09 17:00:00,false
2181,BILL-2181,VendBill,2023-01-08,106,2,0.722993,Paid In Full,Maple Conduit Co Jan 2023,2023-01-14 23:00:00,false
2182,BILL-2182,VendBill,2023-01-08,112,1,1,Paid In Full,Quarrystone Paving Jan 2023,2023-01-14 17:00:00,false
2183,BILL-2183,VendBill,2023-01-09,102,1,1,Paid In Full,Northway Trenching Jan 2023,2023-01-12 23:00:00,false
2184,BILL-2184,VendBill,2023-01-10,103,1,1,Paid In Full,Tamber Aerial Works Jan 2023,2023-01-15 01:00:00,false
2185,BILL-2185,VendBill,2023-01-10,109,1,1,Paid In Full,Oxbow Legal LLP Jan 2023,2023-01-14 20:00:00,false
2186,BILL-2186,VendBill,2023-01-11,101,1,1,Paid In Full,Granitepoint Civil Jan 2023,2023-01-14 10:00:00,false
2187,BILL-2187,VendBill,2023-01-11,103,1,1,Paid In Full,Tamber Aerial Works Jan 2023,2023-01-14 10:00:00,false
2188,BILL-2188,VendBill,2023-01-12,105,2,0.718736,Paid In Full,Lakeshore Fibre Supply Jan 2023,2023-01-12 14:00:00,false
2189,BILL-2189,VendBill,2023-01-12,112,1,1,Paid In Full,Quarrystone Paving Jan 2023,2023-01-13 11:00:00,false
2190,BILL-2190,VendBill,2023-01-13,101,1,1,Paid In Full,Granitepoint Civil Jan 2023,2023-01-20 06:00:00,false
2191,BILL-2191,VendBill,2023-01-14,101,1,1,Paid In Full,Granitepoint Civil Jan 2023,2023-01-17 00:00:00,false
2192,BILL-2192,VendBill,2023-01-14,106,2,0.718320,Paid In Full,Maple Conduit Co Jan 2023,2023-01-21 17:00:00,false
2193,BILL-2193,VendBill,2023-01-15,101,1,1,Paid In Full,Granitepoint Civil Jan 2023,2023-01-21 05:00:00,false
2194,BILL-2194,VendBill,2023-01-15,102,1,1,Paid In Full,Northway Trenching Jan 2023,2023-01-18 20:00:00,false
2195,BILL-2195,VendBill,2023-01-15,107,1,1,Paid In Full,Keel Engineering Jan 2023,2023-01-21 19:00:00,false
2196,BILL-2196,VendBill,2023-01-16,108,1,1,Paid In Full,Bluefin Permitting Jan 2023,2023-01-17 09:00:00,false
2197,BILL-2197,VendBill,2023-01-17,111,1,1,Paid In Full,Harrow Staffing Jan 2023,2023-01-17 22:00:00,false
2198,BILL-2198,VendBill,2023-01-17,112,1,1,Paid In Full,Quarrystone Paving Jan 2023,2023-01-17 03:00:00,false
2199,BILL-2199,VendBill,2023-01-17,112,1,1,Paid In Full,Quarrystone Paving Jan 2023,2023-01-20 03:00:00,false
2200,BILL-2200,VendBill,2023-01-18,103,1,1,Paid In Full,Tamber Aerial Works Jan 2023,2023-01-18 14:00:00,false
2201,BILL-2201,VendBill,2023-01-18,104,1,1,Paid In Full,Ridgefield Splicing Jan 2023,2023-01-25 02:00:00,false
2202,BILL-2202,VendBill,2023-01-19,101,1,1,Paid In Full,Granitepoint Civil Jan 2023,2023-01-19 23:00:00,false
2203,BILL-2203,VendBill,2023-01-19,105,2,0.719854,Paid In Full,Lakeshore Fibre Supply Jan 2023,2023-01-26 14:00:00,false
2204,BILL-2204,VendBill,2023-01-20,101,1,1,Paid In Full,Granitepoint Civil Jan 2023,2023-01-24 20:00:00,false
2205,BILL-2205,VendBill,2023-01-20,102,1,1,Paid In Full,Northway Trenching Jan 2023,2023-01-20 22:00:00,false
2206,BILL-2206,VendBill,2023-01-20,104,1,1,Paid In Full,Ridgefield Splicing Jan 2023,2023-01-25 02:00:00,false
2207,BILL-2207,VendBill,2023-01-20,105,2,0.720222,Paid In Full,Lakeshore Fibre Supply Jan 2023,2023-01-25 23:00:00,false
2208,BILL-2208,VendBill,2023-01-20,106,2,0.720222,Paid In Full,Maple Conduit Co Jan 2023,2023-01-20 08:00:00,false
2209,BILL-2209,VendBill,2023-01-21,102,1,1,Paid In Full,Northway Trenching Jan 2023,2023-01-24 10:00:00,false
2210,BILL-2210,VendBill,2023-01-21,103,1,1,Paid In Full,Tamber Aerial Works Jan 2023,2023-01-25 19:00:00,false
2211,BILL-2211,VendBill,2023-01-21,104,1,1,Paid In Full,Ridgefield Splicing Jan 2023,2023-01-22 12:00:00,false
2212,BILL-2212,VendBill,2023-01-21,104,1,1,Paid In Full,Ridgefield Splicing Jan 2023,2023-01-21 18:00:00,false
2213,BILL-2213,VendBill,2023-01-21,108,1,1,Paid In Full,Bluefin Permitting Jan 2023,2023-01-28 16:00:00,false
2214,BILL-2214,VendBill,2023-01-22,104,1,1,Paid In Full,Ridgefield Splicing Jan 2023,2023-01-29 10:00:00,false
2215,BILL-2215,VendBill,2023-01-23,101,1,1,Paid In Full,Granitepoint Civil Jan 2023,2023-01-24 17:00:00,false
2216,BILL-2216,VendBill,2023-01-23,107,1,1,Paid In Full,Keel Engineering Jan 2023,2023-01-29 22:00:00,false
2217,BILL-2217,VendBill,2023-01-23,108,1,1,Paid In Full,Bluefin Permitting Jan 2023,2023-01-25 03:00:00,false
2218,BILL-2218,VendBill,2023-01-24,104,1,1,Paid In Full,Ridgefield Splicing Jan 2023,2023-02-01 06:00:00,false
2219,BILL-2219,VendBill,2023-01-26,101,1,1,Paid In Full,Granitepoint Civil Jan 2023,2023-01-27 09:00:00,false
2220,BILL-2220,VendBill,2023-01-26,102,1,1,Paid In Full,Northway Trenching Jan 2023,2023-01-31 14:00:00,false
2221,BILL-2221,VendBill,2023-01-26,112,1,1,Paid In Full,Quarrystone Paving Jan 2023,2023-02-01 02:00:00,false
2222,BILL-2222,VendBill,2023-01-27,102,1,1,Paid In Full,Northway Trenching Jan 2023,2023-02-03 17:00:00,false
2223,BILL-2223,VendBill,2023-01-28,101,1,1,Paid In Full,Granitepoint Civil Jan 2023,2023-02-02 03:00:00,false
2224,BILL-2224,VendBill,2023-01-28,102,1,1,Paid In Full,Northway Trenching Jan 2023,2023-02-01 03:00:00,false
2225,BILL-2225,VendBill,2023-02-03,110,1,1,Paid In Full,Crestline Pole Services Feb 2023,2023-02-03 02:00:00,false
2226,BILL-2226,VendBill,2023-02-04,102,1,1,Paid In Full,Northway Trenching Feb 2023,2023-02-07 04:00:00,false
2227,BILL-2227,VendBill,2023-02-04,103,1,1,Paid In Full,Tamber Aerial Works Feb 2023,2023-02-05 01:00:00,false
2228,BILL-2228,VendBill,2023-02-04,103,1,1,Paid In Full,Tamber Aerial Works Feb 2023,2023-02-07 12:00:00,false
2229,BILL-2229,VendBill,2023-02-04,112,1,1,Paid In Full,Quarrystone Paving Feb 2023,2023-02-04 10:00:00,false
2230,BILL-2230,VendBill,2023-02-07,103,1,1,Paid In Full,Tamber Aerial Works Feb 2023,2023-02-12 10:00:00,false
2231,BILL-2231,VendBill,2023-02-07,106,2,0.713167,Paid In Full,Maple Conduit Co Feb 2023,2023-02-07 14:00:00,false
2232,BILL-2232,VendBill,2023-02-10,101,1,1,Paid In Full,Granitepoint Civil Feb 2023,2023-02-15 03:00:00,false
2233,BILL-2233,VendBill,2023-02-10,101,1,1,Paid In Full,Granitepoint Civil Feb 2023,2023-02-17 03:00:00,false
2234,BILL-2234,VendBill,2023-02-10,105,2,0.712046,Paid In Full,Lakeshore Fibre Supply Feb 2023,2023-02-17 11:00:00,false
2235,BILL-2235,VendBill,2023-02-10,107,1,1,Paid In Full,Keel Engineering Feb 2023,2023-02-10 20:00:00,false
2236,BILL-2236,VendBill,2023-02-11,101,1,1,Paid In Full,Granitepoint Civil Feb 2023,2023-02-14 01:00:00,false
2237,BILL-2237,VendBill,2023-02-11,101,1,1,Paid In Full,Granitepoint Civil Feb 2023,2023-02-15 16:00:00,false
2238,BILL-2238,VendBill,2023-02-11,102,1,1,Paid In Full,Northway Trenching Feb 2023,2023-02-18 01:00:00,false
2239,BILL-2239,VendBill,2023-02-11,103,1,1,Paid In Full,Tamber Aerial Works Feb 2023,2023-02-17 13:00:00,false
2240,BILL-2240,VendBill,2023-02-11,105,2,0.710000,Paid In Full,Lakeshore Fibre Supply Feb 2023,2023-02-14 16:00:00,false
2241,BILL-2241,VendBill,2023-02-11,106,2,0.710000,Paid In Full,Maple Conduit Co Feb 2023,2023-02-12 19:00:00,false
2242,BILL-2242,VendBill,2023-02-11,107,1,1,Paid In Full,Keel Engineering Feb 2023,2023-02-19 06:00:00,false
2243,BILL-2243,VendBill,2023-02-13,104,1,1,Paid In Full,Ridgefield Splicing Feb 2023,2023-02-17 03:00:00,false
2244,BILL-2244,VendBill,2023-02-14,101,1,1,Paid In Full,Granitepoint Civil Feb 2023,2023-02-20 01:00:00,false
2245,BILL-2245,VendBill,2023-02-14,108,1,1,Paid In Full,Bluefin Permitting Feb 2023,2023-02-21 05:00:00,false
2246,BILL-2246,VendBill,2023-02-15,109,1,1,Paid In Full,Oxbow Legal LLP Feb 2023,2023-02-15 11:00:00,false
2247,BILL-2247,VendBill,2023-02-15,112,1,1,Paid In Full,Quarrystone Paving Feb 2023,2023-02-19 16:00:00,false
2248,BILL-2248,VendBill,2023-02-15,112,1,1,Paid In Full,Quarrystone Paving Feb 2023,2023-02-17 10:00:00,false
2249,BILL-2249,VendBill,2023-02-16,101,1,1,Paid In Full,Granitepoint Civil Feb 2023,2023-02-22 05:00:00,false
2250,BILL-2250,VendBill,2023-02-17,101,1,1,Paid In Full,Granitepoint Civil Feb 2023,2023-02-25 03:00:00,false
2251,BILL-2251,VendBill,2023-02-17,104,1,1,Paid In Full,Ridgefield Splicing Feb 2023,2023-02-20 22:00:00,false
2252,BILL-2252,VendBill,2023-02-17,104,1,1,Paid In Full,Ridgefield Splicing Feb 2023,2023-02-22 22:00:00,false
2253,BILL-2253,VendBill,2023-02-18,102,1,1,Paid In Full,Northway Trenching Feb 2023,2023-02-18 13:00:00,false
2254,BILL-2254,VendBill,2023-02-19,102,1,1,Paid In Full,Northway Trenching Feb 2023,2023-02-19 02:00:00,false
2255,BILL-2255,VendBill,2023-02-20,101,1,1,Paid In Full,Granitepoint Civil Feb 2023,2023-02-21 22:00:00,false
2256,BILL-2256,VendBill,2023-02-20,106,2,0.714438,Paid In Full,Maple Conduit Co Feb 2023,2023-02-21 19:00:00,false
2257,BILL-2257,VendBill,2023-02-20,111,1,1,Paid In Full,Harrow Staffing Feb 2023,2023-02-24 20:00:00,false
2258,BILL-2258,VendBill,2023-02-21,101,1,1,Paid In Full,Granitepoint Civil Feb 2023,2023-02-23 03:00:00,false
2259,BILL-2259,VendBill,2023-02-21,102,1,1,Paid In Full,Northway Trenching Feb 2023,2023-02-24 05:00:00,false
2260,BILL-2260,VendBill,2023-02-21,105,2,0.717509,Paid In Full,Lakeshore Fibre Supply Feb 2023,2023-02-23 02:00:00,false
2261,BILL-2261,VendBill,2023-02-22,102,1,1,Paid In Full,Northway Trenching Feb 2023,2023-03-01 23:00:00,false
2262,BILL-2262,VendBill,2023-02-22,112,1,1,Paid In Full,Quarrystone Paving Feb 2023,2023-02-25 18:00:00,false
2263,BILL-2263,VendBill,2023-02-23,108,1,1,Paid In Full,Bluefin Permitting Feb 2023,2023-03-01 22:00:00,false
2264,BILL-2264,VendBill,2023-02-24,102,1,1,Paid In Full,Northway Trenching Feb 2023,2023-03-02 17:00:00,false
2265,BILL-2265,VendBill,2023-02-24,102,1,1,Paid In Full,Northway Trenching Feb 2023,2023-02-24 23:00:00,false
2266,BILL-2266,VendBill,2023-02-24,104,1,1,Paid In Full,Ridgefield Splicing Feb 2023,2023-02-27 15:00:00,false
2267,BILL-2267,VendBill,2023-02-24,104,1,1,Paid In Full,Ridgefield Splicing Feb 2023,2023-02-28 15:00:00,false
2268,BILL-2268,VendBill,2023-02-24,107,1,1,Paid In Full,Keel Engineering Feb 2023,2023-02-25 18:00:00,false
2269,BILL-2269,VendBill,2023-02-24,108,1,1,Paid In Full,Bluefin Permitting Feb 2023,2023-02-24 15:00:00,false
2270,BILL-2270,VendBill,2023-02-25,101,1,1,Paid In Full,Granitepoint Civil Feb 2023,2023-03-02 13:00:00,false
2271,BILL-2271,VendBill,2023-02-25,104,1,1,Paid In Full,Ridgefield Splicing Feb 2023,2023-03-03 16:00:00,false
2272,BILL-2272,VendBill,2023-02-26,112,1,1,Paid In Full,Quarrystone Paving Feb 2023,2023-03-06 05:00:00,false
2273,BILL-2273,VendBill,2023-02-27,102,1,1,Paid In Full,Northway Trenching Feb 2023,2023-03-06 17:00:00,false
2274,BILL-2274,VendBill,2023-02-27,103,1,1,Paid In Full,Tamber Aerial Works Feb 2023,2023-03-03 13:00:00,false
2275,BILL-2275,VendBill,2023-02-28,102,1,1,Paid In Full,Northway Trenching Feb 2023,2023-03-07 15:00:00,false
2276,BILL-2276,VendBill,2023-03-03,110,1,1,Paid In Full,Crestline Pole Services Mar 2023,2023-03-09 14:00:00,false
2277,BILL-2277,VendBill,2023-03-05,102,1,1,Paid In Full,Northway Trenching Mar 2023,2023-03-12 06:00:00,false
2278,BILL-2278,VendBill,2023-03-05,112,1,1,Paid In Full,Quarrystone Paving Mar 2023,2023-03-06 09:00:00,false
2279,BILL-2279,VendBill,2023-03-06,102,1,1,Paid In Full,Northway Trenching Mar 2023,2023-03-14 06:00:00,false
2280,BILL-2280,VendBill,2023-03-06,108,1,1,Paid In Full,Bluefin Permitting Mar 2023,2023-03-13 08:00:00,false
2281,BILL-2281,VendBill,2023-03-07,106,2,0.713493,Paid In Full,Maple Conduit Co Mar 2023,2023-03-07 04:00:00,false
2282,BILL-2282,VendBill,2023-03-08,101,1,1,Paid In Full,Granitepoint Civil Mar 2023,2023-03-10 00:00:00,false
2283,BILL-2283,VendBill,2023-03-08,102,1,1,Paid In Full,Northway Trenching Mar 2023,2023-03-16 05:00:00,false
2284,BILL-2284,VendBill,2023-03-09,102,1,1,Paid In Full,Northway Trenching Mar 2023,2023-03-16 23:00:00,false
2285,BILL-2285,VendBill,2023-03-09,108,1,1,Paid In Full,Bluefin Permitting Mar 2023,2023-03-13 23:00:00,false
2286,BILL-2286,VendBill,2023-03-10,101,1,1,Paid In Full,Granitepoint Civil Mar 2023,2023-03-10 14:00:00,false
2287,BILL-2287,VendBill,2023-03-10,103,1,1,Paid In Full,Tamber Aerial Works Mar 2023,2023-03-16 18:00:00,false
2288,BILL-2288,VendBill,2023-03-11,103,1,1,Paid In Full,Tamber Aerial Works Mar 2023,2023-03-15 16:00:00,false
2289,BILL-2289,VendBill,2023-03-11,104,1,1,Paid In Full,Ridgefield Splicing Mar 2023,2023-03-13 18:00:00,false
2290,BILL-2290,VendBill,2023-03-11,109,1,1,Paid In Full,Oxbow Legal LLP Mar 2023,2023-03-11 18:00:00,false
2291,BILL-2291,VendBill,2023-03-12,103,1,1,Paid In Full,Tamber Aerial Works Mar 2023,2023-03-14 15:00:00,false
2292,BILL-2292,VendBill,2023-03-12,105,2,0.719038,Paid In Full,Lakeshore Fibre Supply Mar 2023,2023-03-19 12:00:00,false
2293,BILL-2293,VendBill,2023-03-12,106,2,0.719038,Paid In Full,Maple Conduit Co Mar 2023,2023-03-18 18:00:00,false
2294,BILL-2294,VendBill,2023-03-14,106,2,0.721237,Paid In Full,Maple Conduit Co Mar 2023,2023-03-16 13:00:00,false
2295,BILL-2295,VendBill,2023-03-15,101,1,1,Paid In Full,Granitepoint Civil Mar 2023,2023-03-23 01:00:00,false
2296,BILL-2296,VendBill,2023-03-15,103,1,1,Paid In Full,Tamber Aerial Works Mar 2023,2023-03-15 13:00:00,false
2297,BILL-2297,VendBill,2023-03-15,107,1,1,Paid In Full,Keel Engineering Mar 2023,2023-03-19 22:00:00,false
2298,BILL-2298,VendBill,2023-03-16,101,1,1,Paid In Full,Granitepoint Civil Mar 2023,2023-03-18 07:00:00,false
2299,BILL-2299,VendBill,2023-03-16,108,1,1,Paid In Full,Bluefin Permitting Mar 2023,2023-03-20 01:00:00,false
2300,BILL-2300,VendBill,2023-03-17,104,1,1,Paid In Full,Ridgefield Splicing Mar 2023,2023-03-18 01:00:00,false
2301,BILL-2301,VendBill,2023-03-17,112,1,1,Paid In Full,Quarrystone Paving Mar 2023,2023-03-18 16:00:00,false
2302,BILL-2302,VendBill,2023-03-18,101,1,1,Paid In Full,Granitepoint Civil Mar 2023,2023-03-21 13:00:00,false
2303,BILL-2303,VendBill,2023-03-19,105,2,0.722067,Paid In Full,Lakeshore Fibre Supply Mar 2023,2023-03-26 10:00:00,false
2304,BILL-2304,VendBill,2023-03-19,105,2,0.722067,Paid In Full,Lakeshore Fibre Supply Mar 2023,2023-03-25 18:00:00,false
2305,BILL-2305,VendBill,2023-03-20,102,1,1,Paid In Full,Northway Trenching Mar 2023,2023-03-26 08:00:00,false
2306,BILL-2306,VendBill,2023-03-20,104,1,1,Paid In Full,Ridgefield Splicing Mar 2023,2023-03-25 07:00:00,false
2307,BILL-2307,VendBill,2023-03-20,111,1,1,Paid In Full,Harrow Staffing Mar 2023,2023-03-22 09:00:00,false
2308,BILL-2308,VendBill,2023-03-21,101,1,1,Paid In Full,Granitepoint Civil Mar 2023,2023-03-25 11:00:00,false
2309,BILL-2309,VendBill,2023-03-21,101,1,1,Paid In Full,Granitepoint Civil Mar 2023,2023-03-22 17:00:00,false
2310,BILL-2310,VendBill,2023-03-21,102,1,1,Paid In Full,Northway Trenching Mar 2023,2023-03-22 03:00:00,false
2311,BILL-2311,VendBill,2023-03-21,112,1,1,Paid In Full,Quarrystone Paving Mar 2023,2023-03-27 10:00:00,false
2312,BILL-2312,VendBill,2023-03-21,112,1,1,Paid In Full,Quarrystone Paving Mar 2023,2023-03-24 00:00:00,false
2313,BILL-2313,VendBill,2023-03-22,101,1,1,Paid In Full,Granitepoint Civil Mar 2023,2023-03-26 00:00:00,false
2314,BILL-2314,VendBill,2023-03-22,101,1,1,Paid In Full,Granitepoint Civil Mar 2023,2023-03-24 08:00:00,false
2315,BILL-2315,VendBill,2023-03-22,102,1,1,Paid In Full,Northway Trenching Mar 2023,2023-03-24 05:00:00,false
2316,BILL-2316,VendBill,2023-03-23,104,1,1,Paid In Full,Ridgefield Splicing Mar 2023,2023-03-24 06:00:00,false
2317,BILL-2317,VendBill,2023-03-24,101,1,1,Paid In Full,Granitepoint Civil Mar 2023,2023-03-29 09:00:00,false
2318,BILL-2318,VendBill,2023-03-24,112,1,1,Paid In Full,Quarrystone Paving Mar 2023,2023-03-27 03:00:00,false
2319,BILL-2319,VendBill,2023-03-25,102,1,1,Paid In Full,Northway Trenching Mar 2023,2023-03-31 21:00:00,false
2320,BILL-2320,VendBill,2023-03-25,104,1,1,Paid In Full,Ridgefield Splicing Mar 2023,2023-03-31 17:00:00,false
2321,BILL-2321,VendBill,2023-03-25,107,1,1,Paid In Full,Keel Engineering Mar 2023,2023-03-30 08:00:00,false
2322,BILL-2322,VendBill,2023-03-26,102,1,1,Paid In Full,Northway Trenching Mar 2023,2023-04-02 05:00:00,false
2323,BILL-2323,VendBill,2023-03-26,104,1,1,Paid In Full,Ridgefield Splicing Mar 2023,2023-03-31 05:00:00,false
2324,BILL-2324,VendBill,2023-03-26,107,1,1,Paid In Full,Keel Engineering Mar 2023,2023-03-26 15:00:00,false
2325,BILL-2325,VendBill,2023-03-27,103,1,1,Paid In Full,Tamber Aerial Works Mar 2023,2023-04-04 00:00:00,false
2326,BILL-2326,VendBill,2023-03-28,102,1,1,Paid In Full,Northway Trenching Mar 2023,2023-04-03 05:00:00,false
2327,BILL-2327,VendBill,2023-04-03,110,1,1,Paid In Full,Crestline Pole Services Apr 2023,2023-04-05 07:00:00,false
2328,BILL-2328,VendBill,2023-04-05,102,1,1,Paid In Full,Northway Trenching Apr 2023,2023-04-06 17:00:00,false
2329,BILL-2329,VendBill,2023-04-05,103,1,1,Paid In Full,Tamber Aerial Works Apr 2023,2023-04-08 21:00:00,false
2330,BILL-2330,VendBill,2023-04-05,112,1,1,Paid In Full,Quarrystone Paving Apr 2023,2023-04-13 05:00:00,false
2331,BILL-2331,VendBill,2023-04-06,102,1,1,Paid In Full,Northway Trenching Apr 2023,2023-04-06 19:00:00,false
2332,BILL-2332,VendBill,2023-04-06,102,1,1,Paid In Full,Northway Trenching Apr 2023,2023-04-10 08:00:00,false
2333,BILL-2333,VendBill,2023-04-07,101,1,1,Paid In Full,Granitepoint Civil Apr 2023,2023-04-07 20:00:00,false
2334,BILL-2334,VendBill,2023-04-08,101,1,1,Paid In Full,Granitepoint Civil Apr 2023,2023-04-09 23:00:00,false
2335,BILL-2335,VendBill,2023-04-09,103,1,1,Paid In Full,Tamber Aerial Works Apr 2023,2023-04-10 21:00:00,false
2336,BILL-2336,VendBill,2023-04-09,107,1,1,Paid In Full,Keel Engineering Apr 2023,2023-04-16 17:00:00,false
2337,BILL-2337,VendBill,2023-04-09,109,1,1,Paid In Full,Oxbow Legal LLP Apr 2023,2023-04-10 06:00:00,false
2338,BILL-2338,VendBill,2023-04-10,112,1,1,Paid In Full,Quarrystone Paving Apr 2023,2023-04-14 00:00:00,false
2339,BILL-2339,VendBill,2023-04-11,105,2,0.721716,Paid In Full,Lakeshore Fibre Supply Apr 2023,2023-04-11 04:00:00,false
2340,BILL-2340,VendBill,2023-04-12,102,1,1,Paid In Full,Northway Trenching Apr 2023,2023-04-13 19:00:00,false
2341,BILL-2341,VendBill,2023-04-12,106,2,0.719939,Paid In Full,Maple Conduit Co Apr 2023,2023-04-15 17:00:00,false
2342,BILL-2342,VendBill,2023-04-14,101,1,1,Paid In Full,Granitepoint Civil Apr 2023,2023-04-17 04:00:00,false
2343,BILL-2343,VendBill,2023-04-14,101,1,1,Paid In Full,Granitepoint Civil Apr 2023,2023-04-16 19:00:00,false
2344,BILL-2344,VendBill,2023-04-14,102,1,1,Paid In Full,Northway Trenching Apr 2023,2023-04-21 18:00:00,false
2345,BILL-2345,VendBill,2023-04-15,101,1,1,Paid In Full,Granitepoint Civil Apr 2023,2023-04-18 04:00:00,false
2346,BILL-2346,VendBill,2023-04-15,103,1,1,Paid In Full,Tamber Aerial Works Apr 2023,2023-04-22 11:00:00,false
2347,BILL-2347,VendBill,2023-04-15,112,1,1,Paid In Full,Quarrystone Paving Apr 2023,2023-04-21 16:00:00,false
2348,BILL-2348,VendBill,2023-04-16,104,1,1,Paid In Full,Ridgefield Splicing Apr 2023,2023-04-19 16:00:00,false
2349,BILL-2349,VendBill,2023-04-16,104,1,1,Paid In Full,Ridgefield Splicing Apr 2023,2023-04-17 19:00:00,false
2350,BILL-2350,VendBill,2023-04-16,106,2,0.722124,Paid In Full,Maple Conduit Co Apr 2023,2023-04-17 06:00:00,false
2351,BILL-2351,VendBill,2023-04-17,104,1,1,Paid In Full,Ridgefield Splicing Apr 2023,2023-04-22 03:00:00,false
2352,BILL-2352,VendBill,2023-04-17,106,2,0.720424,Paid In Full,Maple Conduit Co Apr 2023,2023-04-25 03:00:00,false
2353,BILL-2353,VendBill,2023-04-17,107,1,1,Paid In Full,Keel Engineering Apr 2023,2023-04-20 18:00:00,false
2354,BILL-2354,VendBill,2023-04-18,101,1,1,Paid In Full,Granitepoint Civil Apr 2023,2023-04-19 00:00:00,false
2355,BILL-2355,VendBill,2023-04-18,102,1,1,Paid In Full,Northway Trenching Apr 2023,2023-04-25 23:00:00,false
2356,BILL-2356,VendBill,2023-04-18,108,1,1,Paid In Full,Bluefin Permitting Apr 2023,2023-04-19 13:00:00,false
2357,BILL-2357,VendBill,2023-04-19,108,1,1,Paid In Full,Bluefin Permitting Apr 2023,2023-04-22 14:00:00,false
2358,BILL-2358,VendBill,2023-04-20,102,1,1,Paid In Full,Northway Trenching Apr 2023,2023-04-23 00:00:00,false
2359,BILL-2359,VendBill,2023-04-20,105,2,0.721702,Paid In Full,Lakeshore Fibre Supply Apr 2023,2023-04-23 00:00:00,false
2360,BILL-2360,VendBill,2023-04-20,108,1,1,Paid In Full,Bluefin Permitting Apr 2023,2023-04-25 22:00:00,false
2361,BILL-2361,VendBill,2023-04-21,102,1,1,Paid In Full,Northway Trenching Apr 2023,2023-04-26 08:00:00,false
2362,BILL-2362,VendBill,2023-04-21,105,2,0.721509,Paid In Full,Lakeshore Fibre Supply Apr 2023,2023-04-28 02:00:00,false
2363,BILL-2363,VendBill,2023-04-22,103,1,1,Paid In Full,Tamber Aerial Works Apr 2023,2023-04-27 19:00:00,false
2364,BILL-2364,VendBill,2023-04-22,104,1,1,Paid In Full,Ridgefield Splicing Apr 2023,2023-04-23 21:00:00,false
2365,BILL-2365,VendBill,2023-04-23,101,1,1,Paid In Full,Granitepoint Civil Apr 2023,2023-04-28 00:00:00,false
2366,BILL-2366,VendBill,2023-04-23,102,1,1,Paid In Full,Northway Trenching Apr 2023,2023-04-26 11:00:00,false
2367,BILL-2367,VendBill,2023-04-23,112,1,1,Paid In Full,Quarrystone Paving Apr 2023,2023-05-01 04:00:00,false
2368,BILL-2368,VendBill,2023-04-25,101,1,1,Paid In Full,Granitepoint Civil Apr 2023,2023-04-29 15:00:00,false
2369,BILL-2369,VendBill,2023-04-25,102,1,1,Paid In Full,Northway Trenching Apr 2023,2023-04-30 04:00:00,false
2370,BILL-2370,VendBill,2023-04-25,104,1,1,Paid In Full,Ridgefield Splicing Apr 2023,2023-04-27 02:00:00,false
2371,BILL-2371,VendBill,2023-04-25,104,1,1,Paid In Full,Ridgefield Splicing Apr 2023,2023-04-27 23:00:00,false
2372,BILL-2372,VendBill,2023-04-25,107,1,1,Paid In Full,Keel Engineering Apr 2023,2023-04-26 20:00:00,false
2373,BILL-2373,VendBill,2023-04-26,101,1,1,Paid In Full,Granitepoint Civil Apr 2023,2023-05-03 07:00:00,false
2374,BILL-2374,VendBill,2023-04-26,101,1,1,Paid In Full,Granitepoint Civil Apr 2023,2023-05-03 14:00:00,false
2375,BILL-2375,VendBill,2023-04-27,111,1,1,Paid In Full,Harrow Staffing Apr 2023,2023-05-01 11:00:00,false
2376,BILL-2376,VendBill,2023-04-27,112,1,1,Paid In Full,Quarrystone Paving Apr 2023,2023-04-28 06:00:00,false
2377,BILL-2377,VendBill,2023-04-28,103,1,1,Paid In Full,Tamber Aerial Works Apr 2023,2023-05-01 10:00:00,false
2378,BILL-2378,VendBill,2023-05-03,105,2,0.717013,Paid In Full,Lakeshore Fibre Supply May 2023,2023-05-08 03:00:00,false
2379,BILL-2379,VendBill,2023-05-03,110,1,1,Paid In Full,Crestline Pole Services May 2023,2023-05-08 03:00:00,false
2380,BILL-2380,VendBill,2023-05-04,102,1,1,Paid In Full,Northway Trenching May 2023,2023-05-07 09:00:00,false
2381,BILL-2381,VendBill,2023-05-04,112,1,1,Paid In Full,Quarrystone Paving May 2023,2023-05-09 06:00:00,false
2382,BILL-2382,VendBill,2023-05-04,112,1,1,Paid In Full,Quarrystone Paving May 2023,2023-05-10 09:00:00,false
2383,BILL-2383,VendBill,2023-05-05,101,1,1,Paid In Full,Granitepoint Civil May 2023,2023-05-10 12:00:00,false
2384,BILL-2384,VendBill,2023-05-05,101,1,1,Paid In Full,Granitepoint Civil May 2023,2023-05-10 16:00:00,false
2385,BILL-2385,VendBill,2023-05-05,102,1,1,Paid In Full,Northway Trenching May 2023,2023-05-09 09:00:00,false
2386,BILL-2386,VendBill,2023-05-05,106,2,0.717559,Paid In Full,Maple Conduit Co May 2023,2023-05-06 12:00:00,false
2387,BILL-2387,VendBill,2023-05-05,112,1,1,Paid In Full,Quarrystone Paving May 2023,2023-05-12 03:00:00,false
2388,BILL-2388,VendBill,2023-05-05,112,1,1,Paid In Full,Quarrystone Paving May 2023,2023-05-07 08:00:00,false
2389,BILL-2389,VendBill,2023-05-06,102,1,1,Paid In Full,Northway Trenching May 2023,2023-05-11 20:00:00,false
2390,BILL-2390,VendBill,2023-05-07,102,1,1,Paid In Full,Northway Trenching May 2023,2023-05-11 22:00:00,false
2391,BILL-2391,VendBill,2023-05-08,101,1,1,Paid In Full,Granitepoint Civil May 2023,2023-05-11 17:00:00,false
2392,BILL-2392,VendBill,2023-05-08,102,1,1,Paid In Full,Northway Trenching May 2023,2023-05-15 01:00:00,false
2393,BILL-2393,VendBill,2023-05-09,101,1,1,Paid In Full,Granitepoint Civil May 2023,2023-05-10 01:00:00,false
2394,BILL-2394,VendBill,2023-05-09,112,1,1,Paid In Full,Quarrystone Paving May 2023,2023-05-15 22:00:00,false
2395,BILL-2395,VendBill,2023-05-13,101,1,1,Paid In Full,Granitepoint Civil May 2023,2023-05-14 11:00:00,false
2396,BILL-2396,VendBill,2023-05-13,104,1,1,Paid In Full,Ridgefield Splicing May 2023,2023-05-17 17:00:00,false
2397,BILL-2397,VendBill,2023-05-13,107,1,1,Paid In Full,Keel Engineering May 2023,2023-05-13 03:00:00,false
2398,BILL-2398,VendBill,2023-05-14,103,1,1,Paid In Full,Tamber Aerial Works May 2023,2023-05-21 05:00:00,false
2399,BILL-2399,VendBill,2023-05-14,106,2,0.715935,Paid In Full,Maple Conduit Co May 2023,2023-05-21 22:00:00,false
2400,BILL-2400,VendBill,2023-05-14,107,1,1,Paid In Full,Keel Engineering May 2023,2023-05-20 21:00:00,false
2401,BILL-2401,VendBill,2023-05-15,103,1,1,Paid In Full,Tamber Aerial Works May 2023,2023-05-16 13:00:00,false
2402,BILL-2402,VendBill,2023-05-15,105,2,0.715979,Paid In Full,Lakeshore Fibre Supply May 2023,2023-05-17 21:00:00,false
2403,BILL-2403,VendBill,2023-05-15,105,2,0.715979,Paid In Full,Lakeshore Fibre Supply May 2023,2023-05-22 22:00:00,false
2404,BILL-2404,VendBill,2023-05-15,108,1,1,Paid In Full,Bluefin Permitting May 2023,2023-05-22 19:00:00,false
2405,BILL-2405,VendBill,2023-05-16,102,1,1,Paid In Full,Northway Trenching May 2023,2023-05-21 14:00:00,false
2406,BILL-2406,VendBill,2023-05-17,101,1,1,Paid In Full,Granitepoint Civil May 2023,2023-05-20 09:00:00,false
2407,BILL-2407,VendBill,2023-05-17,102,1,1,Paid In Full,Northway Trenching May 2023,2023-05-19 20:00:00,false
2408,BILL-2408,VendBill,2023-05-17,104,1,1,Paid In Full,Ridgefield Splicing May 2023,2023-05-25 08:00:00,false
2409,BILL-2409,VendBill,2023-05-17,106,2,0.714652,Paid In Full,Maple Conduit Co May 2023,2023-05-19 16:00:00,false
2410,BILL-2410,VendBill,2023-05-19,101,1,1,Paid In Full,Granitepoint Civil May 2023,2023-05-21 09:00:00,false
2411,BILL-2411,VendBill,2023-05-20,104,1,1,Paid In Full,Ridgefield Splicing May 2023,2023-05-27 00:00:00,false
2412,BILL-2412,VendBill,2023-05-21,103,1,1,Paid In Full,Tamber Aerial Works May 2023,2023-05-24 22:00:00,false
2413,BILL-2413,VendBill,2023-05-21,107,1,1,Paid In Full,Keel Engineering May 2023,2023-05-27 18:00:00,false
2414,BILL-2414,VendBill,2023-05-21,109,1,1,Paid In Full,Oxbow Legal LLP May 2023,2023-05-28 05:00:00,false
2415,BILL-2415,VendBill,2023-05-22,102,1,1,Paid In Full,Northway Trenching May 2023,2023-05-27 06:00:00,false
2416,BILL-2416,VendBill,2023-05-22,104,1,1,Paid In Full,Ridgefield Splicing May 2023,2023-05-24 03:00:00,false
2417,BILL-2417,VendBill,2023-05-24,102,1,1,Paid In Full,Northway Trenching May 2023,2023-05-30 04:00:00,false
2418,BILL-2418,VendBill,2023-05-24,103,1,1,Paid In Full,Tamber Aerial Works May 2023,2023-05-25 12:00:00,false
2419,BILL-2419,VendBill,2023-05-24,104,1,1,Paid In Full,Ridgefield Splicing May 2023,2023-05-24 13:00:00,false
2420,BILL-2420,VendBill,2023-05-24,108,1,1,Paid In Full,Bluefin Permitting May 2023,2023-05-27 19:00:00,false
2421,BILL-2421,VendBill,2023-05-25,101,1,1,Paid In Full,Granitepoint Civil May 2023,2023-05-29 05:00:00,false
2422,BILL-2422,VendBill,2023-05-25,101,1,1,Paid In Full,Granitepoint Civil May 2023,2023-05-28 05:00:00,false
2423,BILL-2423,VendBill,2023-05-25,102,1,1,Paid In Full,Northway Trenching May 2023,2023-06-01 21:00:00,false
2424,BILL-2424,VendBill,2023-05-26,108,1,1,Paid In Full,Bluefin Permitting May 2023,2023-05-27 23:00:00,false
2425,BILL-2425,VendBill,2023-05-27,104,1,1,Paid In Full,Ridgefield Splicing May 2023,2023-05-31 03:00:00,false
2426,BILL-2426,VendBill,2023-05-27,111,1,1,Paid In Full,Harrow Staffing May 2023,2023-05-28 09:00:00,false
2427,BILL-2427,VendBill,2023-05-28,101,1,1,Paid In Full,Granitepoint Civil May 2023,2023-05-30 04:00:00,false
2428,BILL-2428,VendBill,2023-05-28,103,1,1,Paid In Full,Tamber Aerial Works May 2023,2023-06-03 01:00:00,false
2429,BILL-2429,VendBill,2023-06-03,110,1,1,Paid In Full,Crestline Pole Services Jun 2023,2023-06-07 14:00:00,false
2430,BILL-2430,VendBill,2023-06-04,101,1,1,Paid In Full,Granitepoint Civil Jun 2023,2023-06-08 04:00:00,false
2431,BILL-2431,VendBill,2023-06-04,102,1,1,Paid In Full,Northway Trenching Jun 2023,2023-06-08 16:00:00,false
2432,BILL-2432,VendBill,2023-06-04,102,1,1,Paid In Full,Northway Trenching Jun 2023,2023-06-09 23:00:00,false
2433,BILL-2433,VendBill,2023-06-06,103,1,1,Paid In Full,Tamber Aerial Works Jun 2023,2023-06-08 05:00:00,false
2434,BILL-2434,VendBill,2023-06-06,106,2,0.715994,Paid In Full,Maple Conduit Co Jun 2023,2023-06-07 13:00:00,false
2435,BILL-2435,VendBill,2023-06-07,101,1,1,Paid In Full,Granitepoint Civil Jun 2023,2023-06-12 10:00:00,false
2436,BILL-2436,VendBill,2023-06-07,102,1,1,Paid In Full,Northway Trenching Jun 2023,2023-06-10 19:00:00,false
2437,BILL-2437,VendBill,2023-06-08,106,2,0.715926,Paid In Full,Maple Conduit Co Jun 2023,2023-06-13 06:00:00,false
2438,BILL-2438,VendBill,2023-06-09,103,1,1,Paid In Full,Tamber Aerial Works Jun 2023,2023-06-15 18:00:00,false
2439,BILL-2439,VendBill,2023-06-09,105,2,0.714285,Paid In Full,Lakeshore Fibre Supply Jun 2023,2023-06-16 12:00:00,false
2440,BILL-2440,VendBill,2023-06-09,112,1,1,Paid In Full,Quarrystone Paving Jun 2023,2023-06-16 02:00:00,false
2441,BILL-2441,VendBill,2023-06-10,101,1,1,Paid In Full,Granitepoint Civil Jun 2023,2023-06-16 16:00:00,false
2442,BILL-2442,VendBill,2023-06-10,108,1,1,Paid In Full,Bluefin Permitting Jun 2023,2023-06-13 05:00:00,false
2443,BILL-2443,VendBill,2023-06-11,101,1,1,Paid In Full,Granitepoint Civil Jun 2023,2023-06-11 04:00:00,false
2444,BILL-2444,VendBill,2023-06-11,102,1,1,Paid In Full,Northway Trenching Jun 2023,2023-06-11 13:00:00,false
2445,BILL-2445,VendBill,2023-06-13,101,1,1,Paid In Full,Granitepoint Civil Jun 2023,2023-06-17 15:00:00,false
2446,BILL-2446,VendBill,2023-06-13,102,1,1,Paid In Full,Northway Trenching Jun 2023,2023-06-20 15:00:00,false
2447,BILL-2447,VendBill,2023-06-14,102,1,1,Paid In Full,Northway Trenching Jun 2023,2023-06-16 07:00:00,false
2448,BILL-2448,VendBill,2023-06-14,106,2,0.720156,Paid In Full,Maple Conduit Co Jun 2023,2023-06-15 14:00:00,false
2449,BILL-2449,VendBill,2023-06-14,112,1,1,Paid In Full,Quarrystone Paving Jun 2023,2023-06-15 02:00:00,false
2450,BILL-2450,VendBill,2023-06-14,112,1,1,Paid In Full,Quarrystone Paving Jun 2023,2023-06-21 14:00:00,false
2451,BILL-2451,VendBill,2023-06-15,102,1,1,Paid In Full,Northway Trenching Jun 2023,2023-06-20 00:00:00,false
2452,BILL-2452,VendBill,2023-06-15,102,1,1,Paid In Full,Northway Trenching Jun 2023,2023-06-17 12:00:00,false
2453,BILL-2453,VendBill,2023-06-15,103,1,1,Paid In Full,Tamber Aerial Works Jun 2023,2023-06-17 21:00:00,false
2454,BILL-2454,VendBill,2023-06-15,107,1,1,Paid In Full,Keel Engineering Jun 2023,2023-06-18 09:00:00,false
2455,BILL-2455,VendBill,2023-06-16,108,1,1,Paid In Full,Bluefin Permitting Jun 2023,2023-06-19 08:00:00,false
2456,BILL-2456,VendBill,2023-06-16,111,1,1,Paid In Full,Harrow Staffing Jun 2023,2023-06-23 11:00:00,false
2457,BILL-2457,VendBill,2023-06-17,102,1,1,Paid In Full,Northway Trenching Jun 2023,2023-06-20 01:00:00,false
2458,BILL-2458,VendBill,2023-06-17,103,1,1,Paid In Full,Tamber Aerial Works Jun 2023,2023-06-19 09:00:00,false
2459,BILL-2459,VendBill,2023-06-17,109,1,1,Paid In Full,Oxbow Legal LLP Jun 2023,2023-06-22 15:00:00,false
2460,BILL-2460,VendBill,2023-06-18,101,1,1,Paid In Full,Granitepoint Civil Jun 2023,2023-06-18 01:00:00,false
2461,BILL-2461,VendBill,2023-06-19,102,1,1,Paid In Full,Northway Trenching Jun 2023,2023-06-23 07:00:00,false
2462,BILL-2462,VendBill,2023-06-19,104,1,1,Paid In Full,Ridgefield Splicing Jun 2023,2023-06-24 20:00:00,false
2463,BILL-2463,VendBill,2023-06-19,104,1,1,Paid In Full,Ridgefield Splicing Jun 2023,2023-06-24 21:00:00,false
2464,BILL-2464,VendBill,2023-06-19,104,1,1,Paid In Full,Ridgefield Splicing Jun 2023,2023-06-26 08:00:00,false
2465,BILL-2465,VendBill,2023-06-19,105,2,0.721552,Paid In Full,Lakeshore Fibre Supply Jun 2023,2023-06-21 10:00:00,false
2466,BILL-2466,VendBill,2023-06-20,101,1,1,Paid In Full,Granitepoint Civil Jun 2023,2023-06-21 11:00:00,false
2467,BILL-2467,VendBill,2023-06-20,105,2,0.722293,Paid In Full,Lakeshore Fibre Supply Jun 2023,2023-06-21 14:00:00,false
2468,BILL-2468,VendBill,2023-06-20,112,1,1,Paid In Full,Quarrystone Paving Jun 2023,2023-06-22 14:00:00,false
2469,BILL-2469,VendBill,2023-06-22,101,1,1,Paid In Full,Granitepoint Civil Jun 2023,2023-06-22 03:00:00,false
2470,BILL-2470,VendBill,2023-06-22,103,1,1,Paid In Full,Tamber Aerial Works Jun 2023,2023-06-27 02:00:00,false
2471,BILL-2471,VendBill,2023-06-22,104,1,1,Paid In Full,Ridgefield Splicing Jun 2023,2023-06-22 16:00:00,false
2472,BILL-2472,VendBill,2023-06-22,107,1,1,Paid In Full,Keel Engineering Jun 2023,2023-06-29 18:00:00,false
2473,BILL-2473,VendBill,2023-06-23,101,1,1,Paid In Full,Granitepoint Civil Jun 2023,2023-06-27 18:00:00,false
2474,BILL-2474,VendBill,2023-06-24,108,1,1,Paid In Full,Bluefin Permitting Jun 2023,2023-06-27 14:00:00,false
2475,BILL-2475,VendBill,2023-06-25,101,1,1,Paid In Full,Granitepoint Civil Jun 2023,2023-06-28 10:00:00,false
2476,BILL-2476,VendBill,2023-06-25,104,1,1,Paid In Full,Ridgefield Splicing Jun 2023,2023-07-02 12:00:00,false
2477,BILL-2477,VendBill,2023-06-25,107,1,1,Paid In Full,Keel Engineering Jun 2023,2023-06-26 18:00:00,false
2478,BILL-2478,VendBill,2023-06-27,112,1,1,Paid In Full,Quarrystone Paving Jun 2023,2023-06-30 23:00:00,false
2479,BILL-2479,VendBill,2023-06-28,104,1,1,Paid In Full,Ridgefield Splicing Jun 2023,2023-06-29 05:00:00,false
2480,BILL-2480,VendBill,2023-07-02,105,2,0.714386,Paid In Full,Lakeshore Fibre Supply Jul 2023,2023-07-03 00:00:00,false
2481,BILL-2481,VendBill,2023-07-03,110,1,1,Paid In Full,Crestline Pole Services Jul 2023,2023-07-06 06:00:00,false
2482,BILL-2482,VendBill,2023-07-04,102,1,1,Paid In Full,Northway Trenching Jul 2023,2023-07-06 22:00:00,false
2483,BILL-2483,VendBill,2023-07-05,103,1,1,Paid In Full,Tamber Aerial Works Jul 2023,2023-07-07 07:00:00,false
2484,BILL-2484,VendBill,2023-07-05,103,1,1,Paid In Full,Tamber Aerial Works Jul 2023,2023-07-13 06:00:00,false
2485,BILL-2485,VendBill,2023-07-05,105,2,0.710000,Paid In Full,Lakeshore Fibre Supply Jul 2023,2023-07-12 13:00:00,false
2486,BILL-2486,VendBill,2023-07-06,106,2,0.713624,Paid In Full,Maple Conduit Co Jul 2023,2023-07-12 11:00:00,false
2487,BILL-2487,VendBill,2023-07-07,102,1,1,Paid In Full,Northway Trenching Jul 2023,2023-07-13 07:00:00,false
2488,BILL-2488,VendBill,2023-07-07,102,1,1,Paid In Full,Northway Trenching Jul 2023,2023-07-11 05:00:00,false
2489,BILL-2489,VendBill,2023-07-07,107,1,1,Paid In Full,Keel Engineering Jul 2023,2023-07-12 10:00:00,false
2490,BILL-2490,VendBill,2023-07-07,112,1,1,Paid In Full,Quarrystone Paving Jul 2023,2023-07-15 02:00:00,false
2491,BILL-2491,VendBill,2023-07-09,101,1,1,Paid In Full,Granitepoint Civil Jul 2023,2023-07-09 22:00:00,false
2492,BILL-2492,VendBill,2023-07-09,103,1,1,Paid In Full,Tamber Aerial Works Jul 2023,2023-07-09 04:00:00,false
2493,BILL-2493,VendBill,2023-07-10,106,2,0.710667,Paid In Full,Maple Conduit Co Jul 2023,2023-07-10 07:00:00,false
2494,BILL-2494,VendBill,2023-07-11,101,1,1,Paid In Full,Granitepoint Civil Jul 2023,2023-07-15 00:00:00,false
2495,BILL-2495,VendBill,2023-07-11,102,1,1,Paid In Full,Northway Trenching Jul 2023,2023-07-13 18:00:00,false
2496,BILL-2496,VendBill,2023-07-11,108,1,1,Paid In Full,Bluefin Permitting Jul 2023,2023-07-18 18:00:00,false
2497,BILL-2497,VendBill,2023-07-12,101,1,1,Paid In Full,Granitepoint Civil Jul 2023,2023-07-13 12:00:00,false
2498,BILL-2498,VendBill,2023-07-12,104,1,1,Paid In Full,Ridgefield Splicing Jul 2023,2023-07-13 02:00:00,false
2499,BILL-2499,VendBill,2023-07-12,112,1,1,Paid In Full,Quarrystone Paving Jul 2023,2023-07-15 21:00:00,false
2500,BILL-2500,VendBill,2023-07-12,112,1,1,Paid In Full,Quarrystone Paving Jul 2023,2023-07-14 12:00:00,false
2501,BILL-2501,VendBill,2023-07-13,104,1,1,Paid In Full,Ridgefield Splicing Jul 2023,2023-07-13 22:00:00,false
2502,BILL-2502,VendBill,2023-07-13,104,1,1,Paid In Full,Ridgefield Splicing Jul 2023,2023-07-13 18:00:00,false
2503,BILL-2503,VendBill,2023-07-14,101,1,1,Paid In Full,Granitepoint Civil Jul 2023,2023-07-20 03:00:00,false
2504,BILL-2504,VendBill,2023-07-14,102,1,1,Paid In Full,Northway Trenching Jul 2023,2023-07-14 02:00:00,false
2505,BILL-2505,VendBill,2023-07-14,102,1,1,Paid In Full,Northway Trenching Jul 2023,2023-07-15 03:00:00,false
2506,BILL-2506,VendBill,2023-07-14,105,2,0.713722,Paid In Full,Lakeshore Fibre Supply Jul 2023,2023-07-19 22:00:00,false
2507,BILL-2507,VendBill,2023-07-14,107,1,1,Paid In Full,Keel Engineering Jul 2023,2023-07-14 10:00:00,false
2508,BILL-2508,VendBill,2023-07-15,111,1,1,Paid In Full,Harrow Staffing Jul 2023,2023-07-17 01:00:00,false
2509,BILL-2509,VendBill,2023-07-16,101,1,1,Paid In Full,Granitepoint Civil Jul 2023,2023-07-18 13:00:00,false
2510,BILL-2510,VendBill,2023-07-16,104,1,1,Paid In Full,Ridgefield Splicing Jul 2023,2023-07-19 03:00:00,false
2511,BILL-2511,VendBill,2023-07-16,108,1,1,Paid In Full,Bluefin Permitting Jul 2023,2023-07-19 08:00:00,false
2512,BILL-2512,VendBill,2023-07-17,102,1,1,Paid In Full,Northway Trenching Jul 2023,2023-07-22 02:00:00,false
2513,BILL-2513,VendBill,2023-07-17,104,1,1,Paid In Full,Ridgefield Splicing Jul 2023,2023-07-18 05:00:00,false
2514,BILL-2514,VendBill,2023-07-17,109,1,1,Paid In Full,Oxbow Legal LLP Jul 2023,2023-07-17 17:00:00,false
2515,BILL-2515,VendBill,2023-07-18,102,1,1,Paid In Full,Northway Trenching Jul 2023,2023-07-19 18:00:00,false
2516,BILL-2516,VendBill,2023-07-19,101,1,1,Paid In Full,Granitepoint Civil Jul 2023,2023-07-19 08:00:00,false
2517,BILL-2517,VendBill,2023-07-19,104,1,1,Paid In Full,Ridgefield Splicing Jul 2023,2023-07-22 13:00:00,false
2518,BILL-2518,VendBill,2023-07-20,106,2,0.720443,Paid In Full,Maple Conduit Co Jul 2023,2023-07-20 11:00:00,false
2519,BILL-2519,VendBill,2023-07-22,101,1,1,Paid In Full,Granitepoint Civil Jul 2023,2023-07-23 01:00:00,false
2520,BILL-2520,VendBill,2023-07-22,101,1,1,Paid In Full,Granitepoint Civil Jul 2023,2023-07-26 08:00:00,false
2521,BILL-2521,VendBill,2023-07-22,103,1,1,Paid In Full,Tamber Aerial Works Jul 2023,2023-07-26 00:00:00,false
2522,BILL-2522,VendBill,2023-07-22,108,1,1,Paid In Full,Bluefin Permitting Jul 2023,2023-07-22 10:00:00,false
2523,BILL-2523,VendBill,2023-07-23,112,1,1,Paid In Full,Quarrystone Paving Jul 2023,2023-07-29 05:00:00,false
2524,BILL-2524,VendBill,2023-07-25,101,1,1,Paid In Full,Granitepoint Civil Jul 2023,2023-07-25 05:00:00,false
2525,BILL-2525,VendBill,2023-07-25,102,1,1,Paid In Full,Northway Trenching Jul 2023,2023-07-30 20:00:00,false
2526,BILL-2526,VendBill,2023-07-25,107,1,1,Paid In Full,Keel Engineering Jul 2023,2023-07-25 12:00:00,false
2527,BILL-2527,VendBill,2023-07-25,112,1,1,Paid In Full,Quarrystone Paving Jul 2023,2023-07-27 21:00:00,false
2528,BILL-2528,VendBill,2023-07-26,101,1,1,Paid In Full,Granitepoint Civil Jul 2023,2023-08-02 20:00:00,false
2529,BILL-2529,VendBill,2023-07-27,102,1,1,Paid In Full,Northway Trenching Jul 2023,2023-07-31 09:00:00,false
2530,BILL-2530,VendBill,2023-07-27,103,1,1,Paid In Full,Tamber Aerial Works Jul 2023,2023-07-28 09:00:00,false
2531,BILL-2531,VendBill,2023-08-03,110,1,1,Paid In Full,Crestline Pole Services Aug 2023,2023-08-06 23:00:00,false
2532,BILL-2532,VendBill,2023-08-04,101,1,1,Paid In Full,Granitepoint Civil Aug 2023,2023-08-10 17:00:00,false
2533,BILL-2533,VendBill,2023-08-04,103,1,1,Paid In Full,Tamber Aerial Works Aug 2023,2023-08-07 04:00:00,false
2534,BILL-2534,VendBill,2023-08-05,101,1,1,Paid In Full,Granitepoint Civil Aug 2023,2023-08-13 01:00:00,false
2535,BILL-2535,VendBill,2023-08-05,101,1,1,Paid In Full,Granitepoint Civil Aug 2023,2023-08-06 07:00:00,false
2536,BILL-2536,VendBill,2023-08-05,103,1,1,Paid In Full,Tamber Aerial Works Aug 2023,2023-08-05 20:00:00,false
2537,BILL-2537,VendBill,2023-08-05,106,2,0.715914,Paid In Full,Maple Conduit Co Aug 2023,2023-08-08 18:00:00,false
2538,BILL-2538,VendBill,2023-08-05,112,1,1,Paid In Full,Quarrystone Paving Aug 2023,2023-08-13 04:00:00,false
2539,BILL-2539,VendBill,2023-08-06,106,2,0.712230,Paid In Full,Maple Conduit Co Aug 2023,2023-08-14 04:00:00,false
2540,BILL-2540,VendBill,2023-08-07,101,1,1,Paid In Full,Granitepoint Civil Aug 2023,2023-08-08 20:00:00,false
2541,BILL-2541,VendBill,2023-08-07,105,2,0.714015,Paid In Full,Lakeshore Fibre Supply Aug 2023,2023-08-12 19:00:00,false
2542,BILL-2542,VendBill,2023-08-08,101,1,1,Paid In Full,Granitepoint Civil Aug 2023,2023-08-10 15:00:00,false
2543,BILL-2543,VendBill,2023-08-08,102,1,1,Paid In Full,Northway Trenching Aug 2023,2023-08-10 00:00:00,false
2544,BILL-2544,VendBill,2023-08-09,105,2,0.717623,Paid In Full,Lakeshore Fibre Supply Aug 2023,2023-08-15 06:00:00,false
2545,BILL-2545,VendBill,2023-08-09,107,1,1,Paid In Full,Keel Engineering Aug 2023,2023-08-14 07:00:00,false
2546,BILL-2546,VendBill,2023-08-09,108,1,1,Paid In Full,Bluefin Permitting Aug 2023,2023-08-12 17:00:00,false
2547,BILL-2547,VendBill,2023-08-11,104,1,1,Paid In Full,Ridgefield Splicing Aug 2023,2023-08-13 13:00:00,false
2548,BILL-2548,VendBill,2023-08-11,104,1,1,Paid In Full,Ridgefield Splicing Aug 2023,2023-08-15 03:00:00,false
2549,BILL-2549,VendBill,2023-08-11,107,1,1,Paid In Full,Keel Engineering Aug 2023,2023-08-11 22:00:00,false
2550,BILL-2550,VendBill,2023-08-11,107,1,1,Paid In Full,Keel Engineering Aug 2023,2023-08-17 00:00:00,false
2551,BILL-2551,VendBill,2023-08-12,102,1,1,Paid In Full,Northway Trenching Aug 2023,2023-08-15 12:00:00,false
2552,BILL-2552,VendBill,2023-08-12,103,1,1,Paid In Full,Tamber Aerial Works Aug 2023,2023-08-16 17:00:00,false
2553,BILL-2553,VendBill,2023-08-12,103,1,1,Paid In Full,Tamber Aerial Works Aug 2023,2023-08-18 06:00:00,false
2554,BILL-2554,VendBill,2023-08-12,104,1,1,Paid In Full,Ridgefield Splicing Aug 2023,2023-08-14 13:00:00,false
2555,BILL-2555,VendBill,2023-08-14,105,2,0.718526,Paid In Full,Lakeshore Fibre Supply Aug 2023,2023-08-21 19:00:00,false
2556,BILL-2556,VendBill,2023-08-14,112,1,1,Paid In Full,Quarrystone Paving Aug 2023,2023-08-15 17:00:00,false
2557,BILL-2557,VendBill,2023-08-15,102,1,1,Paid In Full,Northway Trenching Aug 2023,2023-08-17 02:00:00,false
2558,BILL-2558,VendBill,2023-08-16,108,1,1,Paid In Full,Bluefin Permitting Aug 2023,2023-08-16 21:00:00,false
2559,BILL-2559,VendBill,2023-08-16,112,1,1,Paid In Full,Quarrystone Paving Aug 2023,2023-08-18 08:00:00,false
2560,BILL-2560,VendBill,2023-08-17,101,1,1,Paid In Full,Granitepoint Civil Aug 2023,2023-08-17 21:00:00,false
2561,BILL-2561,VendBill,2023-08-17,101,1,1,Paid In Full,Granitepoint Civil Aug 2023,2023-08-17 18:00:00,false
2562,BILL-2562,VendBill,2023-08-17,106,2,0.713031,Paid In Full,Maple Conduit Co Aug 2023,2023-08-17 22:00:00,false
2563,BILL-2563,VendBill,2023-08-18,102,1,1,Paid In Full,Northway Trenching Aug 2023,2023-08-20 17:00:00,false
2564,BILL-2564,VendBill,2023-08-19,101,1,1,Paid In Full,Granitepoint Civil Aug 2023,2023-08-21 18:00:00,false
2565,BILL-2565,VendBill,2023-08-19,102,1,1,Paid In Full,Northway Trenching Aug 2023,2023-08-23 11:00:00,false
2566,BILL-2566,VendBill,2023-08-19,102,1,1,Paid In Full,Northway Trenching Aug 2023,2023-08-24 03:00:00,false
2567,BILL-2567,VendBill,2023-08-19,104,1,1,Paid In Full,Ridgefield Splicing Aug 2023,2023-08-23 05:00:00,false
2568,BILL-2568,VendBill,2023-08-19,109,1,1,Paid In Full,Oxbow Legal LLP Aug 2023,2023-08-20 06:00:00,false
2569,BILL-2569,VendBill,2023-08-20,108,1,1,Paid In Full,Bluefin Permitting Aug 2023,2023-08-26 05:00:00,false
2570,BILL-2570,VendBill,2023-08-22,101,1,1,Paid In Full,Granitepoint Civil Aug 2023,2023-08-24 20:00:00,false
2571,BILL-2571,VendBill,2023-08-22,102,1,1,Paid In Full,Northway Trenching Aug 2023,2023-08-22 10:00:00,false
2572,BILL-2572,VendBill,2023-08-22,111,1,1,Paid In Full,Harrow Staffing Aug 2023,2023-08-24 01:00:00,false
2573,BILL-2573,VendBill,2023-08-23,104,1,1,Paid In Full,Ridgefield Splicing Aug 2023,2023-08-24 18:00:00,false
2574,BILL-2574,VendBill,2023-08-24,102,1,1,Paid In Full,Northway Trenching Aug 2023,2023-08-27 07:00:00,false
2575,BILL-2575,VendBill,2023-08-25,102,1,1,Paid In Full,Northway Trenching Aug 2023,2023-08-26 19:00:00,false
2576,BILL-2576,VendBill,2023-08-26,102,1,1,Paid In Full,Northway Trenching Aug 2023,2023-08-29 17:00:00,false
2577,BILL-2577,VendBill,2023-08-26,103,1,1,Paid In Full,Tamber Aerial Works Aug 2023,2023-08-27 13:00:00,false
2578,BILL-2578,VendBill,2023-08-26,112,1,1,Paid In Full,Quarrystone Paving Aug 2023,2023-09-03 06:00:00,false
2579,BILL-2579,VendBill,2023-08-27,104,1,1,Paid In Full,Ridgefield Splicing Aug 2023,2023-08-29 17:00:00,false
2580,BILL-2580,VendBill,2023-08-28,101,1,1,Paid In Full,Granitepoint Civil Aug 2023,2023-09-01 03:00:00,false
2581,BILL-2581,VendBill,2023-08-28,112,1,1,Paid In Full,Quarrystone Paving Aug 2023,2023-08-31 12:00:00,false
2582,BILL-2582,VendBill,2023-09-03,105,2,0.710000,Paid In Full,Lakeshore Fibre Supply Sep 2023,2023-09-11 01:00:00,false
2583,BILL-2583,VendBill,2023-09-03,106,2,0.710000,Paid In Full,Maple Conduit Co Sep 2023,2023-09-05 23:00:00,false
2584,BILL-2584,VendBill,2023-09-03,110,1,1,Paid In Full,Crestline Pole Services Sep 2023,2023-09-10 13:00:00,false
2585,BILL-2585,VendBill,2023-09-04,102,1,1,Paid In Full,Northway Trenching Sep 2023,2023-09-05 07:00:00,false
2586,BILL-2586,VendBill,2023-09-04,103,1,1,Paid In Full,Tamber Aerial Works Sep 2023,2023-09-08 01:00:00,false
2587,BILL-2587,VendBill,2023-09-04,105,2,0.710455,Paid In Full,Lakeshore Fibre Supply Sep 2023,2023-09-10 09:00:00,false
2588,BILL-2588,VendBill,2023-09-05,101,1,1,Paid In Full,Granitepoint Civil Sep 2023,2023-09-08 14:00:00,false
2589,BILL-2589,VendBill,2023-09-05,106,2,0.712336,Paid In Full,Maple Conduit Co Sep 2023,2023-09-12 05:00:00,false
2590,BILL-2590,VendBill,2023-09-08,101,1,1,Paid In Full,Granitepoint Civil Sep 2023,2023-09-09 07:00:00,false
2591,BILL-2591,VendBill,2023-09-08,103,1,1,Paid In Full,Tamber Aerial Works Sep 2023,2023-09-10 16:00:00,false
2592,BILL-2592,VendBill,2023-09-08,106,2,0.718404,Paid In Full,Maple Conduit Co Sep 2023,2023-09-14 11:00:00,false
2593,BILL-2593,VendBill,2023-09-08,112,1,1,Paid In Full,Quarrystone Paving Sep 2023,2023-09-08 21:00:00,false
2594,BILL-2594,VendBill,2023-09-10,101,1,1,Paid In Full,Granitepoint Civil Sep 2023,2023-09-10 19:00:00,false
2595,BILL-2595,VendBill,2023-09-11,101,1,1,Paid In Full,Granitepoint Civil Sep 2023,2023-09-17 20:00:00,false
2596,BILL-2596,VendBill,2023-09-11,108,1,1,Paid In Full,Bluefin Permitting Sep 2023,2023-09-13 23:00:00,false
2597,BILL-2597,VendBill,2023-09-13,101,1,1,Paid In Full,Granitepoint Civil Sep 2023,2023-09-13 19:00:00,false
2598,BILL-2598,VendBill,2023-09-13,103,1,1,Paid In Full,Tamber Aerial Works Sep 2023,2023-09-20 04:00:00,false
2599,BILL-2599,VendBill,2023-09-15,101,1,1,Paid In Full,Granitepoint Civil Sep 2023,2023-09-19 19:00:00,false
2600,BILL-2600,VendBill,2023-09-15,102,1,1,Paid In Full,Northway Trenching Sep 2023,2023-09-22 05:00:00,false
2601,BILL-2601,VendBill,2023-09-15,109,1,1,Paid In Full,Oxbow Legal LLP Sep 2023,2023-09-18 17:00:00,false
2602,BILL-2602,VendBill,2023-09-16,103,1,1,Paid In Full,Tamber Aerial Works Sep 2023,2023-09-23 07:00:00,false
2603,BILL-2603,VendBill,2023-09-16,108,1,1,Paid In Full,Bluefin Permitting Sep 2023,2023-09-20 02:00:00,false
2604,BILL-2604,VendBill,2023-09-16,112,1,1,Paid In Full,Quarrystone Paving Sep 2023,2023-09-19 06:00:00,false
2605,BILL-2605,VendBill,2023-09-17,107,1,1,Paid In Full,Keel Engineering Sep 2023,2023-09-23 04:00:00,false
2606,BILL-2606,VendBill,2023-09-18,105,2,0.713529,Paid In Full,Lakeshore Fibre Supply Sep 2023,2023-09-19 20:00:00,false
2607,BILL-2607,VendBill,2023-09-18,107,1,1,Paid In Full,Keel Engineering Sep 2023,2023-09-24 02:00:00,false
2608,BILL-2608,VendBill,2023-09-19,107,1,1,Paid In Full,Keel Engineering Sep 2023,2023-09-24 02:00:00,false
2609,BILL-2609,VendBill,2023-09-19,111,1,1,Paid In Full,Harrow Staffing Sep 2023,2023-09-22 08:00:00,false
2610,BILL-2610,VendBill,2023-09-20,102,1,1,Paid In Full,Northway Trenching Sep 2023,2023-09-21 17:00:00,false
2611,BILL-2611,VendBill,2023-09-20,103,1,1,Paid In Full,Tamber Aerial Works Sep 2023,2023-09-25 04:00:00,false
2612,BILL-2612,VendBill,2023-09-20,104,1,1,Paid In Full,Ridgefield Splicing Sep 2023,2023-09-21 14:00:00,false
2613,BILL-2613,VendBill,2023-09-20,112,1,1,Paid In Full,Quarrystone Paving Sep 2023,2023-09-22 05:00:00,false
2614,BILL-2614,VendBill,2023-09-21,102,1,1,Paid In Full,Northway Trenching Sep 2023,2023-09-23 09:00:00,false
2615,BILL-2615,VendBill,2023-09-21,102,1,1,Paid In Full,Northway Trenching Sep 2023,2023-09-23 13:00:00,false
2616,BILL-2616,VendBill,2023-09-21,108,1,1,Paid In Full,Bluefin Permitting Sep 2023,2023-09-24 10:00:00,false
2617,BILL-2617,VendBill,2023-09-21,112,1,1,Paid In Full,Quarrystone Paving Sep 2023,2023-09-23 15:00:00,false
2618,BILL-2618,VendBill,2023-09-22,101,1,1,Paid In Full,Granitepoint Civil Sep 2023,2023-09-29 18:00:00,false
2619,BILL-2619,VendBill,2023-09-22,102,1,1,Paid In Full,Northway Trenching Sep 2023,2023-09-26 12:00:00,false
2620,BILL-2620,VendBill,2023-09-23,101,1,1,Paid In Full,Granitepoint Civil Sep 2023,2023-09-25 23:00:00,false
2621,BILL-2621,VendBill,2023-09-23,104,1,1,Paid In Full,Ridgefield Splicing Sep 2023,2023-09-26 18:00:00,false
2622,BILL-2622,VendBill,2023-09-23,112,1,1,Paid In Full,Quarrystone Paving Sep 2023,2023-09-29 03:00:00,false
2623,BILL-2623,VendBill,2023-09-24,101,1,1,Paid In Full,Granitepoint Civil Sep 2023,2023-09-26 16:00:00,false
2624,BILL-2624,VendBill,2023-09-24,102,1,1,Paid In Full,Northway Trenching Sep 2023,2023-09-26 07:00:00,false
2625,BILL-2625,VendBill,2023-09-24,104,1,1,Paid In Full,Ridgefield Splicing Sep 2023,2023-10-01 07:00:00,false
2626,BILL-2626,VendBill,2023-09-25,102,1,1,Paid In Full,Northway Trenching Sep 2023,2023-09-25 19:00:00,false
2627,BILL-2627,VendBill,2023-09-25,104,1,1,Paid In Full,Ridgefield Splicing Sep 2023,2023-09-26 10:00:00,false
2628,BILL-2628,VendBill,2023-09-26,102,1,1,Paid In Full,Northway Trenching Sep 2023,2023-10-01 09:00:00,false
2629,BILL-2629,VendBill,2023-09-26,104,1,1,Paid In Full,Ridgefield Splicing Sep 2023,2023-09-30 18:00:00,false
2630,BILL-2630,VendBill,2023-09-27,101,1,1,Paid In Full,Granitepoint Civil Sep 2023,2023-09-29 09:00:00,false
2631,BILL-2631,VendBill,2023-09-27,102,1,1,Paid In Full,Northway Trenching Sep 2023,2023-09-29 18:00:00,false
2632,BILL-2632,VendBill,2023-09-27,104,1,1,Paid In Full,Ridgefield Splicing Sep 2023,2023-10-02 02:00:00,false
2633,BILL-2633,VendBill,2023-10-03,105,2,0.710000,Paid In Full,Lakeshore Fibre Supply Oct 2023,2023-10-09 19:00:00,false
2634,BILL-2634,VendBill,2023-10-03,110,1,1,Paid In Full,Crestline Pole Services Oct 2023,2023-10-04 05:00:00,false
2635,BILL-2635,VendBill,2023-10-05,101,1,1,Paid In Full,Granitepoint Civil Oct 2023,2023-10-08 07:00:00,false
2636,BILL-2636,VendBill,2023-10-05,101,1,1,Paid In Full,Granitepoint Civil Oct 2023,2023-10-13 03:00:00,false
2637,BILL-2637,VendBill,2023-10-05,101,1,1,Paid In Full,Granitepoint Civil Oct 2023,2023-10-11 00:00:00,false
2638,BILL-2638,VendBill,2023-10-06,101,1,1,Paid In Full,Granitepoint Civil Oct 2023,2023-10-08 03:00:00,false
2639,BILL-2639,VendBill,2023-10-06,108,1,1,Paid In Full,Bluefin Permitting Oct 2023,2023-10-09 22:00:00,false
2640,BILL-2640,VendBill,2023-10-06,112,1,1,Paid In Full,Quarrystone Paving Oct 2023,2023-10-06 03:00:00,false
2641,BILL-2641,VendBill,2023-10-06,112,1,1,Paid In Full,Quarrystone Paving Oct 2023,2023-10-13 15:00:00,false
2642,BILL-2642,VendBill,2023-10-07,102,1,1,Paid In Full,Northway Trenching Oct 2023,2023-10-10 16:00:00,false
2643,BILL-2643,VendBill,2023-10-07,102,1,1,Paid In Full,Northway Trenching Oct 2023,2023-10-14 06:00:00,false
2644,BILL-2644,VendBill,2023-10-07,106,2,0.716378,Paid In Full,Maple Conduit Co Oct 2023,2023-10-14 05:00:00,false
2645,BILL-2645,VendBill,2023-10-08,102,1,1,Paid In Full,Northway Trenching Oct 2023,2023-10-09 02:00:00,false
2646,BILL-2646,VendBill,2023-10-08,103,1,1,Paid In Full,Tamber Aerial Works Oct 2023,2023-10-13 05:00:00,false
2647,BILL-2647,VendBill,2023-10-08,105,2,0.716123,Paid In Full,Lakeshore Fibre Supply Oct 2023,2023-10-16 07:00:00,false
2648,BILL-2648,VendBill,2023-10-08,107,1,1,Paid In Full,Keel Engineering Oct 2023,2023-10-11 21:00:00,false
2649,BILL-2649,VendBill,2023-10-10,101,1,1,Paid In Full,Granitepoint Civil Oct 2023,2023-10-17 01:00:00,false
2650,BILL-2650,VendBill,2023-10-10,102,1,1,Paid In Full,Northway Trenching Oct 2023,2023-10-13 15:00:00,false
2651,BILL-2651,VendBill,2023-10-10,102,1,1,Paid In Full,Northway Trenching Oct 2023,2023-10-10 22:00:00,false
2652,BILL-2652,VendBill,2023-10-10,102,1,1,Paid In Full,Northway Trenching Oct 2023,2023-10-16 12:00:00,false
2653,BILL-2653,VendBill,2023-10-10,112,1,1,Paid In Full,Quarrystone Paving Oct 2023,2023-10-18 06:00:00,false
2654,BILL-2654,VendBill,2023-10-13,106,2,0.713415,Paid In Full,Maple Conduit Co Oct 2023,2023-10-21 03:00:00,false
2655,BILL-2655,VendBill,2023-10-14,102,1,1,Paid In Full,Northway Trenching Oct 2023,2023-10-20 22:00:00,false
2656,BILL-2656,VendBill,2023-10-14,104,1,1,Paid In Full,Ridgefield Splicing Oct 2023,2023-10-19 21:00:00,false
2657,BILL-2657,VendBill,2023-10-15,101,1,1,Paid In Full,Granitepoint Civil Oct 2023,2023-10-17 18:00:00,false
2658,BILL-2658,VendBill,2023-10-15,107,1,1,Paid In Full,Keel Engineering Oct 2023,2023-10-22 06:00:00,false
2659,BILL-2659,VendBill,2023-10-15,108,1,1,Paid In Full,Bluefin Permitting Oct 2023,2023-10-17 18:00:00,false
2660,BILL-2660,VendBill,2023-10-15,111,1,1,Paid In Full,Harrow Staffing Oct 2023,2023-10-17 22:00:00,false
2661,BILL-2661,VendBill,2023-10-16,101,1,1,Paid In Full,Granitepoint Civil Oct 2023,2023-10-21 15:00:00,false
2662,BILL-2662,VendBill,2023-10-16,104,1,1,Paid In Full,Ridgefield Splicing Oct 2023,2023-10-19 05:00:00,false
2663,BILL-2663,VendBill,2023-10-17,102,1,1,Paid In Full,Northway Trenching Oct 2023,2023-10-20 05:00:00,false
2664,BILL-2664,VendBill,2023-10-18,102,1,1,Paid In Full,Northway Trenching Oct 2023,2023-10-23 15:00:00,false
2665,BILL-2665,VendBill,2023-10-18,103,1,1,Paid In Full,Tamber Aerial Works Oct 2023,2023-10-22 08:00:00,false
2666,BILL-2666,VendBill,2023-10-18,103,1,1,Paid In Full,Tamber Aerial Works Oct 2023,2023-10-23 05:00:00,false
2667,BILL-2667,VendBill,2023-10-18,104,1,1,Paid In Full,Ridgefield Splicing Oct 2023,2023-10-21 09:00:00,false
2668,BILL-2668,VendBill,2023-10-18,105,2,0.716995,Paid In Full,Lakeshore Fibre Supply Oct 2023,2023-10-22 12:00:00,false
2669,BILL-2669,VendBill,2023-10-18,112,1,1,Paid In Full,Quarrystone Paving Oct 2023,2023-10-22 06:00:00,false
2670,BILL-2670,VendBill,2023-10-19,108,1,1,Paid In Full,Bluefin Permitting Oct 2023,2023-10-25 08:00:00,false
2671,BILL-2671,VendBill,2023-10-20,107,1,1,Paid In Full,Keel Engineering Oct 2023,2023-10-23 14:00:00,false
2672,BILL-2672,VendBill,2023-10-21,101,1,1,Paid In Full,Granitepoint Civil Oct 2023,2023-10-23 00:00:00,false
2673,BILL-2673,VendBill,2023-10-21,104,1,1,Paid In Full,Ridgefield Splicing Oct 2023,2023-10-21 14:00:00,false
2674,BILL-2674,VendBill,2023-10-21,106,2,0.719624,Paid In Full,Maple Conduit Co Oct 2023,2023-10-24 23:00:00,false
2675,BILL-2675,VendBill,2023-10-22,104,1,1,Paid In Full,Ridgefield Splicing Oct 2023,2023-10-23 17:00:00,false
2676,BILL-2676,VendBill,2023-10-23,101,1,1,Paid In Full,Granitepoint Civil Oct 2023,2023-10-23 22:00:00,false
2677,BILL-2677,VendBill,2023-10-23,102,1,1,Paid In Full,Northway Trenching Oct 2023,2023-10-28 11:00:00,false
2678,BILL-2678,VendBill,2023-10-24,109,1,1,Paid In Full,Oxbow Legal LLP Oct 2023,2023-10-27 13:00:00,false
2679,BILL-2679,VendBill,2023-10-25,103,1,1,Paid In Full,Tamber Aerial Works Oct 2023,2023-10-26 10:00:00,false
2680,BILL-2680,VendBill,2023-10-26,101,1,1,Paid In Full,Granitepoint Civil Oct 2023,2023-10-30 19:00:00,false
2681,BILL-2681,VendBill,2023-10-26,112,1,1,Paid In Full,Quarrystone Paving Oct 2023,2023-10-29 18:00:00,false
2682,BILL-2682,VendBill,2023-10-27,103,1,1,Paid In Full,Tamber Aerial Works Oct 2023,2023-10-30 18:00:00,false
2683,BILL-2683,VendBill,2023-10-27,104,1,1,Paid In Full,Ridgefield Splicing Oct 2023,2023-10-30 07:00:00,false
2684,BILL-2684,VendBill,2023-11-03,110,1,1,Paid In Full,Crestline Pole Services Nov 2023,2023-11-04 20:00:00,false
2685,BILL-2685,VendBill,2023-11-04,101,1,1,Paid In Full,Granitepoint Civil Nov 2023,2023-11-05 02:00:00,false
2686,BILL-2686,VendBill,2023-11-04,103,1,1,Paid In Full,Tamber Aerial Works Nov 2023,2023-11-06 12:00:00,false
2687,BILL-2687,VendBill,2023-11-04,105,2,0.725809,Paid In Full,Lakeshore Fibre Supply Nov 2023,2023-11-04 13:00:00,false
2688,BILL-2688,VendBill,2023-11-05,101,1,1,Paid In Full,Granitepoint Civil Nov 2023,2023-11-13 02:00:00,false
2689,BILL-2689,VendBill,2023-11-05,101,1,1,Paid In Full,Granitepoint Civil Nov 2023,2023-11-12 02:00:00,false
2690,BILL-2690,VendBill,2023-11-05,103,1,1,Paid In Full,Tamber Aerial Works Nov 2023,2023-11-07 16:00:00,false
2691,BILL-2691,VendBill,2023-11-06,101,1,1,Paid In Full,Granitepoint Civil Nov 2023,2023-11-11 03:00:00,false
2692,BILL-2692,VendBill,2023-11-06,102,1,1,Paid In Full,Northway Trenching Nov 2023,2023-11-11 21:00:00,false
2693,BILL-2693,VendBill,2023-11-07,101,1,1,Paid In Full,Granitepoint Civil Nov 2023,2023-11-11 09:00:00,false
2694,BILL-2694,VendBill,2023-11-08,101,1,1,Paid In Full,Granitepoint Civil Nov 2023,2023-11-10 17:00:00,false
2695,BILL-2695,VendBill,2023-11-08,103,1,1,Paid In Full,Tamber Aerial Works Nov 2023,2023-11-09 17:00:00,false
2696,BILL-2696,VendBill,2023-11-08,107,1,1,Paid In Full,Keel Engineering Nov 2023,2023-11-12 02:00:00,false
2697,BILL-2697,VendBill,2023-11-08,108,1,1,Paid In Full,Bluefin Permitting Nov 2023,2023-11-08 23:00:00,false
2698,BILL-2698,VendBill,2023-11-09,102,1,1,Paid In Full,Northway Trenching Nov 2023,2023-11-09 09:00:00,false
2699,BILL-2699,VendBill,2023-11-10,102,1,1,Paid In Full,Northway Trenching Nov 2023,2023-11-14 02:00:00,false
2700,BILL-2700,VendBill,2023-11-10,102,1,1,Paid In Full,Northway Trenching Nov 2023,2023-11-13 14:00:00,false
2701,BILL-2701,VendBill,2023-11-10,103,1,1,Paid In Full,Tamber Aerial Works Nov 2023,2023-11-12 08:00:00,false
2702,BILL-2702,VendBill,2023-11-12,104,1,1,Paid In Full,Ridgefield Splicing Nov 2023,2023-11-18 23:00:00,false
2703,BILL-2703,VendBill,2023-11-12,106,2,0.730974,Paid In Full,Maple Conduit Co Nov 2023,2023-11-18 20:00:00,false
2704,BILL-2704,VendBill,2023-11-13,101,1,1,Paid In Full,Granitepoint Civil Nov 2023,2023-11-16 10:00:00,false
2705,BILL-2705,VendBill,2023-11-13,105,2,0.732667,Paid In Full,Lakeshore Fibre Supply Nov 2023,2023-11-16 12:00:00,false
2706,BILL-2706,VendBill,2023-11-13,112,1,1,Paid In Full,Quarrystone Paving Nov 2023,2023-11-19 02:00:00,false
2707,BILL-2707,VendBill,2023-11-14,101,1,1,Paid In Full,Granitepoint Civil Nov 2023,2023-11-20 14:00:00,false
2708,BILL-2708,VendBill,2023-11-14,104,1,1,Paid In Full,Ridgefield Splicing Nov 2023,2023-11-19 03:00:00,false
2709,BILL-2709,VendBill,2023-11-15,109,1,1,Paid In Full,Oxbow Legal LLP Nov 2023,2023-11-15 07:00:00,false
2710,BILL-2710,VendBill,2023-11-16,102,1,1,Paid In Full,Northway Trenching Nov 2023,2023-11-22 04:00:00,false
2711,BILL-2711,VendBill,2023-11-16,106,2,0.726995,Paid In Full,Maple Conduit Co Nov 2023,2023-11-18 08:00:00,false
2712,BILL-2712,VendBill,2023-11-16,107,1,1,Paid In Full,Keel Engineering Nov 2023,2023-11-18 02:00:00,false
2713,BILL-2713,VendBill,2023-11-17,106,2,0.726304,Paid In Full,Maple Conduit Co Nov 2023,2023-11-21 15:00:00,false
2714,BILL-2714,VendBill,2023-11-17,112,1,1,Paid In Full,Quarrystone Paving Nov 2023,2023-11-20 19:00:00,false
2715,BILL-2715,VendBill,2023-11-18,112,1,1,Paid In Full,Quarrystone Paving Nov 2023,2023-11-20 06:00:00,false
2716,BILL-2716,VendBill,2023-11-19,104,1,1,Paid In Full,Ridgefield Splicing Nov 2023,2023-11-23 05:00:00,false
2717,BILL-2717,VendBill,2023-11-19,112,1,1,Paid In Full,Quarrystone Paving Nov 2023,2023-11-22 04:00:00,false
2718,BILL-2718,VendBill,2023-11-20,104,1,1,Paid In Full,Ridgefield Splicing Nov 2023,2023-11-25 19:00:00,false
2719,BILL-2719,VendBill,2023-11-20,105,2,0.731259,Paid In Full,Lakeshore Fibre Supply Nov 2023,2023-11-28 03:00:00,false
2720,BILL-2720,VendBill,2023-11-20,108,1,1,Paid In Full,Bluefin Permitting Nov 2023,2023-11-24 01:00:00,false
2721,BILL-2721,VendBill,2023-11-21,103,1,1,Paid In Full,Tamber Aerial Works Nov 2023,2023-11-23 22:00:00,false
2722,BILL-2722,VendBill,2023-11-21,104,1,1,Paid In Full,Ridgefield Splicing Nov 2023,2023-11-23 09:00:00,false
2723,BILL-2723,VendBill,2023-11-22,102,1,1,Paid In Full,Northway Trenching Nov 2023,2023-11-28 02:00:00,false
2724,BILL-2724,VendBill,2023-11-22,104,1,1,Paid In Full,Ridgefield Splicing Nov 2023,2023-11-25 20:00:00,false
2725,BILL-2725,VendBill,2023-11-24,101,1,1,Paid In Full,Granitepoint Civil Nov 2023,2023-11-24 21:00:00,false
2726,BILL-2726,VendBill,2023-11-24,102,1,1,Paid In Full,Northway Trenching Nov 2023,2023-11-30 05:00:00,false
2727,BILL-2727,VendBill,2023-11-24,111,1,1,Paid In Full,Harrow Staffing Nov 2023,2023-12-01 22:00:00,false
2728,BILL-2728,VendBill,2023-11-25,102,1,1,Paid In Full,Northway Trenching Nov 2023,2023-11-28 23:00:00,false
2729,BILL-2729,VendBill,2023-11-26,101,1,1,Paid In Full,Granitepoint Civil Nov 2023,2023-11-30 05:00:00,false
2730,BILL-2730,VendBill,2023-11-26,107,1,1,Paid In Full,Keel Engineering Nov 2023,2023-12-01 11:00:00,false
2731,BILL-2731,VendBill,2023-11-26,108,1,1,Paid In Full,Bluefin Permitting Nov 2023,2023-11-30 15:00:00,false
2732,BILL-2732,VendBill,2023-11-27,102,1,1,Paid In Full,Northway Trenching Nov 2023,2023-11-27 22:00:00,false
2733,BILL-2733,VendBill,2023-11-27,102,1,1,Paid In Full,Northway Trenching Nov 2023,2023-11-29 21:00:00,false
2734,BILL-2734,VendBill,2023-11-28,112,1,1,Paid In Full,Quarrystone Paving Nov 2023,2023-12-02 08:00:00,false
2735,BILL-2735,VendBill,2023-12-03,110,1,1,Paid In Full,Crestline Pole Services Dec 2023,2023-12-09 16:00:00,false
2736,BILL-2736,VendBill,2023-12-04,101,1,1,Paid In Full,Granitepoint Civil Dec 2023,2023-12-10 22:00:00,false
2737,BILL-2737,VendBill,2023-12-04,102,1,1,Paid In Full,Northway Trenching Dec 2023,2023-12-06 13:00:00,false
2738,BILL-2738,VendBill,2023-12-05,103,1,1,Paid In Full,Tamber Aerial Works Dec 2023,2023-12-12 11:00:00,false
2739,BILL-2739,VendBill,2023-12-05,105,2,0.726552,Paid In Full,Lakeshore Fibre Supply Dec 2023,2023-12-07 06:00:00,false
2740,BILL-2740,VendBill,2023-12-05,106,2,0.726552,Paid In Full,Maple Conduit Co Dec 2023,2023-12-06 13:00:00,false
2741,BILL-2741,VendBill,2023-12-06,103,1,1,Paid In Full,Tamber Aerial Works Dec 2023,2023-12-09 08:00:00,false
2742,BILL-2742,VendBill,2023-12-08,103,1,1,Paid In Full,Tamber Aerial Works Dec 2023,2023-12-11 11:00:00,false
2743,BILL-2743,VendBill,2023-12-08,106,2,0.730076,Paid In Full,Maple Conduit Co Dec 2023,2023-12-12 02:00:00,false
2744,BILL-2744,VendBill,2023-12-08,108,1,1,Paid In Full,Bluefin Permitting Dec 2023,2023-12-11 14:00:00,false
2745,BILL-2745,VendBill,2023-12-09,102,1,1,Paid In Full,Northway Trenching Dec 2023,2023-12-14 04:00:00,false
2746,BILL-2746,VendBill,2023-12-11,107,1,1,Paid In Full,Keel Engineering Dec 2023,2023-12-11 09:00:00,false
2747,BILL-2747,VendBill,2023-12-11,111,1,1,Paid In Full,Harrow Staffing Dec 2023,2023-12-13 17:00:00,false
2748,BILL-2748,VendBill,2023-12-12,107,1,1,Paid In Full,Keel Engineering Dec 2023,2023-12-17 11:00:00,false
2749,BILL-2749,VendBill,2023-12-13,109,1,1,Paid In Full,Oxbow Legal LLP Dec 2023,2023-12-14 03:00:00,false
2750,BILL-2750,VendBill,2023-12-13,112,1,1,Paid In Full,Quarrystone Paving Dec 2023,2023-12-17 09:00:00,false
2751,BILL-2751,VendBill,2023-12-14,102,1,1,Paid In Full,Northway Trenching Dec 2023,2023-12-21 20:00:00,false
2752,BILL-2752,VendBill,2023-12-14,102,1,1,Paid In Full,Northway Trenching Dec 2023,2023-12-20 14:00:00,false
2753,BILL-2753,VendBill,2023-12-14,104,1,1,Paid In Full,Ridgefield Splicing Dec 2023,2023-12-21 21:00:00,false
2754,BILL-2754,VendBill,2023-12-14,112,1,1,Paid In Full,Quarrystone Paving Dec 2023,2023-12-21 04:00:00,false
2755,BILL-2755,VendBill,2023-12-15,101,1,1,Paid In Full,Granitepoint Civil Dec 2023,2023-12-18 04:00:00,false
2756,BILL-2756,VendBill,2023-12-15,102,1,1,Paid In Full,Northway Trenching Dec 2023,2023-12-22 11:00:00,false
2757,BILL-2757,VendBill,2023-12-15,103,1,1,Paid In Full,Tamber Aerial Works Dec 2023,2023-12-18 02:00:00,false
2758,BILL-2758,VendBill,2023-12-15,104,1,1,Paid In Full,Ridgefield Splicing Dec 2023,2023-12-19 22:00:00,false
2759,BILL-2759,VendBill,2023-12-15,104,1,1,Paid In Full,Ridgefield Splicing Dec 2023,2023-12-18 11:00:00,false
2760,BILL-2760,VendBill,2023-12-15,105,2,0.732239,Paid In Full,Lakeshore Fibre Supply Dec 2023,2023-12-16 03:00:00,false
2761,BILL-2761,VendBill,2023-12-15,108,1,1,Paid In Full,Bluefin Permitting Dec 2023,2023-12-20 18:00:00,false
2762,BILL-2762,VendBill,2023-12-16,104,1,1,Paid In Full,Ridgefield Splicing Dec 2023,2023-12-21 07:00:00,false
2763,BILL-2763,VendBill,2023-12-16,112,1,1,Paid In Full,Quarrystone Paving Dec 2023,2023-12-17 20:00:00,false
2764,BILL-2764,VendBill,2023-12-17,103,1,1,Paid In Full,Tamber Aerial Works Dec 2023,2023-12-18 02:00:00,false
2765,BILL-2765,VendBill,2023-12-17,106,2,0.730985,Paid In Full,Maple Conduit Co Dec 2023,2023-12-19 01:00:00,false
2766,BILL-2766,VendBill,2023-12-18,107,1,1,Paid In Full,Keel Engineering Dec 2023,2023-12-18 12:00:00,false
2767,BILL-2767,VendBill,2023-12-18,108,1,1,Paid In Full,Bluefin Permitting Dec 2023,2023-12-18 23:00:00,false
2768,BILL-2768,VendBill,2023-12-19,101,1,1,Paid In Full,Granitepoint Civil Dec 2023,2023-12-20 08:00:00,false
2769,BILL-2769,VendBill,2023-12-19,102,1,1,Paid In Full,Northway Trenching Dec 2023,2023-12-20 09:00:00,false
2770,BILL-2770,VendBill,2023-12-19,104,1,1,Paid In Full,Ridgefield Splicing Dec 2023,2023-12-23 09:00:00,false
2771,BILL-2771,VendBill,2023-12-20,105,2,0.729970,Paid In Full,Lakeshore Fibre Supply Dec 2023,2023-12-21 01:00:00,false
2772,BILL-2772,VendBill,2023-12-22,102,1,1,Paid In Full,Northway Trenching Dec 2023,2023-12-28 07:00:00,false
2773,BILL-2773,VendBill,2023-12-22,112,1,1,Paid In Full,Quarrystone Paving Dec 2023,2023-12-27 06:00:00,false
2774,BILL-2774,VendBill,2023-12-23,101,1,1,Paid In Full,Granitepoint Civil Dec 2023,2023-12-23 14:00:00,false
2775,BILL-2775,VendBill,2023-12-23,101,1,1,Paid In Full,Granitepoint Civil Dec 2023,2023-12-28 21:00:00,false
2776,BILL-2776,VendBill,2023-12-24,101,1,1,Paid In Full,Granitepoint Civil Dec 2023,2023-12-25 17:00:00,false
2777,BILL-2777,VendBill,2023-12-24,102,1,1,Paid In Full,Northway Trenching Dec 2023,2023-12-27 10:00:00,false
2778,BILL-2778,VendBill,2023-12-25,101,1,1,Paid In Full,Granitepoint Civil Dec 2023,2023-12-25 19:00:00,false
2779,BILL-2779,VendBill,2023-12-25,102,1,1,Paid In Full,Northway Trenching Dec 2023,2023-12-27 21:00:00,false
2780,BILL-2780,VendBill,2023-12-26,101,1,1,Paid In Full,Granitepoint Civil Dec 2023,2024-01-02 20:00:00,false
2781,BILL-2781,VendBill,2023-12-26,102,1,1,Paid In Full,Northway Trenching Dec 2023,2023-12-28 21:00:00,false
2782,BILL-2782,VendBill,2023-12-26,112,1,1,Paid In Full,Quarrystone Paving Dec 2023,2023-12-28 11:00:00,false
2783,BILL-2783,VendBill,2023-12-27,101,1,1,Paid In Full,Granitepoint Civil Dec 2023,2023-12-28 04:00:00,false
2784,BILL-2784,VendBill,2023-12-27,104,1,1,Paid In Full,Ridgefield Splicing Dec 2023,2023-12-31 03:00:00,false
2785,BILL-2785,VendBill,2023-12-28,101,1,1,Paid In Full,Granitepoint Civil Dec 2023,2023-12-29 13:00:00,false
2786,BILL-2786,VendBill,2024-01-03,110,1,1,Paid In Full,Crestline Pole Services Jan 2024,2024-01-07 19:00:00,false
2787,BILL-2787,VendBill,2024-01-04,101,1,1,Paid In Full,Granitepoint Civil Jan 2024,2024-01-11 03:00:00,false
2788,BILL-2788,VendBill,2024-01-04,102,1,1,Paid In Full,Northway Trenching Jan 2024,2024-01-10 15:00:00,false
2789,BILL-2789,VendBill,2024-01-04,105,2,0.720627,Paid In Full,Lakeshore Fibre Supply Jan 2024,2024-01-05 18:00:00,false
2790,BILL-2790,VendBill,2024-01-04,106,2,0.720627,Paid In Full,Maple Conduit Co Jan 2024,2024-01-08 21:00:00,false
2791,BILL-2791,VendBill,2024-01-04,112,1,1,Paid In Full,Quarrystone Paving Jan 2024,2024-01-10 17:00:00,false
2792,BILL-2792,VendBill,2024-01-05,101,1,1,Paid In Full,Granitepoint Civil Jan 2024,2024-01-11 08:00:00,false
2793,BILL-2793,VendBill,2024-01-05,102,1,1,Paid In Full,Northway Trenching Jan 2024,2024-01-09 13:00:00,false
2794,BILL-2794,VendBill,2024-01-06,102,1,1,Paid In Full,Northway Trenching Jan 2024,2024-01-08 14:00:00,false
2795,BILL-2795,VendBill,2024-01-06,108,1,1,Paid In Full,Bluefin Permitting Jan 2024,2024-01-12 13:00:00,false
2796,BILL-2796,VendBill,2024-01-07,102,1,1,Paid In Full,Northway Trenching Jan 2024,2024-01-14 11:00:00,false
2797,BILL-2797,VendBill,2024-01-07,106,2,0.717503,Paid In Full,Maple Conduit Co Jan 2024,2024-01-14 16:00:00,false
2798,BILL-2798,VendBill,2024-01-07,109,1,1,Paid In Full,Oxbow Legal LLP Jan 2024,2024-01-07 02:00:00,false
2799,BILL-2799,VendBill,2024-01-07,112,1,1,Paid In Full,Quarrystone Paving Jan 2024,2024-01-11 11:00:00,false
2800,BILL-2800,VendBill,2024-01-08,101,1,1,Paid In Full,Granitepoint Civil Jan 2024,2024-01-08 10:00:00,false
2801,BILL-2801,VendBill,2024-01-08,102,1,1,Paid In Full,Northway Trenching Jan 2024,2024-01-15 05:00:00,false
2802,BILL-2802,VendBill,2024-01-08,105,2,0.720819,Paid In Full,Lakeshore Fibre Supply Jan 2024,2024-01-10 20:00:00,false
2803,BILL-2803,VendBill,2024-01-09,106,2,0.721757,Paid In Full,Maple Conduit Co Jan 2024,2024-01-10 10:00:00,false
2804,BILL-2804,VendBill,2024-01-10,107,1,1,Paid In Full,Keel Engineering Jan 2024,2024-01-17 13:00:00,false
2805,BILL-2805,VendBill,2024-01-11,101,1,1,Paid In Full,Granitepoint Civil Jan 2024,2024-01-15 17:00:00,false
2806,BILL-2806,VendBill,2024-01-11,103,1,1,Paid In Full,Tamber Aerial Works Jan 2024,2024-01-17 05:00:00,false
2807,BILL-2807,VendBill,2024-01-11,111,1,1,Paid In Full,Harrow Staffing Jan 2024,2024-01-17 13:00:00,false
2808,BILL-2808,VendBill,2024-01-12,103,1,1,Paid In Full,Tamber Aerial Works Jan 2024,2024-01-19 19:00:00,false
2809,BILL-2809,VendBill,2024-01-12,105,2,0.719253,Paid In Full,Lakeshore Fibre Supply Jan 2024,2024-01-18 08:00:00,false
2810,BILL-2810,VendBill,2024-01-13,104,1,1,Paid In Full,Ridgefield Splicing Jan 2024,2024-01-19 17:00:00,false
2811,BILL-2811,VendBill,2024-01-14,104,1,1,Paid In Full,Ridgefield Splicing Jan 2024,2024-01-18 03:00:00,false
2812,BILL-2812,VendBill,2024-01-15,104,1,1,Paid In Full,Ridgefield Splicing Jan 2024,2024-01-21 03:00:00,false
2813,BILL-2813,VendBill,2024-01-16,102,1,1,Paid In Full,Northway Trenching Jan 2024,2024-01-22 01:00:00,false
2814,BILL-2814,VendBill,2024-01-16,104,1,1,Paid In Full,Ridgefield Splicing Jan 2024,2024-01-22 05:00:00,false
2815,BILL-2815,VendBill,2024-01-17,102,1,1,Paid In Full,Northway Trenching Jan 2024,2024-01-17 01:00:00,false
2816,BILL-2816,VendBill,2024-01-17,102,1,1,Paid In Full,Northway Trenching Jan 2024,2024-01-17 03:00:00,false
2817,BILL-2817,VendBill,2024-01-17,102,1,1,Paid In Full,Northway Trenching Jan 2024,2024-01-17 06:00:00,false
2818,BILL-2818,VendBill,2024-01-17,108,1,1,Paid In Full,Bluefin Permitting Jan 2024,2024-01-18 07:00:00,false
2819,BILL-2819,VendBill,2024-01-18,103,1,1,Paid In Full,Tamber Aerial Works Jan 2024,2024-01-23 22:00:00,false
2820,BILL-2820,VendBill,2024-01-18,104,1,1,Paid In Full,Ridgefield Splicing Jan 2024,2024-01-25 14:00:00,false
2821,BILL-2821,VendBill,2024-01-19,101,1,1,Paid In Full,Granitepoint Civil Jan 2024,2024-01-26 11:00:00,false
2822,BILL-2822,VendBill,2024-01-19,112,1,1,Paid In Full,Quarrystone Paving Jan 2024,2024-01-21 06:00:00,false
2823,BILL-2823,VendBill,2024-01-20,112,1,1,Paid In Full,Quarrystone Paving Jan 2024,2024-01-27 21:00:00,false
2824,BILL-2824,VendBill,2024-01-21,101,1,1,Paid In Full,Granitepoint Civil Jan 2024,2024-01-28 19:00:00,false
2825,BILL-2825,VendBill,2024-01-21,101,1,1,Paid In Full,Granitepoint Civil Jan 2024,2024-01-26 13:00:00,false
2826,BILL-2826,VendBill,2024-01-21,101,1,1,Paid In Full,Granitepoint Civil Jan 2024,2024-01-25 12:00:00,false
2827,BILL-2827,VendBill,2024-01-21,103,1,1,Paid In Full,Tamber Aerial Works Jan 2024,2024-01-24 09:00:00,false
2828,BILL-2828,VendBill,2024-01-21,108,1,1,Paid In Full,Bluefin Permitting Jan 2024,2024-01-27 01:00:00,false
2829,BILL-2829,VendBill,2024-01-22,101,1,1,Paid In Full,Granitepoint Civil Jan 2024,2024-01-28 05:00:00,false
2830,BILL-2830,VendBill,2024-01-22,101,1,1,Paid In Full,Granitepoint Civil Jan 2024,2024-01-30 07:00:00,false
2831,BILL-2831,VendBill,2024-01-22,103,1,1,Paid In Full,Tamber Aerial Works Jan 2024,2024-01-29 04:00:00,false
2832,BILL-2832,VendBill,2024-01-23,107,1,1,Paid In Full,Keel Engineering Jan 2024,2024-01-25 01:00:00,false
2833,BILL-2833,VendBill,2024-01-23,107,1,1,Paid In Full,Keel Engineering Jan 2024,2024-01-23 03:00:00,false
2834,BILL-2834,VendBill,2024-01-25,104,1,1,Paid In Full,Ridgefield Splicing Jan 2024,2024-01-31 00:00:00,false
2835,BILL-2835,VendBill,2024-01-27,112,1,1,Paid In Full,Quarrystone Paving Jan 2024,2024-01-28 18:00:00,false
2836,BILL-2836,VendBill,2024-01-28,102,1,1,Paid In Full,Northway Trenching Jan 2024,2024-02-03 00:00:00,false
2837,BILL-2837,VendBill,2024-02-03,110,1,1,Paid In Full,Crestline Pole Services Feb 2024,2024-02-10 10:00:00,false
2838,BILL-2838,VendBill,2024-02-04,102,1,1,Paid In Full,Northway Trenching Feb 2024,2024-02-06 14:00:00,false
2839,BILL-2839,VendBill,2024-02-04,106,2,0.713491,Paid In Full,Maple Conduit Co Feb 2024,2024-02-10 01:00:00,false
2840,BILL-2840,VendBill,2024-02-05,101,1,1,Paid In Full,Granitepoint Civil Feb 2024,2024-02-07 12:00:00,false
2841,BILL-2841,VendBill,2024-02-05,102,1,1,Paid In Full,Northway Trenching Feb 2024,2024-02-11 16:00:00,false
2842,BILL-2842,VendBill,2024-02-05,102,1,1,Paid In Full,Northway Trenching Feb 2024,2024-02-07 19:00:00,false
2843,BILL-2843,VendBill,2024-02-05,105,2,0.715267,Paid In Full,Lakeshore Fibre Supply Feb 2024,2024-02-10 09:00:00,false
2844,BILL-2844,VendBill,2024-02-05,112,1,1,Paid In Full,Quarrystone Paving Feb 2024,2024-02-05 19:00:00,false
2845,BILL-2845,VendBill,2024-02-06,108,1,1,Paid In Full,Bluefin Permitting Feb 2024,2024-02-07 20:00:00,false
2846,BILL-2846,VendBill,2024-02-07,102,1,1,Paid In Full,Northway Trenching Feb 2024,2024-02-10 14:00:00,false
2847,BILL-2847,VendBill,2024-02-07,103,1,1,Paid In Full,Tamber Aerial Works Feb 2024,2024-02-10 03:00:00,false
2848,BILL-2848,VendBill,2024-02-07,105,2,0.712857,Paid In Full,Lakeshore Fibre Supply Feb 2024,2024-02-11 05:00:00,false
2849,BILL-2849,VendBill,2024-02-08,107,1,1,Paid In Full,Keel Engineering Feb 2024,2024-02-13 19:00:00,false
2850,BILL-2850,VendBill,2024-02-09,101,1,1,Paid In Full,Granitepoint Civil Feb 2024,2024-02-16 17:00:00,false
2851,BILL-2851,VendBill,2024-02-09,108,1,1,Paid In Full,Bluefin Permitting Feb 2024,2024-02-11 13:00:00,false
2852,BILL-2852,VendBill,2024-02-10,101,1,1,Paid In Full,Granitepoint Civil Feb 2024,2024-02-17 14:00:00,false
2853,BILL-2853,VendBill,2024-02-10,101,1,1,Paid In Full,Granitepoint Civil Feb 2024,2024-02-13 19:00:00,false
2854,BILL-2854,VendBill,2024-02-10,103,1,1,Paid In Full,Tamber Aerial Works Feb 2024,2024-02-11 23:00:00,false
2855,BILL-2855,VendBill,2024-02-11,104,1,1,Paid In Full,Ridgefield Splicing Feb 2024,2024-02-12 14:00:00,false
2856,BILL-2856,VendBill,2024-02-12,102,1,1,Paid In Full,Northway Trenching Feb 2024,2024-02-12 04:00:00,false
2857,BILL-2857,VendBill,2024-02-13,106,2,0.712543,Paid In Full,Maple Conduit Co Feb 2024,2024-02-20 22:00:00,false
2858,BILL-2858,VendBill,2024-02-13,108,1,1,Paid In Full,Bluefin Permitting Feb 2024,2024-02-18 08:00:00,false
2859,BILL-2859,VendBill,2024-02-13,112,1,1,Paid In Full,Quarrystone Paving Feb 2024,2024-02-14 18:00:00,false
2860,BILL-2860,VendBill,2024-02-14,103,1,1,Paid In Full,Tamber Aerial Works Feb 2024,2024-02-19 05:00:00,false
2861,BILL-2861,VendBill,2024-02-14,105,2,0.710249,Paid In Full,Lakeshore Fibre Supply Feb 2024,2024-02-21 01:00:00,false
2862,BILL-2862,VendBill,2024-02-14,112,1,1,Paid In Full,Quarrystone Paving Feb 2024,2024-02-21 00:00:00,false
2863,BILL-2863,VendBill,2024-02-16,102,1,1,Paid In Full,Northway Trenching Feb 2024,2024-02-24 05:00:00,false
2864,BILL-2864,VendBill,2024-02-16,112,1,1,Paid In Full,Quarrystone Paving Feb 2024,2024-02-21 14:00:00,false
2865,BILL-2865,VendBill,2024-02-18,101,1,1,Paid In Full,Granitepoint Civil Feb 2024,2024-02-20 13:00:00,false
2866,BILL-2866,VendBill,2024-02-19,101,1,1,Paid In Full,Granitepoint Civil Feb 2024,2024-02-26 11:00:00,false
2867,BILL-2867,VendBill,2024-02-19,103,1,1,Paid In Full,Tamber Aerial Works Feb 2024,2024-02-20 09:00:00,false
2868,BILL-2868,VendBill,2024-02-19,106,2,0.711486,Paid In Full,Maple Conduit Co Feb 2024,2024-02-21 22:00:00,false
2869,BILL-2869,VendBill,2024-02-19,109,1,1,Paid In Full,Oxbow Legal LLP Feb 2024,2024-02-21 02:00:00,false
2870,BILL-2870,VendBill,2024-02-20,104,1,1,Paid In Full,Ridgefield Splicing Feb 2024,2024-02-22 05:00:00,false
2871,BILL-2871,VendBill,2024-02-20,107,1,1,Paid In Full,Keel Engineering Feb 2024,2024-02-27 17:00:00,false
2872,BILL-2872,VendBill,2024-02-21,102,1,1,Paid In Full,Northway Trenching Feb 2024,2024-02-22 09:00:00,false
2873,BILL-2873,VendBill,2024-02-21,104,1,1,Paid In Full,Ridgefield Splicing Feb 2024,2024-02-23 09:00:00,false
2874,BILL-2874,VendBill,2024-02-22,101,1,1,Paid In Full,Granitepoint Civil Feb 2024,2024-02-24 05:00:00,false
2875,BILL-2875,VendBill,2024-02-22,101,1,1,Paid In Full,Granitepoint Civil Feb 2024,2024-02-24 15:00:00,false
2876,BILL-2876,VendBill,2024-02-22,102,1,1,Paid In Full,Northway Trenching Feb 2024,2024-02-22 07:00:00,false
2877,BILL-2877,VendBill,2024-02-22,107,1,1,Paid In Full,Keel Engineering Feb 2024,2024-02-29 00:00:00,false
2878,BILL-2878,VendBill,2024-02-22,111,1,1,Paid In Full,Harrow Staffing Feb 2024,2024-02-27 10:00:00,false
2879,BILL-2879,VendBill,2024-02-24,101,1,1,Paid In Full,Granitepoint Civil Feb 2024,2024-02-24 15:00:00,false
2880,BILL-2880,VendBill,2024-02-24,102,1,1,Paid In Full,Northway Trenching Feb 2024,2024-02-26 19:00:00,false
2881,BILL-2881,VendBill,2024-02-24,104,1,1,Paid In Full,Ridgefield Splicing Feb 2024,2024-03-03 06:00:00,false
2882,BILL-2882,VendBill,2024-02-24,112,1,1,Paid In Full,Quarrystone Paving Feb 2024,2024-02-26 03:00:00,false
2883,BILL-2883,VendBill,2024-02-25,104,1,1,Paid In Full,Ridgefield Splicing Feb 2024,2024-02-29 07:00:00,false
2884,BILL-2884,VendBill,2024-02-26,102,1,1,Paid In Full,Northway Trenching Feb 2024,2024-03-02 03:00:00,false
2885,BILL-2885,VendBill,2024-02-27,104,1,1,Paid In Full,Ridgefield Splicing Feb 2024,2024-02-28 09:00:00,false
2886,BILL-2886,VendBill,2024-02-28,101,1,1,Paid In Full,Granitepoint Civil Feb 2024,2024-03-03 11:00:00,false
2887,BILL-2887,VendBill,2024-02-28,103,1,1,Paid In Full,Tamber Aerial Works Feb 2024,2024-03-03 18:00:00,false
2888,BILL-2888,VendBill,2024-03-03,110,1,1,Paid In Full,Crestline Pole Services Mar 2024,2024-03-09 18:00:00,false
2889,BILL-2889,VendBill,2024-03-04,101,1,1,Paid In Full,Granitepoint Civil Mar 2024,2024-03-07 13:00:00,false
2890,BILL-2890,VendBill,2024-03-05,101,1,1,Paid In Full,Granitepoint Civil Mar 2024,2024-03-09 10:00:00,false
2891,BILL-2891,VendBill,2024-03-06,101,1,1,Paid In Full,Granitepoint Civil Mar 2024,2024-03-11 01:00:00,false
2892,BILL-2892,VendBill,2024-03-06,106,2,0.713906,Paid In Full,Maple Conduit Co Mar 2024,2024-03-09 20:00:00,false
2893,BILL-2893,VendBill,2024-03-06,108,1,1,Paid In Full,Bluefin Permitting Mar 2024,2024-03-08 04:00:00,false
2894,BILL-2894,VendBill,2024-03-07,101,1,1,Paid In Full,Granitepoint Civil Mar 2024,2024-03-12 18:00:00,false
2895,BILL-2895,VendBill,2024-03-07,102,1,1,Paid In Full,Northway Trenching Mar 2024,2024-03-13 09:00:00,false
2896,BILL-2896,VendBill,2024-03-08,101,1,1,Paid In Full,Granitepoint Civil Mar 2024,2024-03-10 11:00:00,false
2897,BILL-2897,VendBill,2024-03-08,107,1,1,Paid In Full,Keel Engineering Mar 2024,2024-03-12 12:00:00,false
2898,BILL-2898,VendBill,2024-03-09,106,2,0.720939,Paid In Full,Maple Conduit Co Mar 2024,2024-03-17 01:00:00,false
2899,BILL-2899,VendBill,2024-03-09,108,1,1,Paid In Full,Bluefin Permitting Mar 2024,2024-03-09 13:00:00,false
2900,BILL-2900,VendBill,2024-03-10,102,1,1,Paid In Full,Northway Trenching Mar 2024,2024-03-17 21:00:00,false
2901,BILL-2901,VendBill,2024-03-10,102,1,1,Paid In Full,Northway Trenching Mar 2024,2024-03-13 20:00:00,false
2902,BILL-2902,VendBill,2024-03-10,105,2,0.723084,Paid In Full,Lakeshore Fibre Supply Mar 2024,2024-03-17 05:00:00,false
2903,BILL-2903,VendBill,2024-03-10,105,2,0.723084,Paid In Full,Lakeshore Fibre Supply Mar 2024,2024-03-15 23:00:00,false
2904,BILL-2904,VendBill,2024-03-11,107,1,1,Paid In Full,Keel Engineering Mar 2024,2024-03-19 03:00:00,false
2905,BILL-2905,VendBill,2024-03-12,101,1,1,Paid In Full,Granitepoint Civil Mar 2024,2024-03-16 23:00:00,false
2906,BILL-2906,VendBill,2024-03-12,103,1,1,Paid In Full,Tamber Aerial Works Mar 2024,2024-03-15 09:00:00,false
2907,BILL-2907,VendBill,2024-03-12,112,1,1,Paid In Full,Quarrystone Paving Mar 2024,2024-03-15 00:00:00,false
2908,BILL-2908,VendBill,2024-03-13,103,1,1,Paid In Full,Tamber Aerial Works Mar 2024,2024-03-14 21:00:00,false
2909,BILL-2909,VendBill,2024-03-13,103,1,1,Paid In Full,Tamber Aerial Works Mar 2024,2024-03-21 06:00:00,false
2910,BILL-2910,VendBill,2024-03-14,103,1,1,Paid In Full,Tamber Aerial Works Mar 2024,2024-03-20 18:00:00,false
2911,BILL-2911,VendBill,2024-03-14,105,2,0.724623,Paid In Full,Lakeshore Fibre Supply Mar 2024,2024-03-20 15:00:00,false
2912,BILL-2912,VendBill,2024-03-14,106,2,0.724623,Paid In Full,Maple Conduit Co Mar 2024,2024-03-16 20:00:00,false
2913,BILL-2913,VendBill,2024-03-14,108,1,1,Paid In Full,Bluefin Permitting Mar 2024,2024-03-19 16:00:00,false
2914,BILL-2914,VendBill,2024-03-15,107,1,1,Paid In Full,Keel Engineering Mar 2024,2024-03-21 06:00:00,false
2915,BILL-2915,VendBill,2024-03-15,112,1,1,Paid In Full,Quarrystone Paving Mar 2024,2024-03-22 01:00:00,false
2916,BILL-2916,VendBill,2024-03-16,101,1,1,Paid In Full,Granitepoint Civil Mar 2024,2024-03-22 01:00:00,false
2917,BILL-2917,VendBill,2024-03-16,112,1,1,Paid In Full,Quarrystone Paving Mar 2024,2024-03-23 15:00:00,false
2918,BILL-2918,VendBill,2024-03-16,112,1,1,Paid In Full,Quarrystone Paving Mar 2024,2024-03-21 10:00:00,false
2919,BILL-2919,VendBill,2024-03-17,102,1,1,Paid In Full,Northway Trenching Mar 2024,2024-03-22 00:00:00,false
2920,BILL-2920,VendBill,2024-03-17,102,1,1,Paid In Full,Northway Trenching Mar 2024,2024-03-24 23:00:00,false
2921,BILL-2921,VendBill,2024-03-18,102,1,1,Paid In Full,Northway Trenching Mar 2024,2024-03-24 13:00:00,false
2922,BILL-2922,VendBill,2024-03-18,112,1,1,Paid In Full,Quarrystone Paving Mar 2024,2024-03-25 12:00:00,false
2923,BILL-2923,VendBill,2024-03-19,104,1,1,Paid In Full,Ridgefield Splicing Mar 2024,2024-03-26 03:00:00,false
2924,BILL-2924,VendBill,2024-03-20,101,1,1,Paid In Full,Granitepoint Civil Mar 2024,2024-03-23 04:00:00,false
2925,BILL-2925,VendBill,2024-03-20,104,1,1,Paid In Full,Ridgefield Splicing Mar 2024,2024-03-26 01:00:00,false
2926,BILL-2926,VendBill,2024-03-21,101,1,1,Paid In Full,Granitepoint Civil Mar 2024,2024-03-24 04:00:00,false
2927,BILL-2927,VendBill,2024-03-21,102,1,1,Paid In Full,Northway Trenching Mar 2024,2024-03-28 01:00:00,false
2928,BILL-2928,VendBill,2024-03-21,104,1,1,Paid In Full,Ridgefield Splicing Mar 2024,2024-03-26 19:00:00,false
2929,BILL-2929,VendBill,2024-03-22,111,1,1,Paid In Full,Harrow Staffing Mar 2024,2024-03-26 18:00:00,false
2930,BILL-2930,VendBill,2024-03-23,101,1,1,Paid In Full,Granitepoint Civil Mar 2024,2024-03-23 21:00:00,false
2931,BILL-2931,VendBill,2024-03-24,102,1,1,Paid In Full,Northway Trenching Mar 2024,2024-03-26 13:00:00,false
2932,BILL-2932,VendBill,2024-03-24,109,1,1,Paid In Full,Oxbow Legal LLP Mar 2024,2024-03-29 19:00:00,false
2933,BILL-2933,VendBill,2024-03-25,102,1,1,Paid In Full,Northway Trenching Mar 2024,2024-03-29 09:00:00,false
2934,BILL-2934,VendBill,2024-03-25,102,1,1,Paid In Full,Northway Trenching Mar 2024,2024-03-28 22:00:00,false
2935,BILL-2935,VendBill,2024-03-25,103,1,1,Paid In Full,Tamber Aerial Works Mar 2024,2024-04-01 13:00:00,false
2936,BILL-2936,VendBill,2024-03-25,104,1,1,Paid In Full,Ridgefield Splicing Mar 2024,2024-03-29 06:00:00,false
2937,BILL-2937,VendBill,2024-03-26,104,1,1,Paid In Full,Ridgefield Splicing Mar 2024,2024-04-02 22:00:00,false
2938,BILL-2938,VendBill,2024-03-26,104,1,1,Paid In Full,Ridgefield Splicing Mar 2024,2024-03-31 06:00:00,false
2939,BILL-2939,VendBill,2024-04-02,106,2,0.715342,Paid In Full,Maple Conduit Co Apr 2024,2024-04-02 19:00:00,false
2940,BILL-2940,VendBill,2024-04-03,110,1,1,Paid In Full,Crestline Pole Services Apr 2024,2024-04-08 11:00:00,false
2941,BILL-2941,VendBill,2024-04-05,101,1,1,Paid In Full,Granitepoint Civil Apr 2024,2024-04-10 17:00:00,false
2942,BILL-2942,VendBill,2024-04-06,103,1,1,Paid In Full,Tamber Aerial Works Apr 2024,2024-04-06 12:00:00,false
2943,BILL-2943,VendBill,2024-04-07,101,1,1,Paid In Full,Granitepoint Civil Apr 2024,2024-04-13 17:00:00,false
2944,BILL-2944,VendBill,2024-04-08,101,1,1,Paid In Full,Granitepoint Civil Apr 2024,2024-04-08 23:00:00,false
2945,BILL-2945,VendBill,2024-04-08,102,1,1,Paid In Full,Northway Trenching Apr 2024,2024-04-13 16:00:00,false
2946,BILL-2946,VendBill,2024-04-09,102,1,1,Paid In Full,Northway Trenching Apr 2024,2024-04-13 10:00:00,false
2947,BILL-2947,VendBill,2024-04-09,102,1,1,Paid In Full,Northway Trenching Apr 2024,2024-04-09 06:00:00,false
2948,BILL-2948,VendBill,2024-04-09,102,1,1,Paid In Full,Northway Trenching Apr 2024,2024-04-11 15:00:00,false
2949,BILL-2949,VendBill,2024-04-09,112,1,1,Paid In Full,Quarrystone Paving Apr 2024,2024-04-16 18:00:00,false
2950,BILL-2950,VendBill,2024-04-09,112,1,1,Paid In Full,Quarrystone Paving Apr 2024,2024-04-12 20:00:00,false
2951,BILL-2951,VendBill,2024-04-10,102,1,1,Paid In Full,Northway Trenching Apr 2024,2024-04-13 08:00:00,false
2952,BILL-2952,VendBill,2024-04-10,105,2,0.718724,Paid In Full,Lakeshore Fibre Supply Apr 2024,2024-04-12 07:00:00,false
2953,BILL-2953,VendBill,2024-04-10,107,1,1,Paid In Full,Keel Engineering Apr 2024,2024-04-13 05:00:00,false
2954,BILL-2954,VendBill,2024-04-11,102,1,1,Paid In Full,Northway Trenching Apr 2024,2024-04-18 00:00:00,false
2955,BILL-2955,VendBill,2024-04-13,107,1,1,Paid In Full,Keel Engineering Apr 2024,2024-04-17 23:00:00,false
2956,BILL-2956,VendBill,2024-04-14,105,2,0.728225,Paid In Full,Lakeshore Fibre Supply Apr 2024,2024-04-20 16:00:00,false
2957,BILL-2957,VendBill,2024-04-15,101,1,1,Paid In Full,Granitepoint Civil Apr 2024,2024-04-18 12:00:00,false
2958,BILL-2958,VendBill,2024-04-15,104,1,1,Paid In Full,Ridgefield Splicing Apr 2024,2024-04-19 01:00:00,false
2959,BILL-2959,VendBill,2024-04-15,112,1,1,Paid In Full,Quarrystone Paving Apr 2024,2024-04-16 10:00:00,false
2960,BILL-2960,VendBill,2024-04-16,108,1,1,Paid In Full,Bluefin Permitting Apr 2024,2024-04-23 04:00:00,false
2961,BILL-2961,VendBill,2024-04-16,112,1,1,Paid In Full,Quarrystone Paving Apr 2024,2024-04-21 16:00:00,false
2962,BILL-2962,VendBill,2024-04-17,102,1,1,Paid In Full,Northway Trenching Apr 2024,2024-04-22 23:00:00,false
2963,BILL-2963,VendBill,2024-04-17,104,1,1,Paid In Full,Ridgefield Splicing Apr 2024,2024-04-17 02:00:00,false
2964,BILL-2964,VendBill,2024-04-17,106,2,0.729214,Paid In Full,Maple Conduit Co Apr 2024,2024-04-19 03:00:00,false
2965,BILL-2965,VendBill,2024-04-17,106,2,0.729214,Paid In Full,Maple Conduit Co Apr 2024,2024-04-18 18:00:00,false
2966,BILL-2966,VendBill,2024-04-18,101,1,1,Paid In Full,Granitepoint Civil Apr 2024,2024-04-23 10:00:00,false
2967,BILL-2967,VendBill,2024-04-18,108,1,1,Paid In Full,Bluefin Permitting Apr 2024,2024-04-24 05:00:00,false
2968,BILL-2968,VendBill,2024-04-19,104,1,1,Paid In Full,Ridgefield Splicing Apr 2024,2024-04-25 12:00:00,false
2969,BILL-2969,VendBill,2024-04-19,108,1,1,Paid In Full,Bluefin Permitting Apr 2024,2024-04-24 09:00:00,false
2970,BILL-2970,VendBill,2024-04-20,102,1,1,Paid In Full,Northway Trenching Apr 2024,2024-04-22 22:00:00,false
2971,BILL-2971,VendBill,2024-04-20,103,1,1,Paid In Full,Tamber Aerial Works Apr 2024,2024-04-25 03:00:00,false
2972,BILL-2972,VendBill,2024-04-20,105,2,0.726670,Paid In Full,Lakeshore Fibre Supply Apr 2024,2024-04-22 16:00:00,false
2973,BILL-2973,VendBill,2024-04-21,101,1,1,Paid In Full,Granitepoint Civil Apr 2024,2024-04-25 05:00:00,false
2974,BILL-2974,VendBill,2024-04-21,111,1,1,Paid In Full,Harrow Staffing Apr 2024,2024-04-29 02:00:00,false
2975,BILL-2975,VendBill,2024-04-22,101,1,1,Paid In Full,Granitepoint Civil Apr 2024,2024-04-28 06:00:00,false
2976,BILL-2976,VendBill,2024-04-22,103,1,1,Paid In Full,Tamber Aerial Works Apr 2024,2024-04-24 15:00:00,false
2977,BILL-2977,VendBill,2024-04-22,107,1,1,Paid In Full,Keel Engineering Apr 2024,2024-04-26 13:00:00,false
2978,BILL-2978,VendBill,2024-04-23,101,1,1,Paid In Full,Granitepoint Civil Apr 2024,2024-04-29 13:00:00,false
2979,BILL-2979,VendBill,2024-04-23,101,1,1,Paid In Full,Granitepoint Civil Apr 2024,2024-04-30 14:00:00,false
2980,BILL-2980,VendBill,2024-04-24,104,1,1,Paid In Full,Ridgefield Splicing Apr 2024,2024-04-28 05:00:00,false
2981,BILL-2981,VendBill,2024-04-24,109,1,1,Paid In Full,Oxbow Legal LLP Apr 2024,2024-04-27 10:00:00,false
2982,BILL-2982,VendBill,2024-04-25,101,1,1,Paid In Full,Granitepoint Civil Apr 2024,2024-04-27 02:00:00,false
2983,BILL-2983,VendBill,2024-04-25,103,1,1,Paid In Full,Tamber Aerial Works Apr 2024,2024-04-25 14:00:00,false
2984,BILL-2984,VendBill,2024-04-25,112,1,1,Paid In Full,Quarrystone Paving Apr 2024,2024-04-26 22:00:00,false
2985,BILL-2985,VendBill,2024-04-26,102,1,1,Paid In Full,Northway Trenching Apr 2024,2024-04-30 21:00:00,false
2986,BILL-2986,VendBill,2024-04-26,102,1,1,Paid In Full,Northway Trenching Apr 2024,2024-04-28 01:00:00,false
2987,BILL-2987,VendBill,2024-04-26,103,1,1,Paid In Full,Tamber Aerial Works Apr 2024,2024-04-28 03:00:00,false
2988,BILL-2988,VendBill,2024-04-26,104,1,1,Paid In Full,Ridgefield Splicing Apr 2024,2024-05-03 16:00:00,false
2989,BILL-2989,VendBill,2024-04-28,104,1,1,Paid In Full,Ridgefield Splicing Apr 2024,2024-05-01 00:00:00,false
2990,BILL-2990,VendBill,2024-05-03,110,1,1,Paid In Full,Crestline Pole Services May 2024,2024-05-08 04:00:00,false
2991,BILL-2991,VendBill,2024-05-04,102,1,1,Paid In Full,Northway Trenching May 2024,2024-05-08 06:00:00,false
2992,BILL-2992,VendBill,2024-05-06,101,1,1,Paid In Full,Granitepoint Civil May 2024,2024-05-13 19:00:00,false
2993,BILL-2993,VendBill,2024-05-06,102,1,1,Paid In Full,Northway Trenching May 2024,2024-05-06 02:00:00,false
2994,BILL-2994,VendBill,2024-05-06,103,1,1,Paid In Full,Tamber Aerial Works May 2024,2024-05-06 12:00:00,false
2995,BILL-2995,VendBill,2024-05-06,105,2,0.716125,Paid In Full,Lakeshore Fibre Supply May 2024,2024-05-09 10:00:00,false
2996,BILL-2996,VendBill,2024-05-06,106,2,0.716125,Paid In Full,Maple Conduit Co May 2024,2024-05-11 02:00:00,false
2997,BILL-2997,VendBill,2024-05-07,101,1,1,Paid In Full,Granitepoint Civil May 2024,2024-05-08 02:00:00,false
2998,BILL-2998,VendBill,2024-05-07,105,2,0.715487,Paid In Full,Lakeshore Fibre Supply May 2024,2024-05-12 23:00:00,false
2999,BILL-2999,VendBill,2024-05-07,108,1,1,Paid In Full,Bluefin Permitting May 2024,2024-05-09 19:00:00,false
3000,BILL-3000,VendBill,2024-05-08,107,1,1,Paid In Full,Keel Engineering May 2024,2024-05-12 10:00:00,false
3001,BILL-3001,VendBill,2024-05-09,108,1,1,Paid In Full,Bluefin Permitting May 2024,2024-05-15 09:00:00,false
3002,BILL-3002,VendBill,2024-05-10,102,1,1,Paid In Full,Northway Trenching May 2024,2024-05-17 15:00:00,false
3003,BILL-3003,VendBill,2024-05-10,103,1,1,Paid In Full,Tamber Aerial Works May 2024,2024-05-17 15:00:00,false
3004,BILL-3004,VendBill,2024-05-11,101,1,1,Paid In Full,Granitepoint Civil May 2024,2024-05-12 05:00:00,false
3005,BILL-3005,VendBill,2024-05-11,101,1,1,Paid In Full,Granitepoint Civil May 2024,2024-05-15 08:00:00,false
3006,BILL-3006,VendBill,2024-05-11,102,1,1,Paid In Full,Northway Trenching May 2024,2024-05-16 12:00:00,false
3007,BILL-3007,VendBill,2024-05-12,102,1,1,Paid In Full,Northway Trenching May 2024,2024-05-15 02:00:00,false
3008,BILL-3008,VendBill,2024-05-12,106,2,0.718047,Paid In Full,Maple Conduit Co May 2024,2024-05-19 07:00:00,false
3009,BILL-3009,VendBill,2024-05-12,109,1,1,Paid In Full,Oxbow Legal LLP May 2024,2024-05-14 22:00:00,false
3010,BILL-3010,VendBill,2024-05-13,102,1,1,Paid In Full,Northway Trenching May 2024,2024-05-16 11:00:00,false
3011,BILL-3011,VendBill,2024-05-13,104,1,1,Paid In Full,Ridgefield Splicing May 2024,2024-05-19 07:00:00,false
3012,BILL-3012,VendBill,2024-05-14,104,1,1,Paid In Full,Ridgefield Splicing May 2024,2024-05-15 20:00:00,false
3013,BILL-3013,VendBill,2024-05-14,108,1,1,Paid In Full,Bluefin Permitting May 2024,2024-05-20 12:00:00,false
3014,BILL-3014,VendBill,2024-05-15,101,1,1,Paid In Full,Granitepoint Civil May 2024,2024-05-16 10:00:00,false
3015,BILL-3015,VendBill,2024-05-15,101,1,1,Paid In Full,Granitepoint Civil May 2024,2024-05-22 01:00:00,false
3016,BILL-3016,VendBill,2024-05-15,104,1,1,Paid In Full,Ridgefield Splicing May 2024,2024-05-17 01:00:00,false
3017,BILL-3017,VendBill,2024-05-16,101,1,1,Paid In Full,Granitepoint Civil May 2024,2024-05-16 18:00:00,false
3018,BILL-3018,VendBill,2024-05-16,104,1,1,Paid In Full,Ridgefield Splicing May 2024,2024-05-19 02:00:00,false
3019,BILL-3019,VendBill,2024-05-16,104,1,1,Paid In Full,Ridgefield Splicing May 2024,2024-05-16 19:00:00,false
3020,BILL-3020,VendBill,2024-05-17,101,1,1,Paid In Full,Granitepoint Civil May 2024,2024-05-23 16:00:00,false
3021,BILL-3021,VendBill,2024-05-17,102,1,1,Paid In Full,Northway Trenching May 2024,2024-05-18 10:00:00,false
3022,BILL-3022,VendBill,2024-05-17,105,2,0.724132,Paid In Full,Lakeshore Fibre Supply May 2024,2024-05-20 19:00:00,false
3023,BILL-3023,VendBill,2024-05-17,112,1,1,Paid In Full,Quarrystone Paving May 2024,2024-05-17 12:00:00,false
3024,BILL-3024,VendBill,2024-05-18,106,2,0.725982,Paid In Full,Maple Conduit Co May 2024,2024-05-20 19:00:00,false
3025,BILL-3025,VendBill,2024-05-19,101,1,1,Paid In Full,Granitepoint Civil May 2024,2024-05-26 07:00:00,false
3026,BILL-3026,VendBill,2024-05-19,102,1,1,Paid In Full,Northway Trenching May 2024,2024-05-23 15:00:00,false
3027,BILL-3027,VendBill,2024-05-20,111,1,1,Paid In Full,Harrow Staffing May 2024,2024-05-23 13:00:00,false
3028,BILL-3028,VendBill,2024-05-20,112,1,1,Paid In Full,Quarrystone Paving May 2024,2024-05-22 12:00:00,false
3029,BILL-3029,VendBill,2024-05-21,103,1,1,Paid In Full,Tamber Aerial Works May 2024,2024-05-24 10:00:00,false
3030,BILL-3030,VendBill,2024-05-21,107,1,1,Paid In Full,Keel Engineering May 2024,2024-05-27 03:00:00,false
3031,BILL-3031,VendBill,2024-05-21,107,1,1,Paid In Full,Keel Engineering May 2024,2024-05-21 12:00:00,false
3032,BILL-3032,VendBill,2024-05-22,112,1,1,Paid In Full,Quarrystone Paving May 2024,2024-05-28 02:00:00,false
3033,BILL-3033,VendBill,2024-05-23,103,1,1,Paid In Full,Tamber Aerial Works May 2024,2024-05-23 05:00:00,false
3034,BILL-3034,VendBill,2024-05-23,112,1,1,Paid In Full,Quarrystone Paving May 2024,2024-05-25 08:00:00,false
3035,BILL-3035,VendBill,2024-05-24,102,1,1,Paid In Full,Northway Trenching May 2024,2024-05-26 06:00:00,false
3036,BILL-3036,VendBill,2024-05-24,103,1,1,Paid In Full,Tamber Aerial Works May 2024,2024-05-24 15:00:00,false
3037,BILL-3037,VendBill,2024-05-27,101,1,1,Paid In Full,Granitepoint Civil May 2024,2024-05-31 12:00:00,false
3038,BILL-3038,VendBill,2024-05-28,102,1,1,Paid In Full,Northway Trenching May 2024,2024-05-28 22:00:00,false
3039,BILL-3039,VendBill,2024-05-28,104,1,1,Paid In Full,Ridgefield Splicing May 2024,2024-05-28 02:00:00,false
3040,BILL-3040,VendBill,2024-05-28,112,1,1,Paid In Full,Quarrystone Paving May 2024,2024-06-05 06:00:00,false
3041,BILL-3041,VendBill,2024-06-03,110,1,1,Paid In Full,Crestline Pole Services Jun 2024,2024-06-10 16:00:00,false
3042,BILL-3042,VendBill,2024-06-05,101,1,1,Paid In Full,Granitepoint Civil Jun 2024,2024-06-07 02:00:00,false
3043,BILL-3043,VendBill,2024-06-05,101,1,1,Paid In Full,Granitepoint Civil Jun 2024,2024-06-07 13:00:00,false
3044,BILL-3044,VendBill,2024-06-05,112,1,1,Paid In Full,Quarrystone Paving Jun 2024,2024-06-08 01:00:00,false
3045,BILL-3045,VendBill,2024-06-06,112,1,1,Paid In Full,Quarrystone Paving Jun 2024,2024-06-10 11:00:00,false
3046,BILL-3046,VendBill,2024-06-07,102,1,1,Paid In Full,Northway Trenching Jun 2024,2024-06-12 20:00:00,false
3047,BILL-3047,VendBill,2024-06-07,102,1,1,Paid In Full,Northway Trenching Jun 2024,2024-06-08 02:00:00,false
3048,BILL-3048,VendBill,2024-06-08,103,1,1,Paid In Full,Tamber Aerial Works Jun 2024,2024-06-11 07:00:00,false
3049,BILL-3049,VendBill,2024-06-09,107,1,1,Paid In Full,Keel Engineering Jun 2024,2024-06-12 02:00:00,false
3050,BILL-3050,VendBill,2024-06-11,101,1,1,Paid In Full,Granitepoint Civil Jun 2024,2024-06-16 01:00:00,false
3051,BILL-3051,VendBill,2024-06-12,104,1,1,Paid In Full,Ridgefield Splicing Jun 2024,2024-06-16 22:00:00,false
3052,BILL-3052,VendBill,2024-06-13,102,1,1,Paid In Full,Northway Trenching Jun 2024,2024-06-17 04:00:00,false
3053,BILL-3053,VendBill,2024-06-13,103,1,1,Paid In Full,Tamber Aerial Works Jun 2024,2024-06-15 08:00:00,false
3054,BILL-3054,VendBill,2024-06-14,101,1,1,Paid In Full,Granitepoint Civil Jun 2024,2024-06-18 17:00:00,false
3055,BILL-3055,VendBill,2024-06-14,102,1,1,Paid In Full,Northway Trenching Jun 2024,2024-06-17 08:00:00,false
3056,BILL-3056,VendBill,2024-06-14,104,1,1,Paid In Full,Ridgefield Splicing Jun 2024,2024-06-17 21:00:00,false
3057,BILL-3057,VendBill,2024-06-14,108,1,1,Paid In Full,Bluefin Permitting Jun 2024,2024-06-22 07:00:00,false
3058,BILL-3058,VendBill,2024-06-14,111,1,1,Paid In Full,Harrow Staffing Jun 2024,2024-06-14 22:00:00,false
3059,BILL-3059,VendBill,2024-06-14,112,1,1,Paid In Full,Quarrystone Paving Jun 2024,2024-06-18 08:00:00,false
3060,BILL-3060,VendBill,2024-06-16,102,1,1,Paid In Full,Northway Trenching Jun 2024,2024-06-20 13:00:00,false
3061,BILL-3061,VendBill,2024-06-16,104,1,1,Paid In Full,Ridgefield Splicing Jun 2024,2024-06-21 01:00:00,false
3062,BILL-3062,VendBill,2024-06-17,101,1,1,Paid In Full,Granitepoint Civil Jun 2024,2024-06-20 15:00:00,false
3063,BILL-3063,VendBill,2024-06-17,105,2,0.710000,Paid In Full,Lakeshore Fibre Supply Jun 2024,2024-06-19 17:00:00,false
3064,BILL-3064,VendBill,2024-06-17,106,2,0.710000,Paid In Full,Maple Conduit Co Jun 2024,2024-06-21 06:00:00,false
3065,BILL-3065,VendBill,2024-06-17,107,1,1,Paid In Full,Keel Engineering Jun 2024,2024-06-19 14:00:00,false
3066,BILL-3066,VendBill,2024-06-17,112,1,1,Paid In Full,Quarrystone Paving Jun 2024,2024-06-25 01:00:00,false
3067,BILL-3067,VendBill,2024-06-18,102,1,1,Paid In Full,Northway Trenching Jun 2024,2024-06-24 15:00:00,false
3068,BILL-3068,VendBill,2024-06-18,103,1,1,Paid In Full,Tamber Aerial Works Jun 2024,2024-06-21 13:00:00,false
3069,BILL-3069,VendBill,2024-06-18,103,1,1,Paid In Full,Tamber Aerial Works Jun 2024,2024-06-23 14:00:00,false
3070,BILL-3070,VendBill,2024-06-18,106,2,0.710000,Paid In Full,Maple Conduit Co Jun 2024,2024-06-24 06:00:00,false
3071,BILL-3071,VendBill,2024-06-19,101,1,1,Paid In Full,Granitepoint Civil Jun 2024,2024-06-19 02:00:00,false
3072,BILL-3072,VendBill,2024-06-19,106,2,0.710425,Paid In Full,Maple Conduit Co Jun 2024,2024-06-25 03:00:00,false
3073,BILL-3073,VendBill,2024-06-19,109,1,1,Paid In Full,Oxbow Legal LLP Jun 2024,2024-06-26 03:00:00,false
3074,BILL-3074,VendBill,2024-06-20,102,1,1,Paid In Full,Northway Trenching Jun 2024,2024-06-23 20:00:00,false
3075,BILL-3075,VendBill,2024-06-20,105,2,0.711772,Paid In Full,Lakeshore Fibre Supply Jun 2024,2024-06-27 08:00:00,false
3076,BILL-3076,VendBill,2024-06-20,108,1,1,Paid In Full,Bluefin Permitting Jun 2024,2024-06-23 05:00:00,false
3077,BILL-3077,VendBill,2024-06-21,101,1,1,Paid In Full,Granitepoint Civil Jun 2024,2024-06-22 11:00:00,false
3078,BILL-3078,VendBill,2024-06-21,102,1,1,Paid In Full,Northway Trenching Jun 2024,2024-06-23 02:00:00,false
3079,BILL-3079,VendBill,2024-06-21,103,1,1,Paid In Full,Tamber Aerial Works Jun 2024,2024-06-21 22:00:00,false
3080,BILL-3080,VendBill,2024-06-21,104,1,1,Paid In Full,Ridgefield Splicing Jun 2024,2024-06-26 19:00:00,false
3081,BILL-3081,VendBill,2024-06-21,105,2,0.712597,Paid In Full,Lakeshore Fibre Supply Jun 2024,2024-06-24 13:00:00,false
3082,BILL-3082,VendBill,2024-06-21,108,1,1,Paid In Full,Bluefin Permitting Jun 2024,2024-06-27 07:00:00,false
3083,BILL-3083,VendBill,2024-06-23,101,1,1,Paid In Full,Granitepoint Civil Jun 2024,2024-06-27 02:00:00,false
3084,BILL-3084,VendBill,2024-06-23,107,1,1,Paid In Full,Keel Engineering Jun 2024,2024-06-26 08:00:00,false
3085,BILL-3085,VendBill,2024-06-24,102,1,1,Paid In Full,Northway Trenching Jun 2024,2024-06-26 01:00:00,false
3086,BILL-3086,VendBill,2024-06-24,102,1,1,Paid In Full,Northway Trenching Jun 2024,2024-06-25 22:00:00,false
3087,BILL-3087,VendBill,2024-06-26,101,1,1,Paid In Full,Granitepoint Civil Jun 2024,2024-06-26 12:00:00,false
3088,BILL-3088,VendBill,2024-06-26,112,1,1,Paid In Full,Quarrystone Paving Jun 2024,2024-07-03 19:00:00,false
3089,BILL-3089,VendBill,2024-06-27,101,1,1,Paid In Full,Granitepoint Civil Jun 2024,2024-07-01 11:00:00,false
3090,BILL-3090,VendBill,2024-06-27,104,1,1,Paid In Full,Ridgefield Splicing Jun 2024,2024-07-03 16:00:00,false
3091,BILL-3091,VendBill,2024-06-28,104,1,1,Paid In Full,Ridgefield Splicing Jun 2024,2024-07-05 19:00:00,false
3092,BILL-3092,VendBill,2024-07-03,110,1,1,Paid In Full,Crestline Pole Services Jul 2024,2024-07-06 03:00:00,false
3093,BILL-3093,VendBill,2024-07-04,102,1,1,Paid In Full,Northway Trenching Jul 2024,2024-07-09 06:00:00,false
3094,BILL-3094,VendBill,2024-07-04,102,1,1,Paid In Full,Northway Trenching Jul 2024,2024-07-09 01:00:00,false
3095,BILL-3095,VendBill,2024-07-04,106,2,0.716361,Paid In Full,Maple Conduit Co Jul 2024,2024-07-11 22:00:00,false
3096,BILL-3096,VendBill,2024-07-05,112,1,1,Paid In Full,Quarrystone Paving Jul 2024,2024-07-05 22:00:00,false
3097,BILL-3097,VendBill,2024-07-07,102,1,1,Paid In Full,Northway Trenching Jul 2024,2024-07-09 19:00:00,false
3098,BILL-3098,VendBill,2024-07-07,108,1,1,Paid In Full,Bluefin Permitting Jul 2024,2024-07-15 03:00:00,false
3099,BILL-3099,VendBill,2024-07-08,105,2,0.714879,Paid In Full,Lakeshore Fibre Supply Jul 2024,2024-07-15 06:00:00,false
3100,BILL-3100,VendBill,2024-07-10,102,1,1,Paid In Full,Northway Trenching Jul 2024,2024-07-12 21:00:00,false
3101,BILL-3101,VendBill,2024-07-10,103,1,1,Paid In Full,Tamber Aerial Works Jul 2024,2024-07-17 01:00:00,false
3102,BILL-3102,VendBill,2024-07-11,102,1,1,Paid In Full,Northway Trenching Jul 2024,2024-07-14 22:00:00,false
3103,BILL-3103,VendBill,2024-07-12,101,1,1,Paid In Full,Granitepoint Civil Jul 2024,2024-07-15 09:00:00,false
3104,BILL-3104,VendBill,2024-07-12,101,1,1,Paid In Full,Granitepoint Civil Jul 2024,2024-07-17 05:00:00,false
3105,BILL-3105,VendBill,2024-07-12,101,1,1,Paid In Full,Granitepoint Civil Jul 2024,2024-07-14 15:00:00,false
3106,BILL-3106,VendBill,2024-07-12,103,1,1,Paid In Full,Tamber Aerial Works Jul 2024,2024-07-12 01:00:00,false
3107,BILL-3107,VendBill,2024-07-13,102,1,1,Paid In Full,Northway Trenching Jul 2024,2024-07-20 16:00:00,false
3108,BILL-3108,VendBill,2024-07-13,103,1,1,Paid In Full,Tamber Aerial Works Jul 2024,2024-07-14 03:00:00,false
3109,BILL-3109,VendBill,2024-07-13,109,1,1,Paid In Full,Oxbow Legal LLP Jul 2024,2024-07-21 01:00:00,false
3110,BILL-3110,VendBill,2024-07-14,102,1,1,Paid In Full,Northway Trenching Jul 2024,2024-07-20 18:00:00,false
3111,BILL-3111,VendBill,2024-07-14,105,2,0.714301,Paid In Full,Lakeshore Fibre Supply Jul 2024,2024-07-15 16:00:00,false
3112,BILL-3112,VendBill,2024-07-14,112,1,1,Paid In Full,Quarrystone Paving Jul 2024,2024-07-18 17:00:00,false
3113,BILL-3113,VendBill,2024-07-14,112,1,1,Paid In Full,Quarrystone Paving Jul 2024,2024-07-16 17:00:00,false
3114,BILL-3114,VendBill,2024-07-15,107,1,1,Paid In Full,Keel Engineering Jul 2024,2024-07-19 23:00:00,false
3115,BILL-3115,VendBill,2024-07-16,101,1,1,Paid In Full,Granitepoint Civil Jul 2024,2024-07-21 17:00:00,false
3116,BILL-3116,VendBill,2024-07-16,102,1,1,Paid In Full,Northway Trenching Jul 2024,2024-07-19 22:00:00,false
3117,BILL-3117,VendBill,2024-07-16,112,1,1,Paid In Full,Quarrystone Paving Jul 2024,2024-07-17 13:00:00,false
3118,BILL-3118,VendBill,2024-07-17,103,1,1,Paid In Full,Tamber Aerial Works Jul 2024,2024-07-17 02:00:00,false
3119,BILL-3119,VendBill,2024-07-17,105,2,0.716244,Paid In Full,Lakeshore Fibre Supply Jul 2024,2024-07-23 18:00:00,false
3120,BILL-3120,VendBill,2024-07-17,106,2,0.716244,Paid In Full,Maple Conduit Co Jul 2024,2024-07-18 08:00:00,false
3121,BILL-3121,VendBill,2024-07-18,101,1,1,Paid In Full,Granitepoint Civil Jul 2024,2024-07-25 20:00:00,false
3122,BILL-3122,VendBill,2024-07-18,106,2,0.712326,Paid In Full,Maple Conduit Co Jul 2024,2024-07-23 08:00:00,false
3123,BILL-3123,VendBill,2024-07-21,104,1,1,Paid In Full,Ridgefield Splicing Jul 2024,2024-07-27 20:00:00,false
3124,BILL-3124,VendBill,2024-07-21,108,1,1,Paid In Full,Bluefin Permitting Jul 2024,2024-07-25 17:00:00,false
3125,BILL-3125,VendBill,2024-07-22,101,1,1,Paid In Full,Granitepoint Civil Jul 2024,2024-07-26 19:00:00,false
3126,BILL-3126,VendBill,2024-07-22,108,1,1,Paid In Full,Bluefin Permitting Jul 2024,2024-07-25 21:00:00,false
3127,BILL-3127,VendBill,2024-07-23,104,1,1,Paid In Full,Ridgefield Splicing Jul 2024,2024-07-31 05:00:00,false
3128,BILL-3128,VendBill,2024-07-24,111,1,1,Paid In Full,Harrow Staffing Jul 2024,2024-07-29 21:00:00,false
3129,BILL-3129,VendBill,2024-07-25,104,1,1,Paid In Full,Ridgefield Splicing Jul 2024,2024-08-01 21:00:00,false
3130,BILL-3130,VendBill,2024-07-25,104,1,1,Paid In Full,Ridgefield Splicing Jul 2024,2024-08-02 08:00:00,false
3131,BILL-3131,VendBill,2024-07-25,107,1,1,Paid In Full,Keel Engineering Jul 2024,2024-07-30 05:00:00,false
3132,BILL-3132,VendBill,2024-07-25,107,1,1,Paid In Full,Keel Engineering Jul 2024,2024-07-30 18:00:00,false
3133,BILL-3133,VendBill,2024-07-26,101,1,1,Paid In Full,Granitepoint Civil Jul 2024,2024-08-02 19:00:00,false
3134,BILL-3134,VendBill,2024-07-26,101,1,1,Paid In Full,Granitepoint Civil Jul 2024,2024-07-31 11:00:00,false
3135,BILL-3135,VendBill,2024-07-26,102,1,1,Paid In Full,Northway Trenching Jul 2024,2024-07-29 15:00:00,false
3136,BILL-3136,VendBill,2024-07-26,103,1,1,Paid In Full,Tamber Aerial Works Jul 2024,2024-07-26 11:00:00,false
3137,BILL-3137,VendBill,2024-07-26,104,1,1,Paid In Full,Ridgefield Splicing Jul 2024,2024-07-30 13:00:00,false
3138,BILL-3138,VendBill,2024-07-26,112,1,1,Paid In Full,Quarrystone Paving Jul 2024,2024-07-28 04:00:00,false
3139,BILL-3139,VendBill,2024-07-28,101,1,1,Paid In Full,Granitepoint Civil Jul 2024,2024-07-31 10:00:00,false
3140,BILL-3140,VendBill,2024-07-28,101,1,1,Paid In Full,Granitepoint Civil Jul 2024,2024-08-03 18:00:00,false
3141,BILL-3141,VendBill,2024-07-28,102,1,1,Paid In Full,Northway Trenching Jul 2024,2024-08-03 17:00:00,false
3142,BILL-3142,VendBill,2024-07-28,104,1,1,Paid In Full,Ridgefield Splicing Jul 2024,2024-07-29 17:00:00,false
3143,BILL-3143,VendBill,2024-08-03,106,2,0.714123,Paid In Full,Maple Conduit Co Aug 2024,2024-08-03 09:00:00,false
3144,BILL-3144,VendBill,2024-08-03,110,1,1,Paid In Full,Crestline Pole Services Aug 2024,2024-08-08 10:00:00,false
3145,BILL-3145,VendBill,2024-08-04,101,1,1,Paid In Full,Granitepoint Civil Aug 2024,2024-08-08 18:00:00,false
3146,BILL-3146,VendBill,2024-08-04,112,1,1,Paid In Full,Quarrystone Paving Aug 2024,2024-08-11 14:00:00,false
3147,BILL-3147,VendBill,2024-08-05,101,1,1,Paid In Full,Granitepoint Civil Aug 2024,2024-08-12 23:00:00,false
3148,BILL-3148,VendBill,2024-08-06,101,1,1,Paid In Full,Granitepoint Civil Aug 2024,2024-08-09 09:00:00,false
3149,BILL-3149,VendBill,2024-08-06,109,1,1,Paid In Full,Oxbow Legal LLP Aug 2024,2024-08-11 13:00:00,false
3150,BILL-3150,VendBill,2024-08-07,102,1,1,Paid In Full,Northway Trenching Aug 2024,2024-08-12 23:00:00,false
3151,BILL-3151,VendBill,2024-08-07,105,2,0.715537,Paid In Full,Lakeshore Fibre Supply Aug 2024,2024-08-12 04:00:00,false
3152,BILL-3152,VendBill,2024-08-08,105,2,0.716932,Paid In Full,Lakeshore Fibre Supply Aug 2024,2024-08-12 22:00:00,false
3153,BILL-3153,VendBill,2024-08-09,101,1,1,Paid In Full,Granitepoint Civil Aug 2024,2024-08-11 18:00:00,false
3154,BILL-3154,VendBill,2024-08-09,101,1,1,Paid In Full,Granitepoint Civil Aug 2024,2024-08-16 22:00:00,false
3155,BILL-3155,VendBill,2024-08-09,102,1,1,Paid In Full,Northway Trenching Aug 2024,2024-08-12 23:00:00,false
3156,BILL-3156,VendBill,2024-08-10,101,1,1,Paid In Full,Granitepoint Civil Aug 2024,2024-08-16 19:00:00,false
3157,BILL-3157,VendBill,2024-08-10,102,1,1,Paid In Full,Northway Trenching Aug 2024,2024-08-14 02:00:00,false
3158,BILL-3158,VendBill,2024-08-10,106,2,0.721401,Paid In Full,Maple Conduit Co Aug 2024,2024-08-14 01:00:00,false
3159,BILL-3159,VendBill,2024-08-11,101,1,1,Paid In Full,Granitepoint Civil Aug 2024,2024-08-14 07:00:00,false
3160,BILL-3160,VendBill,2024-08-12,107,1,1,Paid In Full,Keel Engineering Aug 2024,2024-08-18 00:00:00,false
3161,BILL-3161,VendBill,2024-08-12,107,1,1,Paid In Full,Keel Engineering Aug 2024,2024-08-13 23:00:00,false
3162,BILL-3162,VendBill,2024-08-13,106,2,0.724219,Paid In Full,Maple Conduit Co Aug 2024,2024-08-13 18:00:00,false
3163,BILL-3163,VendBill,2024-08-13,112,1,1,Paid In Full,Quarrystone Paving Aug 2024,2024-08-13 23:00:00,false
3164,BILL-3164,VendBill,2024-08-14,102,1,1,Paid In Full,Northway Trenching Aug 2024,2024-08-19 12:00:00,false
3165,BILL-3165,VendBill,2024-08-14,105,2,0.723509,Paid In Full,Lakeshore Fibre Supply Aug 2024,2024-08-17 14:00:00,false
3166,BILL-3166,VendBill,2024-08-15,108,1,1,Paid In Full,Bluefin Permitting Aug 2024,2024-08-17 05:00:00,false
3167,BILL-3167,VendBill,2024-08-16,107,1,1,Paid In Full,Keel Engineering Aug 2024,2024-08-20 19:00:00,false
3168,BILL-3168,VendBill,2024-08-16,108,1,1,Paid In Full,Bluefin Permitting Aug 2024,2024-08-17 00:00:00,false
3169,BILL-3169,VendBill,2024-08-17,103,1,1,Paid In Full,Tamber Aerial Works Aug 2024,2024-08-18 21:00:00,false
3170,BILL-3170,VendBill,2024-08-18,104,1,1,Paid In Full,Ridgefield Splicing Aug 2024,2024-08-23 19:00:00,false
3171,BILL-3171,VendBill,2024-08-19,108,1,1,Paid In Full,Bluefin Permitting Aug 2024,2024-08-21 15:00:00,false
3172,BILL-3172,VendBill,2024-08-20,102,1,1,Paid In Full,Northway Trenching Aug 2024,2024-08-23 14:00:00,false
3173,BILL-3173,VendBill,2024-08-20,104,1,1,Paid In Full,Ridgefield Splicing Aug 2024,2024-08-23 06:00:00,false
3174,BILL-3174,VendBill,2024-08-21,103,1,1,Paid In Full,Tamber Aerial Works Aug 2024,2024-08-26 07:00:00,false
3175,BILL-3175,VendBill,2024-08-22,102,1,1,Paid In Full,Northway Trenching Aug 2024,2024-08-23 17:00:00,false
3176,BILL-3176,VendBill,2024-08-22,104,1,1,Paid In Full,Ridgefield Splicing Aug 2024,2024-08-24 18:00:00,false
3177,BILL-3177,VendBill,2024-08-23,103,1,1,Paid In Full,Tamber Aerial Works Aug 2024,2024-08-25 21:00:00,false
3178,BILL-3178,VendBill,2024-08-23,112,1,1,Paid In Full,Quarrystone Paving Aug 2024,2024-08-28 10:00:00,false
3179,BILL-3179,VendBill,2024-08-24,102,1,1,Paid In Full,Northway Trenching Aug 2024,2024-08-24 22:00:00,false
3180,BILL-3180,VendBill,2024-08-25,101,1,1,Paid In Full,Granitepoint Civil Aug 2024,2024-08-29 23:00:00,false
3181,BILL-3181,VendBill,2024-08-25,101,1,1,Paid In Full,Granitepoint Civil Aug 2024,2024-08-31 19:00:00,false
3182,BILL-3182,VendBill,2024-08-25,104,1,1,Paid In Full,Ridgefield Splicing Aug 2024,2024-08-28 19:00:00,false
3183,BILL-3183,VendBill,2024-08-26,102,1,1,Paid In Full,Northway Trenching Aug 2024,2024-08-26 07:00:00,false
3184,BILL-3184,VendBill,2024-08-26,111,1,1,Paid In Full,Harrow Staffing Aug 2024,2024-09-01 05:00:00,false
3185,BILL-3185,VendBill,2024-08-27,104,1,1,Paid In Full,Ridgefield Splicing Aug 2024,2024-08-27 16:00:00,false
3186,BILL-3186,VendBill,2024-08-27,104,1,1,Paid In Full,Ridgefield Splicing Aug 2024,2024-08-27 18:00:00,false
3187,BILL-3187,VendBill,2024-08-28,112,1,1,Paid In Full,Quarrystone Paving Aug 2024,2024-09-01 10:00:00,false
3188,BILL-3188,VendBill,2024-09-03,110,1,1,Paid In Full,Crestline Pole Services Sep 2024,2024-09-07 03:00:00,false
3189,BILL-3189,VendBill,2024-09-04,101,1,1,Paid In Full,Granitepoint Civil Sep 2024,2024-09-09 13:00:00,false
3190,BILL-3190,VendBill,2024-09-05,105,2,0.725614,Paid In Full,Lakeshore Fibre Supply Sep 2024,2024-09-13 04:00:00,false
3191,BILL-3191,VendBill,2024-09-06,101,1,1,Paid In Full,Granitepoint Civil Sep 2024,2024-09-10 15:00:00,false
3192,BILL-3192,VendBill,2024-09-06,106,2,0.725320,Paid In Full,Maple Conduit Co Sep 2024,2024-09-09 02:00:00,false
3193,BILL-3193,VendBill,2024-09-07,102,1,1,Paid In Full,Northway Trenching Sep 2024,2024-09-08 02:00:00,false
3194,BILL-3194,VendBill,2024-09-07,109,1,1,Paid In Full,Oxbow Legal LLP Sep 2024,2024-09-10 19:00:00,false
3195,BILL-3195,VendBill,2024-09-07,112,1,1,Paid In Full,Quarrystone Paving Sep 2024,2024-09-09 21:00:00,false
3196,BILL-3196,VendBill,2024-09-08,106,2,0.723538,Paid In Full,Maple Conduit Co Sep 2024,2024-09-12 22:00:00,false
3197,BILL-3197,VendBill,2024-09-09,101,1,1,Paid In Full,Granitepoint Civil Sep 2024,2024-09-15 03:00:00,false
3198,BILL-3198,VendBill,2024-09-09,102,1,1,Paid In Full,Northway Trenching Sep 2024,2024-09-12 03:00:00,false
3199,BILL-3199,VendBill,2024-09-10,101,1,1,Paid In Full,Granitepoint Civil Sep 2024,2024-09-16 08:00:00,false
3200,BILL-3200,VendBill,2024-09-10,112,1,1,Paid In Full,Quarrystone Paving Sep 2024,2024-09-15 22:00:00,false
3201,BILL-3201,VendBill,2024-09-11,104,1,1,Paid In Full,Ridgefield Splicing Sep 2024,2024-09-11 10:00:00,false
3202,BILL-3202,VendBill,2024-09-11,105,2,0.725604,Paid In Full,Lakeshore Fibre Supply Sep 2024,2024-09-14 01:00:00,false
3203,BILL-3203,VendBill,2024-09-13,101,1,1,Paid In Full,Granitepoint Civil Sep 2024,2024-09-18 09:00:00,false
3204,BILL-3204,VendBill,2024-09-13,102,1,1,Paid In Full,Northway Trenching Sep 2024,2024-09-16 02:00:00,false
3205,BILL-3205,VendBill,2024-09-14,108,1,1,Paid In Full,Bluefin Permitting Sep 2024,2024-09-18 08:00:00,false
3206,BILL-3206,VendBill,2024-09-14,112,1,1,Paid In Full,Quarrystone Paving Sep 2024,2024-09-19 00:00:00,false
3207,BILL-3207,VendBill,2024-09-15,107,1,1,Paid In Full,Keel Engineering Sep 2024,2024-09-22 03:00:00,false
3208,BILL-3208,VendBill,2024-09-15,112,1,1,Paid In Full,Quarrystone Paving Sep 2024,2024-09-19 00:00:00,false
3209,BILL-3209,VendBill,2024-09-16,102,1,1,Paid In Full,Northway Trenching Sep 2024,2024-09-19 02:00:00,false
3210,BILL-3210,VendBill,2024-09-16,111,1,1,Paid In Full,Harrow Staffing Sep 2024,2024-09-17 01:00:00,false
3211,BILL-3211,VendBill,2024-09-16,112,1,1,Paid In Full,Quarrystone Paving Sep 2024,2024-09-16 20:00:00,false
3212,BILL-3212,VendBill,2024-09-17,103,1,1,Paid In Full,Tamber Aerial Works Sep 2024,2024-09-22 14:00:00,false
3213,BILL-3213,VendBill,2024-09-17,104,1,1,Paid In Full,Ridgefield Splicing Sep 2024,2024-09-25 03:00:00,false
3214,BILL-3214,VendBill,2024-09-17,105,2,0.725596,Paid In Full,Lakeshore Fibre Supply Sep 2024,2024-09-25 06:00:00,false
3215,BILL-3215,VendBill,2024-09-17,108,1,1,Paid In Full,Bluefin Permitting Sep 2024,2024-09-18 03:00:00,false
3216,BILL-3216,VendBill,2024-09-18,103,1,1,Paid In Full,Tamber Aerial Works Sep 2024,2024-09-23 14:00:00,false
3217,BILL-3217,VendBill,2024-09-18,106,2,0.725703,Paid In Full,Maple Conduit Co Sep 2024,2024-09-19 23:00:00,false
3218,BILL-3218,VendBill,2024-09-19,103,1,1,Paid In Full,Tamber Aerial Works Sep 2024,2024-09-22 00:00:00,false
3219,BILL-3219,VendBill,2024-09-19,108,1,1,Paid In Full,Bluefin Permitting Sep 2024,2024-09-22 04:00:00,false
3220,BILL-3220,VendBill,2024-09-21,102,1,1,Paid In Full,Northway Trenching Sep 2024,2024-09-23 12:00:00,false
3221,BILL-3221,VendBill,2024-09-22,107,1,1,Paid In Full,Keel Engineering Sep 2024,2024-09-23 15:00:00,false
3222,BILL-3222,VendBill,2024-09-23,104,1,1,Paid In Full,Ridgefield Splicing Sep 2024,2024-09-27 20:00:00,false
3223,BILL-3223,VendBill,2024-09-24,101,1,1,Paid In Full,Granitepoint Civil Sep 2024,2024-10-01 23:00:00,false
3224,BILL-3224,VendBill,2024-09-24,102,1,1,Paid In Full,Northway Trenching Sep 2024,2024-10-01 16:00:00,false
3225,BILL-3225,VendBill,2024-09-24,102,1,1,Paid In Full,Northway Trenching Sep 2024,2024-09-27 02:00:00,false
3226,BILL-3226,VendBill,2024-09-24,103,1,1,Paid In Full,Tamber Aerial Works Sep 2024,2024-10-01 19:00:00,false
3227,BILL-3227,VendBill,2024-09-24,104,1,1,Paid In Full,Ridgefield Splicing Sep 2024,2024-09-27 18:00:00,false
3228,BILL-3228,VendBill,2024-09-25,102,1,1,Paid In Full,Northway Trenching Sep 2024,2024-09-26 10:00:00,false
3229,BILL-3229,VendBill,2024-09-25,102,1,1,Paid In Full,Northway Trenching Sep 2024,2024-10-03 02:00:00,false
3230,BILL-3230,VendBill,2024-09-25,104,1,1,Paid In Full,Ridgefield Splicing Sep 2024,2024-09-25 22:00:00,false
3231,BILL-3231,VendBill,2024-09-25,107,1,1,Paid In Full,Keel Engineering Sep 2024,2024-09-25 08:00:00,false
3232,BILL-3232,VendBill,2024-09-27,102,1,1,Paid In Full,Northway Trenching Sep 2024,2024-09-29 13:00:00,false
3233,BILL-3233,VendBill,2024-09-27,104,1,1,Paid In Full,Ridgefield Splicing Sep 2024,2024-09-30 18:00:00,false
3234,BILL-3234,VendBill,2024-09-28,101,1,1,Paid In Full,Granitepoint Civil Sep 2024,2024-09-29 08:00:00,false
3235,BILL-3235,VendBill,2024-10-03,106,2,0.730661,Paid In Full,Maple Conduit Co Oct 2024,2024-10-04 07:00:00,false
3236,BILL-3236,VendBill,2024-10-03,110,1,1,Paid In Full,Crestline Pole Services Oct 2024,2024-10-07 01:00:00,false
3237,BILL-3237,VendBill,2024-10-05,102,1,1,Paid In Full,Northway Trenching Oct 2024,2024-10-07 00:00:00,false
3238,BILL-3238,VendBill,2024-10-07,101,1,1,Paid In Full,Granitepoint Civil Oct 2024,2024-10-12 03:00:00,false
3239,BILL-3239,VendBill,2024-10-07,109,1,1,Paid In Full,Oxbow Legal LLP Oct 2024,2024-10-07 15:00:00,false
3240,BILL-3240,VendBill,2024-10-08,102,1,1,Paid In Full,Northway Trenching Oct 2024,2024-10-13 05:00:00,false
3241,BILL-3241,VendBill,2024-10-08,112,1,1,Paid In Full,Quarrystone Paving Oct 2024,2024-10-11 02:00:00,false
3242,BILL-3242,VendBill,2024-10-09,101,1,1,Paid In Full,Granitepoint Civil Oct 2024,2024-10-16 20:00:00,false
3243,BILL-3243,VendBill,2024-10-10,101,1,1,Paid In Full,Granitepoint Civil Oct 2024,2024-10-17 01:00:00,false
3244,BILL-3244,VendBill,2024-10-10,106,2,0.729501,Paid In Full,Maple Conduit Co Oct 2024,2024-10-16 05:00:00,false
3245,BILL-3245,VendBill,2024-10-12,104,1,1,Paid In Full,Ridgefield Splicing Oct 2024,2024-10-13 15:00:00,false
3246,BILL-3246,VendBill,2024-10-12,105,2,0.729326,Paid In Full,Lakeshore Fibre Supply Oct 2024,2024-10-15 07:00:00,false
3247,BILL-3247,VendBill,2024-10-12,112,1,1,Paid In Full,Quarrystone Paving Oct 2024,2024-10-14 06:00:00,false
3248,BILL-3248,VendBill,2024-10-13,102,1,1,Paid In Full,Northway Trenching Oct 2024,2024-10-13 12:00:00,false
3249,BILL-3249,VendBill,2024-10-13,104,1,1,Paid In Full,Ridgefield Splicing Oct 2024,2024-10-19 04:00:00,false
3250,BILL-3250,VendBill,2024-10-13,104,1,1,Paid In Full,Ridgefield Splicing Oct 2024,2024-10-20 14:00:00,false
3251,BILL-3251,VendBill,2024-10-13,107,1,1,Paid In Full,Keel Engineering Oct 2024,2024-10-18 08:00:00,false
3252,BILL-3252,VendBill,2024-10-14,101,1,1,Paid In Full,Granitepoint Civil Oct 2024,2024-10-18 18:00:00,false
3253,BILL-3253,VendBill,2024-10-14,102,1,1,Paid In Full,Northway Trenching Oct 2024,2024-10-15 09:00:00,false
3254,BILL-3254,VendBill,2024-10-14,103,1,1,Paid In Full,Tamber Aerial Works Oct 2024,2024-10-17 13:00:00,false
3255,BILL-3255,VendBill,2024-10-14,104,1,1,Paid In Full,Ridgefield Splicing Oct 2024,2024-10-19 04:00:00,false
3256,BILL-3256,VendBill,2024-10-14,105,2,0.726836,Paid In Full,Lakeshore Fibre Supply Oct 2024,2024-10-20 22:00:00,false
3257,BILL-3257,VendBill,2024-10-15,107,1,1,Paid In Full,Keel Engineering Oct 2024,2024-10-22 02:00:00,false
3258,BILL-3258,VendBill,2024-10-16,102,1,1,Paid In Full,Northway Trenching Oct 2024,2024-10-19 01:00:00,false
3259,BILL-3259,VendBill,2024-10-16,108,1,1,Paid In Full,Bluefin Permitting Oct 2024,2024-10-20 08:00:00,false
3260,BILL-3260,VendBill,2024-10-17,101,1,1,Paid In Full,Granitepoint Civil Oct 2024,2024-10-21 23:00:00,false
3261,BILL-3261,VendBill,2024-10-17,106,2,0.732901,Paid In Full,Maple Conduit Co Oct 2024,2024-10-22 02:00:00,false
3262,BILL-3262,VendBill,2024-10-17,111,1,1,Paid In Full,Harrow Staffing Oct 2024,2024-10-23 14:00:00,false
3263,BILL-3263,VendBill,2024-10-18,102,1,1,Paid In Full,Northway Trenching Oct 2024,2024-10-20 00:00:00,false
3264,BILL-3264,VendBill,2024-10-18,112,1,1,Paid In Full,Quarrystone Paving Oct 2024,2024-10-25 18:00:00,false
3265,BILL-3265,VendBill,2024-10-19,108,1,1,Paid In Full,Bluefin Permitting Oct 2024,2024-10-21 12:00:00,false
3266,BILL-3266,VendBill,2024-10-20,101,1,1,Paid In Full,Granitepoint Civil Oct 2024,2024-10-23 02:00:00,false
3267,BILL-3267,VendBill,2024-10-20,101,1,1,Paid In Full,Granitepoint Civil Oct 2024,2024-10-23 01:00:00,false
3268,BILL-3268,VendBill,2024-10-20,102,1,1,Paid In Full,Northway Trenching Oct 2024,2024-10-22 00:00:00,false
3269,BILL-3269,VendBill,2024-10-20,104,1,1,Paid In Full,Ridgefield Splicing Oct 2024,2024-10-24 11:00:00,false
3270,BILL-3270,VendBill,2024-10-20,107,1,1,Paid In Full,Keel Engineering Oct 2024,2024-10-25 11:00:00,false
3271,BILL-3271,VendBill,2024-10-21,105,2,0.730642,Paid In Full,Lakeshore Fibre Supply Oct 2024,2024-10-26 23:00:00,false
3272,BILL-3272,VendBill,2024-10-22,103,1,1,Paid In Full,Tamber Aerial Works Oct 2024,2024-10-27 03:00:00,false
3273,BILL-3273,VendBill,2024-10-22,112,1,1,Paid In Full,Quarrystone Paving Oct 2024,2024-10-29 02:00:00,false
3274,BILL-3274,VendBill,2024-10-23,112,1,1,Paid In Full,Quarrystone Paving Oct 2024,2024-10-26 03:00:00,false
3275,BILL-3275,VendBill,2024-10-24,101,1,1,Paid In Full,Granitepoint Civil Oct 2024,2024-10-28 07:00:00,false
3276,BILL-3276,VendBill,2024-10-26,101,1,1,Paid In Full,Granitepoint Civil Oct 2024,2024-10-30 06:00:00,false
3277,BILL-3277,VendBill,2024-10-26,102,1,1,Paid In Full,Northway Trenching Oct 2024,2024-10-27 06:00:00,false
3278,BILL-3278,VendBill,2024-10-26,103,1,1,Paid In Full,Tamber Aerial Works Oct 2024,2024-10-31 02:00:00,false
3279,BILL-3279,VendBill,2024-10-26,108,1,1,Paid In Full,Bluefin Permitting Oct 2024,2024-10-31 04:00:00,false
3280,BILL-3280,VendBill,2024-10-28,104,1,1,Paid In Full,Ridgefield Splicing Oct 2024,2024-11-01 23:00:00,false
3281,BILL-3281,VendBill,2024-11-03,106,2,0.723787,Open,Maple Conduit Co Nov 2024,2024-11-04 13:00:00,false
3282,BILL-3282,VendBill,2024-11-03,110,1,1,Paid In Full,Crestline Pole Services Nov 2024,2024-11-04 18:00:00,false
3283,BILL-3283,VendBill,2024-11-04,102,1,1,Paid In Full,Northway Trenching Nov 2024,2024-11-10 16:00:00,false
3284,BILL-3284,VendBill,2024-11-04,102,1,1,Paid In Full,Northway Trenching Nov 2024,2024-11-05 14:00:00,false
3285,BILL-3285,VendBill,2024-11-05,102,1,1,Paid In Full,Northway Trenching Nov 2024,2024-11-10 11:00:00,false
3286,BILL-3286,VendBill,2024-11-05,103,1,1,Paid In Full,Tamber Aerial Works Nov 2024,2024-11-06 19:00:00,false
3287,BILL-3287,VendBill,2024-11-06,101,1,1,Paid In Full,Granitepoint Civil Nov 2024,2024-11-06 06:00:00,false
3288,BILL-3288,VendBill,2024-11-06,105,2,0.722507,Open,Lakeshore Fibre Supply Nov 2024,2024-11-09 09:00:00,false
3289,BILL-3289,VendBill,2024-11-08,106,2,0.722385,Open,Maple Conduit Co Nov 2024,2024-11-09 22:00:00,false
3290,BILL-3290,VendBill,2024-11-08,112,1,1,Paid In Full,Quarrystone Paving Nov 2024,2024-11-08 01:00:00,false
3291,BILL-3291,VendBill,2024-11-09,112,1,1,Paid In Full,Quarrystone Paving Nov 2024,2024-11-16 00:00:00,false
3292,BILL-3292,VendBill,2024-11-10,101,1,1,Paid In Full,Granitepoint Civil Nov 2024,2024-11-11 15:00:00,false
3293,BILL-3293,VendBill,2024-11-10,101,1,1,Paid In Full,Granitepoint Civil Nov 2024,2024-11-17 04:00:00,false
3294,BILL-3294,VendBill,2024-11-12,104,1,1,Paid In Full,Ridgefield Splicing Nov 2024,2024-11-19 10:00:00,false
3295,BILL-3295,VendBill,2024-11-12,112,1,1,Paid In Full,Quarrystone Paving Nov 2024,2024-11-18 04:00:00,false
3296,BILL-3296,VendBill,2024-11-13,103,1,1,Paid In Full,Tamber Aerial Works Nov 2024,2024-11-17 15:00:00,false
3297,BILL-3297,VendBill,2024-11-13,103,1,1,Paid In Full,Tamber Aerial Works Nov 2024,2024-11-13 08:00:00,false
3298,BILL-3298,VendBill,2024-11-14,105,2,0.723386,Open,Lakeshore Fibre Supply Nov 2024,2024-11-16 06:00:00,false
3299,BILL-3299,VendBill,2024-11-14,105,2,0.723386,Open,Lakeshore Fibre Supply Nov 2024,2024-11-16 05:00:00,false
3300,BILL-3300,VendBill,2024-11-15,102,1,1,Paid In Full,Northway Trenching Nov 2024,2024-11-21 13:00:00,false
3301,BILL-3301,VendBill,2024-11-15,106,2,0.720946,Open,Maple Conduit Co Nov 2024,2024-11-22 23:00:00,false
3302,BILL-3302,VendBill,2024-11-16,103,1,1,Open,Tamber Aerial Works Nov 2024,2024-11-22 22:00:00,false
3303,BILL-3303,VendBill,2024-11-17,101,1,1,Open,Granitepoint Civil Nov 2024,2024-11-18 06:00:00,false
3304,BILL-3304,VendBill,2024-11-17,104,1,1,Open,Ridgefield Splicing Nov 2024,2024-11-22 14:00:00,false
3305,BILL-3305,VendBill,2024-11-17,109,1,1,Open,Oxbow Legal LLP Nov 2024,2024-11-19 21:00:00,false
3306,BILL-3306,VendBill,2024-11-18,101,1,1,Open,Granitepoint Civil Nov 2024,2024-11-19 19:00:00,false
3307,BILL-3307,VendBill,2024-11-20,101,1,1,Open,Granitepoint Civil Nov 2024,2024-11-21 23:00:00,false
3308,BILL-3308,VendBill,2024-11-20,104,1,1,Open,Ridgefield Splicing Nov 2024,2024-11-26 02:00:00,false
3309,BILL-3309,VendBill,2024-11-20,111,1,1,Paid In Full,Harrow Staffing Nov 2024,2024-11-22 18:00:00,false
3310,BILL-3310,VendBill,2024-11-21,101,1,1,Open,Granitepoint Civil Nov 2024,2024-11-29 03:00:00,false
3311,BILL-3311,VendBill,2024-11-21,104,1,1,Open,Ridgefield Splicing Nov 2024,2024-11-23 01:00:00,false
3312,BILL-3312,VendBill,2024-11-21,112,1,1,Open,Quarrystone Paving Nov 2024,2024-11-22 05:00:00,false
3313,BILL-3313,VendBill,2024-11-23,102,1,1,Open,Northway Trenching Nov 2024,2024-11-30 21:00:00,false
3314,BILL-3314,VendBill,2024-11-24,101,1,1,Open,Granitepoint Civil Nov 2024,2024-11-27 07:00:00,false
3315,BILL-3315,VendBill,2024-11-25,101,1,1,Open,Granitepoint Civil Nov 2024,2024-11-30 13:00:00,false
3316,BILL-3316,VendBill,2024-11-25,112,1,1,Open,Quarrystone Paving Nov 2024,2024-11-30 03:00:00,false
3317,BILL-3317,VendBill,2024-11-26,102,1,1,Open,Northway Trenching Nov 2024,2024-12-03 13:00:00,false
3318,BILL-3318,VendBill,2024-11-26,103,1,1,Open,Tamber Aerial Works Nov 2024,2024-11-29 14:00:00,false
3319,BILL-3319,VendBill,2024-11-26,104,1,1,Open,Ridgefield Splicing Nov 2024,2024-11-26 07:00:00,false
3320,BILL-3320,VendBill,2024-11-28,104,1,1,Open,Ridgefield Splicing Nov 2024,2024-12-01 07:00:00,false
3321,BILL-3321,VendBill,2022-05-03,106,2,0.721102,Open,Maple Conduit Co May 2022,2024-12-31 23:40:00,true
3322,BILL-3322,VendBill,2024-11-23,102,1,1,Open,Northway Trenching Nov 2024,2024-12-31 23:40:00,true
3323,BILL-3323,VendBill,2023-11-17,112,1,1,Open,Quarrystone Paving Nov 2023,2024-12-31 23:40:00,true
3324,BILL-3324,VendBill,2021-06-27,102,1,1,Open,Northway Trenching Jun 2021,2024-12-31 23:40:00,true
3325,BILL-3325,VendBill,2022-02-23,101,1,1,Open,Granitepoint Civil Feb 2022,2024-12-31 23:40:00,true
3326,BILL-3326,VendBill,2024-05-13,104,1,1,Open,Ridgefield Splicing May 2024,2024-12-31 23:40:00,true
3327,PMT-3327,VendPmt,2021-02-15,101,1,1,Posted,Payment run 2021-02-15,2021-02-16 01:00:00,false
3328,PMT-3328,VendPmt,2021-02-15,102,1,1,Posted,Payment run 2021-02-15,2021-02-21 13:00:00,false
3329,PMT-3329,VendPmt,2021-02-15,104,1,1,Posted,Payment run 2021-02-15,2021-02-16 09:00:00,false
3330,PMT-3330,VendPmt,2021-02-15,107,1,1,Posted,Payment run 2021-02-15,2021-02-21 20:00:00,false
3331,PMT-3331,VendPmt,2021-02-15,108,1,1,Posted,Payment run 2021-02-15,2021-02-17 00:00:00,false
3332,PMT-3332,VendPmt,2021-02-15,109,1,1,Posted,Payment run 2021-02-15,2021-02-16 12:00:00,false
3333,PMT-3333,VendPmt,2021-02-15,110,1,1,Posted,Payment run 2021-02-15,2021-02-19 17:00:00,false
3334,PMT-3334,VendPmt,2021-02-15,111,1,1,Posted,Payment run 2021-02-15,2021-02-22 14:00:00,false
3335,PMT-3335,VendPmt,2021-03-01,101,1,1,Posted,Payment run 2021-03-01,2021-03-06 21:00:00,false
3336,PMT-3336,VendPmt,2021-03-01,102,1,1,Posted,Payment run 2021-03-01,2021-03-06 02:00:00,false
3337,PMT-3337,VendPmt,2021-03-01,104,1,1,Posted,Payment run 2021-03-01,2021-03-06 07:00:00,false
3338,PMT-3338,VendPmt,2021-03-01,105,2,0.753233,Posted,Payment run 2021-03-01,2021-03-07 01:00:00,false
3339,PMT-3339,VendPmt,2021-03-01,106,2,0.753233,Posted,Payment run 2021-03-01,2021-03-01 10:00:00,false
3340,PMT-3340,VendPmt,2021-03-01,108,1,1,Posted,Payment run 2021-03-01,2021-03-08 23:00:00,false
3341,PMT-3341,VendPmt,2021-03-01,111,1,1,Posted,Payment run 2021-03-01,2021-03-04 09:00:00,false
3342,PMT-3342,VendPmt,2021-03-15,101,1,1,Posted,Payment run 2021-03-15,2021-03-19 05:00:00,false
3343,PMT-3343,VendPmt,2021-03-15,102,1,1,Posted,Payment run 2021-03-15,2021-03-21 02:00:00,false
3344,PMT-3344,VendPmt,2021-03-15,103,1,1,Posted,Payment run 2021-03-15,2021-03-19 03:00:00,false
3345,PMT-3345,VendPmt,2021-03-15,106,2,0.747889,Posted,Payment run 2021-03-15,2021-03-21 02:00:00,false
3346,PMT-3346,VendPmt,2021-03-15,107,1,1,Posted,Payment run 2021-03-15,2021-03-15 06:00:00,false
3347,PMT-3347,VendPmt,2021-03-15,110,1,1,Posted,Payment run 2021-03-15,2021-03-21 14:00:00,false
3348,PMT-3348,VendPmt,2021-04-01,101,1,1,Posted,Payment run 2021-04-01,2021-04-08 08:00:00,false
3349,PMT-3349,VendPmt,2021-04-01,102,1,1,Posted,Payment run 2021-04-01,2021-04-06 03:00:00,false
3350,PMT-3350,VendPmt,2021-04-01,104,1,1,Posted,Payment run 2021-04-01,2021-04-02 05:00:00,false
3351,PMT-3351,VendPmt,2021-04-01,105,2,0.738898,Posted,Payment run 2021-04-01,2021-04-02 02:00:00,false
3352,PMT-3352,VendPmt,2021-04-01,106,2,0.738898,Posted,Payment run 2021-04-01,2021-04-07 16:00:00,false
3353,PMT-3353,VendPmt,2021-04-01,107,1,1,Posted,Payment run 2021-04-01,2021-04-08 14:00:00,false
3354,PMT-3354,VendPmt,2021-04-01,108,1,1,Posted,Payment run 2021-04-01,2021-04-03 22:00:00,false
3355,PMT-3355,VendPmt,2021-04-01,109,1,1,Posted,Payment run 2021-04-01,2021-04-01 16:00:00,false
3356,PMT-3356,VendPmt,2021-04-01,111,1,1,Posted,Payment run 2021-04-01,2021-04-03 18:00:00,false
3357,PMT-3357,VendPmt,2021-04-15,101,1,1,Posted,Payment run 2021-04-15,2021-04-15 04:00:00,false
3358,PMT-3358,VendPmt,2021-04-15,102,1,1,Posted,Payment run 2021-04-15,2021-04-20 15:00:00,false
3359,PMT-3359,VendPmt,2021-04-15,104,1,1,Posted,Payment run 2021-04-15,2021-04-21 17:00:00,false
3360,PMT-3360,VendPmt,2021-04-15,105,2,0.743706,Posted,Payment run 2021-04-15,2021-04-16 10:00:00,false
3361,PMT-3361,VendPmt,2021-04-15,107,1,1,Posted,Payment run 2021-04-15,2021-04-16 12:00:00,false
3362,PMT-3362,VendPmt,2021-04-15,108,1,1,Posted,Payment run 2021-04-15,2021-04-19 04:00:00,false
3363,PMT-3363,VendPmt,2021-04-15,110,1,1,Posted,Payment run 2021-04-15,2021-04-20 12:00:00,false
3364,PMT-3364,VendPmt,2021-05-01,101,1,1,Posted,Payment run 2021-05-01,2021-05-08 08:00:00,false
3365,PMT-3365,VendPmt,2021-05-01,102,1,1,Posted,Payment run 2021-05-01,2021-05-06 10:00:00,false
3366,PMT-3366,VendPmt,2021-05-01,103,1,1,Posted,Payment run 2021-05-01,2021-05-05 18:00:00,false
3367,PMT-3367,VendPmt,2021-05-01,104,1,1,Posted,Payment run 2021-05-01,2021-05-05 07:00:00,false
3368,PMT-3368,VendPmt,2021-05-01,105,2,0.750616,Posted,Payment run 2021-05-01,2021-05-04 05:00:00,false
3369,PMT-3369,VendPmt,2021-05-01,106,2,0.750616,Posted,Payment run 2021-05-01,2021-05-06 17:00:00,false
3370,PMT-3370,VendPmt,2021-05-01,107,1,1,Posted,Payment run 2021-05-01,2021-05-07 18:00:00,false
3371,PMT-3371,VendPmt,2021-05-01,109,1,1,Posted,Payment run 2021-05-01,2021-05-05 22:00:00,false
3372,PMT-3372,VendPmt,2021-05-15,101,1,1,Posted,Payment run 2021-05-15,2021-05-17 10:00:00,false
3373,PMT-3373,VendPmt,2021-05-15,102,1,1,Posted,Payment run 2021-05-15,2021-05-17 11:00:00,false
3374,PMT-3374,VendPmt,2021-05-15,103,1,1,Posted,Payment run 2021-05-15,2021-05-22 04:00:00,false
3375,PMT-3375,VendPmt,2021-05-15,104,1,1,Posted,Payment run 2021-05-15,2021-05-20 19:00:00,false
3376,PMT-3376,VendPmt,2021-05-15,107,1,1,Posted,Payment run 2021-05-15,2021-05-16 22:00:00,false
3377,PMT-3377,VendPmt,2021-05-15,108,1,1,Posted,Payment run 2021-05-15,2021-05-15 05:00:00,false
3378,PMT-3378,VendPmt,2021-05-15,109,1,1,Posted,Payment run 2021-05-15,2021-05-21 02:00:00,false
3379,PMT-3379,VendPmt,2021-05-15,110,1,1,Posted,Payment run 2021-05-15,2021-05-17 13:00:00,false
3380,PMT-3380,VendPmt,2021-05-15,111,1,1,Posted,Payment run 2021-05-15,2021-05-20 16:00:00,false
3381,PMT-3381,VendPmt,2021-05-15,112,1,1,Posted,Payment run 2021-05-15,2021-05-20 23:00:00,false
3382,PMT-3382,VendPmt,2021-06-01,101,1,1,Posted,Payment run 2021-06-01,2021-06-01 23:00:00,false
3383,PMT-3383,VendPmt,2021-06-01,102,1,1,Posted,Payment run 2021-06-01,2021-06-07 23:00:00,false
3384,PMT-3384,VendPmt,2021-06-01,103,1,1,Posted,Payment run 2021-06-01,2021-06-05 03:00:00,false
3385,PMT-3385,VendPmt,2021-06-01,104,1,1,Posted,Payment run 2021-06-01,2021-06-05 23:00:00,false
3386,PMT-3386,VendPmt,2021-06-01,105,2,0.754711,Posted,Payment run 2021-06-01,2021-06-05 02:00:00,false
3387,PMT-3387,VendPmt,2021-06-01,106,2,0.754711,Posted,Payment run 2021-06-01,2021-06-04 11:00:00,false
3388,PMT-3388,VendPmt,2021-06-01,107,1,1,Posted,Payment run 2021-06-01,2021-06-06 07:00:00,false
3389,PMT-3389,VendPmt,2021-06-01,108,1,1,Posted,Payment run 2021-06-01,2021-06-05 18:00:00,false
3390,PMT-3390,VendPmt,2021-06-01,111,1,1,Posted,Payment run 2021-06-01,2021-06-03 10:00:00,false
3391,PMT-3391,VendPmt,2021-06-01,112,1,1,Posted,Payment run 2021-06-01,2021-06-08 13:00:00,false
3392,PMT-3392,VendPmt,2021-06-15,101,1,1,Posted,Payment run 2021-06-15,2021-06-15 16:00:00,false
3393,PMT-3393,VendPmt,2021-06-15,102,1,1,Posted,Payment run 2021-06-15,2021-06-17 19:00:00,false
3394,PMT-3394,VendPmt,2021-06-15,103,1,1,Posted,Payment run 2021-06-15,2021-06-18 11:00:00,false
3395,PMT-3395,VendPmt,2021-06-15,104,1,1,Posted,Payment run 2021-06-15,2021-06-15 07:00:00,false
3396,PMT-3396,VendPmt,2021-06-15,107,1,1,Posted,Payment run 2021-06-15,2021-06-19 07:00:00,false
3397,PMT-3397,VendPmt,2021-06-15,108,1,1,Posted,Payment run 2021-06-15,2021-06-18 08:00:00,false
3398,PMT-3398,VendPmt,2021-06-15,110,1,1,Posted,Payment run 2021-06-15,2021-06-15 03:00:00,false
3399,PMT-3399,VendPmt,2021-06-15,112,1,1,Posted,Payment run 2021-06-15,2021-06-15 23:00:00,false
3400,PMT-3400,VendPmt,2021-07-01,101,1,1,Posted,Payment run 2021-07-01,2021-07-06 13:00:00,false
3401,PMT-3401,VendPmt,2021-07-01,102,1,1,Posted,Payment run 2021-07-01,2021-07-08 07:00:00,false
3402,PMT-3402,VendPmt,2021-07-01,103,1,1,Posted,Payment run 2021-07-01,2021-07-07 09:00:00,false
3403,PMT-3403,VendPmt,2021-07-01,104,1,1,Posted,Payment run 2021-07-01,2021-07-05 07:00:00,false
3404,PMT-3404,VendPmt,2021-07-01,105,2,0.747460,Posted,Payment run 2021-07-01,2021-07-03 02:00:00,false
3405,PMT-3405,VendPmt,2021-07-01,106,2,0.747460,Posted,Payment run 2021-07-01,2021-07-05 23:00:00,false
3406,PMT-3406,VendPmt,2021-07-01,107,1,1,Posted,Payment run 2021-07-01,2021-07-09 02:00:00,false
3407,PMT-3407,VendPmt,2021-07-01,108,1,1,Posted,Payment run 2021-07-01,2021-07-02 13:00:00,false
3408,PMT-3408,VendPmt,2021-07-01,109,1,1,Posted,Payment run 2021-07-01,2021-07-02 02:00:00,false
3409,PMT-3409,VendPmt,2021-07-01,111,1,1,Posted,Payment run 2021-07-01,2021-07-02 05:00:00,false
3410,PMT-3410,VendPmt,2021-07-01,112,1,1,Posted,Payment run 2021-07-01,2021-07-02 01:00:00,false
3411,PMT-3411,VendPmt,2021-07-15,101,1,1,Posted,Payment run 2021-07-15,2021-07-23 05:00:00,false
3412,PMT-3412,VendPmt,2021-07-15,102,1,1,Posted,Payment run 2021-07-15,2021-07-20 23:00:00,false
3413,PMT-3413,VendPmt,2021-07-15,103,1,1,Posted,Payment run 2021-07-15,2021-07-19 23:00:00,false
3414,PMT-3414,VendPmt,2021-07-15,104,1,1,Posted,Payment run 2021-07-15,2021-07-16 09:00:00,false
3415,PMT-3415,VendPmt,2021-07-15,105,2,0.742833,Posted,Payment run 2021-07-15,2021-07-22 11:00:00,false
3416,PMT-3416,VendPmt,2021-07-15,108,1,1,Posted,Payment run 2021-07-15,2021-07-20 01:00:00,false
3417,PMT-3417,VendPmt,2021-07-15,110,1,1,Posted,Payment run 2021-07-15,2021-07-21 15:00:00,false
3418,PMT-3418,VendPmt,2021-07-15,111,1,1,Posted,Payment run 2021-07-15,2021-07-20 10:00:00,false
3419,PMT-3419,VendPmt,2021-07-15,112,1,1,Posted,Payment run 2021-07-15,2021-07-16 19:00:00,false
3420,PMT-3420,VendPmt,2021-08-01,101,1,1,Posted,Payment run 2021-08-01,2021-08-09 07:00:00,false
3421,PMT-3421,VendPmt,2021-08-01,102,1,1,Posted,Payment run 2021-08-01,2021-08-02 17:00:00,false
3422,PMT-3422,VendPmt,2021-08-01,103,1,1,Posted,Payment run 2021-08-01,2021-08-07 03:00:00,false
3423,PMT-3423,VendPmt,2021-08-01,104,1,1,Posted,Payment run 2021-08-01,2021-08-02 09:00:00,false
3424,PMT-3424,VendPmt,2021-08-01,105,2,0.737248,Posted,Payment run 2021-08-01,2021-08-06 20:00:00,false
3425,PMT-3425,VendPmt,2021-08-01,106,2,0.737248,Posted,Payment run 2021-08-01,2021-08-05 20:00:00,false
3426,PMT-3426,VendPmt,2021-08-01,107,1,1,Posted,Payment run 2021-08-01,2021-08-08 10:00:00,false
3427,PMT-3427,VendPmt,2021-08-01,108,1,1,Posted,Payment run 2021-08-01,2021-08-06 20:00:00,false
3428,PMT-3428,VendPmt,2021-08-01,109,1,1,Posted,Payment run 2021-08-01,2021-08-03 06:00:00,false
3429,PMT-3429,VendPmt,2021-08-01,112,1,1,Posted,Payment run 2021-08-01,2021-08-01 07:00:00,false
3430,PMT-3430,VendPmt,2021-08-15,101,1,1,Posted,Payment run 2021-08-15,2021-08-15 07:00:00,false
3431,PMT-3431,VendPmt,2021-08-15,102,1,1,Posted,Payment run 2021-08-15,2021-08-19 04:00:00,false
3432,PMT-3432,VendPmt,2021-08-15,103,1,1,Posted,Payment run 2021-08-15,2021-08-20 23:00:00,false
3433,PMT-3433,VendPmt,2021-08-15,104,1,1,Posted,Payment run 2021-08-15,2021-08-23 04:00:00,false
3434,PMT-3434,VendPmt,2021-08-15,107,1,1,Posted,Payment run 2021-08-15,2021-08-15 19:00:00,false
3435,PMT-3435,VendPmt,2021-08-15,108,1,1,Posted,Payment run 2021-08-15,2021-08-20 23:00:00,false
3436,PMT-3436,VendPmt,2021-08-15,109,1,1,Posted,Payment run 2021-08-15,2021-08-21 19:00:00,false
3437,PMT-3437,VendPmt,2021-08-15,110,1,1,Posted,Payment run 2021-08-15,2021-08-21 18:00:00,false
3438,PMT-3438,VendPmt,2021-08-15,111,1,1,Posted,Payment run 2021-08-15,2021-08-20 23:00:00,false
3439,PMT-3439,VendPmt,2021-08-15,112,1,1,Posted,Payment run 2021-08-15,2021-08-16 13:00:00,false
3440,PMT-3440,VendPmt,2021-09-01,101,1,1,Posted,Payment run 2021-09-01,2021-09-08 03:00:00,false
3441,PMT-3441,VendPmt,2021-09-01,102,1,1,Posted,Payment run 2021-09-01,2021-09-08 11:00:00,false
3442,PMT-3442,VendPmt,2021-09-01,103,1,1,Posted,Payment run 2021-09-01,2021-09-02 13:00:00,false
3443,PMT-3443,VendPmt,2021-09-01,104,1,1,Posted,Payment run 2021-09-01,2021-09-02 04:00:00,false
3444,PMT-3444,VendPmt,2021-09-01,105,2,0.742980,Posted,Payment run 2021-09-01,2021-09-01 05:00:00,false
3445,PMT-3445,VendPmt,2021-09-01,106,2,0.742980,Posted,Payment run 2021-09-01,2021-09-08 04:00:00,false
3446,PMT-3446,VendPmt,2021-09-01,107,1,1,Posted,Payment run 2021-09-01,2021-09-01 21:00:00,false
3447,PMT-3447,VendPmt,2021-09-01,111,1,1,Posted,Payment run 2021-09-01,2021-09-03 09:00:00,false
3448,PMT-3448,VendPmt,2021-09-01,112,1,1,Posted,Payment run 2021-09-01,2021-09-04 07:00:00,false
3449,PMT-3449,VendPmt,2021-09-15,101,1,1,Posted,Payment run 2021-09-15,2021-09-20 01:00:00,false
3450,PMT-3450,VendPmt,2021-09-15,102,1,1,Posted,Payment run 2021-09-15,2021-09-22 21:00:00,false
3451,PMT-3451,VendPmt,2021-09-15,103,1,1,Posted,Payment run 2021-09-15,2021-09-23 02:00:00,false
3452,PMT-3452,VendPmt,2021-09-15,104,1,1,Posted,Payment run 2021-09-15,2021-09-21 17:00:00,false
3453,PMT-3453,VendPmt,2021-09-15,107,1,1,Posted,Payment run 2021-09-15,2024-12-31 23:40:00,true
3454,PMT-3454,VendPmt,2021-09-15,108,1,1,Posted,Payment run 2021-09-15,2021-09-17 23:00:00,false
3455,PMT-3455,VendPmt,2021-09-15,110,1,1,Posted,Payment run 2021-09-15,2021-09-15 21:00:00,false
3456,PMT-3456,VendPmt,2021-09-15,111,1,1,Posted,Payment run 2021-09-15,2021-09-20 09:00:00,false
3457,PMT-3457,VendPmt,2021-09-15,112,1,1,Posted,Payment run 2021-09-15,2021-09-16 13:00:00,false
3458,PMT-3458,VendPmt,2021-10-01,101,1,1,Posted,Payment run 2021-10-01,2021-10-01 07:00:00,false
3459,PMT-3459,VendPmt,2021-10-01,102,1,1,Posted,Payment run 2021-10-01,2021-10-04 13:00:00,false
3460,PMT-3460,VendPmt,2021-10-01,103,1,1,Posted,Payment run 2021-10-01,2021-10-08 20:00:00,false
3461,PMT-3461,VendPmt,2021-10-01,104,1,1,Posted,Payment run 2021-10-01,2021-10-01 04:00:00,false
3462,PMT-3462,VendPmt,2021-10-01,105,2,0.737699,Posted,Payment run 2021-10-01,2021-10-07 20:00:00,false
3463,PMT-3463,VendPmt,2021-10-01,106,2,0.737699,Posted,Payment run 2021-10-01,2021-10-03 10:00:00,false
3464,PMT-3464,VendPmt,2021-10-01,107,1,1,Posted,Payment run 2021-10-01,2021-10-03 11:00:00,false
3465,PMT-3465,VendPmt,2021-10-01,108,1,1,Posted,Payment run 2021-10-01,2021-10-01 17:00:00,false
3466,PMT-3466,VendPmt,2021-10-01,109,1,1,Posted,Payment run 2021-10-01,2021-10-07 08:00:00,false
3467,PMT-3467,VendPmt,2021-10-01,112,1,1,Posted,Payment run 2021-10-01,2021-10-03 13:00:00,false
3468,PMT-3468,VendPmt,2021-10-15,101,1,1,Posted,Payment run 2021-10-15,2021-10-21 02:00:00,false
3469,PMT-3469,VendPmt,2021-10-15,102,1,1,Posted,Payment run 2021-10-15,2021-10-21 15:00:00,false
3470,PMT-3470,VendPmt,2021-10-15,103,1,1,Posted,Payment run 2021-10-15,2021-10-23 00:00:00,false
3471,PMT-3471,VendPmt,2021-10-15,104,1,1,Posted,Payment run 2021-10-15,2021-10-21 09:00:00,false
3472,PMT-3472,VendPmt,2021-10-15,106,2,0.728445,Posted,Payment run 2021-10-15,2021-10-17 09:00:00,false
3473,PMT-3473,VendPmt,2021-10-15,107,1,1,Posted,Payment run 2021-10-15,2021-10-19 02:00:00,false
3474,PMT-3474,VendPmt,2021-10-15,108,1,1,Posted,Payment run 2021-10-15,2021-10-23 08:00:00,false
3475,PMT-3475,VendPmt,2021-10-15,109,1,1,Posted,Payment run 2021-10-15,2021-10-16 09:00:00,false
3476,PMT-3476,VendPmt,2021-10-15,110,1,1,Posted,Payment run 2021-10-15,2021-10-18 20:00:00,false
3477,PMT-3477,VendPmt,2021-10-15,111,1,1,Posted,Payment run 2021-10-15,2021-10-20 05:00:00,false
3478,PMT-3478,VendPmt,2021-10-15,112,1,1,Posted,Payment run 2021-10-15,2021-10-20 17:00:00,false
3479,PMT-3479,VendPmt,2021-11-01,101,1,1,Posted,Payment run 2021-11-01,2021-11-02 11:00:00,false
3480,PMT-3480,VendPmt,2021-11-01,102,1,1,Posted,Payment run 2021-11-01,2021-11-07 22:00:00,false
3481,PMT-3481,VendPmt,2021-11-01,103,1,1,Posted,Payment run 2021-11-01,2021-11-04 03:00:00,false
3482,PMT-3482,VendPmt,2021-11-01,104,1,1,Posted,Payment run 2021-11-01,2021-11-01 22:00:00,false
3483,PMT-3483,VendPmt,2021-11-01,105,2,0.710000,Posted,Payment run 2021-11-01,2021-11-04 14:00:00,false
3484,PMT-3484,VendPmt,2021-11-01,106,2,0.710000,Posted,Payment run 2021-11-01,2021-11-08 18:00:00,false
3485,PMT-3485,VendPmt,2021-11-01,107,1,1,Posted,Payment run 2021-11-01,2021-11-03 10:00:00,false
3486,PMT-3486,VendPmt,2021-11-01,108,1,1,Posted,Payment run 2021-11-01,2021-11-05 11:00:00,false
3487,PMT-3487,VendPmt,2021-11-01,111,1,1,Posted,Payment run 2021-11-01,2021-11-08 23:00:00,false
3488,PMT-3488,VendPmt,2021-11-01,112,1,1,Posted,Payment run 2021-11-01,2021-11-08 05:00:00,false
3489,PMT-3489,VendPmt,2021-11-15,101,1,1,Posted,Payment run 2021-11-15,2021-11-22 03:00:00,false
3490,PMT-3490,VendPmt,2021-11-15,102,1,1,Posted,Payment run 2021-11-15,2021-11-19 14:00:00,false
3491,PMT-3491,VendPmt,2021-11-15,103,1,1,Posted,Payment run 2021-11-15,2021-11-21 11:00:00,false
3492,PMT-3492,VendPmt,2021-11-15,104,1,1,Posted,Payment run 2021-11-15,2021-11-19 18:00:00,false
3493,PMT-3493,VendPmt,2021-11-15,107,1,1,Posted,Payment run 2021-11-15,2021-11-16 06:00:00,false
3494,PMT-3494,VendPmt,2021-11-15,108,1,1,Posted,Payment run 2021-11-15,2021-11-18 11:00:00,false
3495,PMT-3495,VendPmt,2021-11-15,110,1,1,Posted,Payment run 2021-11-15,2021-11-15 08:00:00,false
3496,PMT-3496,VendPmt,2021-11-15,112,1,1,Posted,Payment run 2021-11-15,2021-11-20 03:00:00,false
3497,PMT-3497,VendPmt,2021-12-01,101,1,1,Posted,Payment run 2021-12-01,2021-12-08 16:00:00,false
3498,PMT-3498,VendPmt,2021-12-01,102,1,1,Posted,Payment run 2021-12-01,2021-12-07 16:00:00,false
3499,PMT-3499,VendPmt,2021-12-01,104,1,1,Posted,Payment run 2021-12-01,2021-12-07 23:00:00,false
3500,PMT-3500,VendPmt,2021-12-01,105,2,0.722613,Posted,Payment run 2021-12-01,2021-12-06 17:00:00,false
3501,PMT-3501,VendPmt,2021-12-01,106,2,0.722613,Posted,Payment run 2021-12-01,2021-12-09 00:00:00,false
3502,PMT-3502,VendPmt,2021-12-01,108,1,1,Posted,Payment run 2021-12-01,2021-12-04 06:00:00,false
3503,PMT-3503,VendPmt,2021-12-01,109,1,1,Posted,Payment run 2021-12-01,2021-12-05 18:00:00,false
3504,PMT-3504,VendPmt,2021-12-01,112,1,1,Posted,Payment run 2021-12-01,2021-12-03 08:00:00,false
3505,PMT-3505,VendPmt,2021-12-15,101,1,1,Posted,Payment run 2021-12-15,2021-12-15 22:00:00,false
3506,PMT-3506,VendPmt,2021-12-15,102,1,1,Posted,Payment run 2021-12-15,2021-12-17 05:00:00,false
3507,PMT-3507,VendPmt,2021-12-15,103,1,1,Posted,Payment run 2021-12-15,2021-12-22 04:00:00,false
3508,PMT-3508,VendPmt,2021-12-15,104,1,1,Posted,Payment run 2021-12-15,2021-12-15 21:00:00,false
3509,PMT-3509,VendPmt,2021-12-15,105,2,0.721383,Posted,Payment run 2021-12-15,2021-12-16 13:00:00,false
3510,PMT-3510,VendPmt,2021-12-15,106,2,0.721383,Posted,Payment run 2021-12-15,2021-12-19 18:00:00,false
3511,PMT-3511,VendPmt,2021-12-15,107,1,1,Posted,Payment run 2021-12-15,2021-12-19 22:00:00,false
3512,PMT-3512,VendPmt,2021-12-15,108,1,1,Posted,Payment run 2021-12-15,2021-12-19 22:00:00,false
3513,PMT-3513,VendPmt,2021-12-15,110,1,1,Posted,Payment run 2021-12-15,2021-12-18 07:00:00,false
3514,PMT-3514,VendPmt,2021-12-15,111,1,1,Posted,Payment run 2021-12-15,2021-12-22 01:00:00,false
3515,PMT-3515,VendPmt,2021-12-15,112,1,1,Posted,Payment run 2021-12-15,2021-12-19 01:00:00,false
3516,PMT-3516,VendPmt,2022-01-01,101,1,1,Posted,Payment run 2022-01-01,2022-01-01 15:00:00,false
3517,PMT-3517,VendPmt,2022-01-01,102,1,1,Posted,Payment run 2022-01-01,2022-01-05 09:00:00,false
3518,PMT-3518,VendPmt,2022-01-01,103,1,1,Posted,Payment run 2022-01-01,2022-01-06 21:00:00,false
3519,PMT-3519,VendPmt,2022-01-01,104,1,1,Posted,Payment run 2022-01-01,2022-01-03 23:00:00,false
3520,PMT-3520,VendPmt,2022-01-01,105,2,0.711604,Posted,Payment run 2022-01-01,2022-01-05 17:00:00,false
3521,PMT-3521,VendPmt,2022-01-01,106,2,0.711604,Posted,Payment run 2022-01-01,2022-01-03 05:00:00,false
3522,PMT-3522,VendPmt,2022-01-01,107,1,1,Posted,Payment run 2022-01-01,2022-01-08 06:00:00,false
3523,PMT-3523,VendPmt,2022-01-01,108,1,1,Posted,Payment run 2022-01-01,2022-01-07 18:00:00,false
3524,PMT-3524,VendPmt,2022-01-01,109,1,1,Posted,Payment run 2022-01-01,2022-01-07 04:00:00,false
3525,PMT-3525,VendPmt,2022-01-01,112,1,1,Posted,Payment run 2022-01-01,2022-01-01 11:00:00,false
3526,PMT-3526,VendPmt,2022-01-15,101,1,1,Posted,Payment run 2022-01-15,2022-01-16 08:00:00,false
3527,PMT-3527,VendPmt,2022-01-15,102,1,1,Posted,Payment run 2022-01-15,2022-01-22 05:00:00,false
3528,PMT-3528,VendPmt,2022-01-15,103,1,1,Posted,Payment run 2022-01-15,2022-01-23 02:00:00,false
3529,PMT-3529,VendPmt,2022-01-15,105,2,0.724212,Posted,Payment run 2022-01-15,2022-01-15 17:00:00,false
3530,PMT-3530,VendPmt,2022-01-15,106,2,0.724212,Posted,Payment run 2022-01-15,2022-01-21 01:00:00,false
3531,PMT-3531,VendPmt,2022-01-15,107,1,1,Posted,Payment run 2022-01-15,2022-01-21 11:00:00,false
3532,PMT-3532,VendPmt,2022-01-15,108,1,1,Posted,Payment run 2022-01-15,2022-01-17 00:00:00,false
3533,PMT-3533,VendPmt,2022-01-15,109,1,1,Posted,Payment run 2022-01-15,2022-01-20 01:00:00,false
3534,PMT-3534,VendPmt,2022-01-15,110,1,1,Posted,Payment run 2022-01-15,2022-01-18 16:00:00,false
3535,PMT-3535,VendPmt,2022-01-15,111,1,1,Posted,Payment run 2022-01-15,2022-01-21 22:00:00,false
3536,PMT-3536,VendPmt,2022-02-01,101,1,1,Posted,Payment run 2022-02-01,2022-02-09 08:00:00,false
3537,PMT-3537,VendPmt,2022-02-01,102,1,1,Posted,Payment run 2022-02-01,2022-02-06 18:00:00,false
3538,PMT-3538,VendPmt,2022-02-01,103,1,1,Posted,Payment run 2022-02-01,2022-02-07 17:00:00,false
3539,PMT-3539,VendPmt,2022-02-01,104,1,1,Posted,Payment run 2022-02-01,2022-02-04 15:00:00,false
3540,PMT-3540,VendPmt,2022-02-01,105,2,0.712127,Posted,Payment run 2022-02-01,2022-02-01 19:00:00,false
3541,PMT-3541,VendPmt,2022-02-01,106,2,0.712127,Posted,Payment run 2022-02-01,2022-02-04 01:00:00,false
3542,PMT-3542,VendPmt,2022-02-01,107,1,1,Posted,Payment run 2022-02-01,2022-02-03 22:00:00,false
3543,PMT-3543,VendPmt,2022-02-01,108,1,1,Posted,Payment run 2022-02-01,2022-02-02 08:00:00,false
3544,PMT-3544,VendPmt,2022-02-01,112,1,1,Posted,Payment run 2022-02-01,2022-02-04 06:00:00,false
3545,PMT-3545,VendPmt,2022-02-15,101,1,1,Posted,Payment run 2022-02-15,2022-02-19 08:00:00,false
3546,PMT-3546,VendPmt,2022-02-15,102,1,1,Posted,Payment run 2022-02-15,2022-02-17 16:00:00,false
3547,PMT-3547,VendPmt,2022-02-15,103,1,1,Posted,Payment run 2022-02-15,2022-02-17 02:00:00,false
3548,PMT-3548,VendPmt,2022-02-15,107,1,1,Posted,Payment run 2022-02-15,2022-02-15 23:00:00,false
3549,PMT-3549,VendPmt,2022-02-15,108,1,1,Posted,Payment run 2022-02-15,2022-02-16 04:00:00,false
3550,PMT-3550,VendPmt,2022-02-15,109,1,1,Posted,Payment run 2022-02-15,2022-02-17 11:00:00,false
3551,PMT-3551,VendPmt,2022-02-15,110,1,1,Posted,Payment run 2022-02-15,2022-02-18 00:00:00,false
3552,PMT-3552,VendPmt,2022-02-15,111,1,1,Posted,Payment run 2022-02-15,2022-02-18 18:00:00,false
3553,PMT-3553,VendPmt,2022-02-15,112,1,1,Posted,Payment run 2022-02-15,2022-02-21 18:00:00,false
3554,PMT-3554,VendPmt,2022-03-01,101,1,1,Posted,Payment run 2022-03-01,2022-03-03 19:00:00,false
3555,PMT-3555,VendPmt,2022-03-01,102,1,1,Posted,Payment run 2022-03-01,2022-03-07 04:00:00,false
3556,PMT-3556,VendPmt,2022-03-01,103,1,1,Posted,Payment run 2022-03-01,2022-03-01 06:00:00,false
3557,PMT-3557,VendPmt,2022-03-01,104,1,1,Posted,Payment run 2022-03-01,2022-03-04 21:00:00,false
3558,PMT-3558,VendPmt,2022-03-01,105,2,0.720837,Posted,Payment run 2022-03-01,2022-03-07 05:00:00,false
3559,PMT-3559,VendPmt,2022-03-01,106,2,0.720837,Posted,Payment run 2022-03-01,2022-03-09 06:00:00,false
3560,PMT-3560,VendPmt,2022-03-01,107,1,1,Posted,Payment run 2022-03-01,2022-03-04 11:00:00,false
3561,PMT-3561,VendPmt,2022-03-01,108,1,1,Posted,Payment run 2022-03-01,2022-03-07 20:00:00,false
3562,PMT-3562,VendPmt,2022-03-01,112,1,1,Posted,Payment run 2022-03-01,2022-03-06 17:00:00,false
3563,PMT-3563,VendPmt,2022-03-15,101,1,1,Posted,Payment run 2022-03-15,2022-03-23 05:00:00,false
3564,PMT-3564,VendPmt,2022-03-15,102,1,1,Posted,Payment run 2022-03-15,2022-03-15 15:00:00,false
3565,PMT-3565,VendPmt,2022-03-15,103,1,1,Posted,Payment run 2022-03-15,2022-03-18 19:00:00,false
3566,PMT-3566,VendPmt,2022-03-15,104,1,1,Posted,Payment run 2022-03-15,2022-03-22 08:00:00,false
3567,PMT-3567,VendPmt,2022-03-15,105,2,0.715115,Posted,Payment run 2022-03-15,2022-03-19 11:00:00,false
3568,PMT-3568,VendPmt,2022-03-15,106,2,0.715115,Posted,Payment run 2022-03-15,2022-03-17 09:00:00,false
3569,PMT-3569,VendPmt,2022-03-15,107,1,1,Posted,Payment run 2022-03-15,2022-03-16 13:00:00,false
3570,PMT-3570,VendPmt,2022-03-15,109,1,1,Posted,Payment run 2022-03-15,2022-03-20 05:00:00,false
3571,PMT-3571,VendPmt,2022-03-15,110,1,1,Posted,Payment run 2022-03-15,2022-03-19 02:00:00,false
3572,PMT-3572,VendPmt,2022-03-15,111,1,1,Posted,Payment run 2022-03-15,2022-03-17 01:00:00,false
3573,PMT-3573,VendPmt,2022-03-15,112,1,1,Posted,Payment run 2022-03-15,2022-03-15 19:00:00,false
3574,PMT-3574,VendPmt,2022-04-01,101,1,1,Posted,Payment run 2022-04-01,2022-04-05 01:00:00,false
3575,PMT-3575,VendPmt,2022-04-01,102,1,1,Posted,Payment run 2022-04-01,2022-04-06 03:00:00,false
3576,PMT-3576,VendPmt,2022-04-01,103,1,1,Posted,Payment run 2022-04-01,2022-04-07 17:00:00,false
3577,PMT-3577,VendPmt,2022-04-01,104,1,1,Posted,Payment run 2022-04-01,2022-04-02 03:00:00,false
3578,PMT-3578,VendPmt,2022-04-01,105,2,0.719371,Posted,Payment run 2022-04-01,2022-04-02 08:00:00,false
3579,PMT-3579,VendPmt,2022-04-01,106,2,0.719371,Posted,Payment run 2022-04-01,2022-04-06 19:00:00,false
3580,PMT-3580,VendPmt,2022-04-01,107,1,1,Posted,Payment run 2022-04-01,2022-04-01 09:00:00,false
3581,PMT-3581,VendPmt,2022-04-01,108,1,1,Posted,Payment run 2022-04-01,2024-12-31 23:40:00,true
3582,PMT-3582,VendPmt,2022-04-01,111,1,1,Posted,Payment run 2022-04-01,2022-04-06 09:00:00,false
3583,PMT-3583,VendPmt,2022-04-01,112,1,1,Posted,Payment run 2022-04-01,2022-04-04 02:00:00,false
3584,PMT-3584,VendPmt,2022-04-15,101,1,1,Posted,Payment run 2022-04-15,2022-04-22 19:00:00,false
3585,PMT-3585,VendPmt,2022-04-15,102,1,1,Posted,Payment run 2022-04-15,2022-04-17 16:00:00,false
3586,PMT-3586,VendPmt,2022-04-15,103,1,1,Posted,Payment run 2022-04-15,2022-04-23 00:00:00,false
3587,PMT-3587,VendPmt,2022-04-15,104,1,1,Posted,Payment run 2022-04-15,2022-04-17 10:00:00,false
3588,PMT-3588,VendPmt,2022-04-15,105,2,0.720656,Posted,Payment run 2022-04-15,2022-04-17 19:00:00,false
3589,PMT-3589,VendPmt,2022-04-15,106,2,0.720656,Posted,Payment run 2022-04-15,2022-04-23 05:00:00,false
3590,PMT-3590,VendPmt,2022-04-15,107,1,1,Posted,Payment run 2022-04-15,2022-04-17 16:00:00,false
3591,PMT-3591,VendPmt,2022-04-15,108,1,1,Posted,Payment run 2022-04-15,2022-04-18 17:00:00,false
3592,PMT-3592,VendPmt,2022-04-15,109,1,1,Posted,Payment run 2022-04-15,2022-04-20 16:00:00,false
3593,PMT-3593,VendPmt,2022-04-15,110,1,1,Posted,Payment run 2022-04-15,2022-04-17 06:00:00,false
3594,PMT-3594,VendPmt,2022-04-15,112,1,1,Posted,Payment run 2022-04-15,2022-04-15 03:00:00,false
3595,PMT-3595,VendPmt,2022-05-01,101,1,1,Posted,Payment run 2022-05-01,2022-05-05 07:00:00,false
3596,PMT-3596,VendPmt,2022-05-01,102,1,1,Posted,Payment run 2022-05-01,2022-05-05 00:00:00,false
3597,PMT-3597,VendPmt,2022-05-01,103,1,1,Posted,Payment run 2022-05-01,2022-05-06 22:00:00,false
3598,PMT-3598,VendPmt,2022-05-01,104,1,1,Posted,Payment run 2022-05-01,2022-05-07 03:00:00,false
3599,PMT-3599,VendPmt,2022-05-01,105,2,0.715414,Posted,Payment run 2022-05-01,2022-05-03 04:00:00,false
3600,PMT-3600,VendPmt,2022-05-01,106,2,0.715414,Posted,Payment run 2022-05-01,2022-05-08 02:00:00,false
3601,PMT-3601,VendPmt,2022-05-01,107,1,1,Posted,Payment run 2022-05-01,2022-05-06 00:00:00,false
3602,PMT-3602,VendPmt,2022-05-01,108,1,1,Posted,Payment run 2022-05-01,2022-05-08 22:00:00,false
3603,PMT-3603,VendPmt,2022-05-01,111,1,1,Posted,Payment run 2022-05-01,2022-05-08 14:00:00,false
3604,PMT-3604,VendPmt,2022-05-01,112,1,1,Posted,Payment run 2022-05-01,2022-05-02 08:00:00,false
3605,PMT-3605,VendPmt,2022-05-15,101,1,1,Posted,Payment run 2022-05-15,2022-05-21 20:00:00,false
3606,PMT-3606,VendPmt,2022-05-15,102,1,1,Posted,Payment run 2022-05-15,2022-05-16 02:00:00,false
3607,PMT-3607,VendPmt,2022-05-15,103,1,1,Posted,Payment run 2022-05-15,2022-05-20 01:00:00,false
3608,PMT-3608,VendPmt,2022-05-15,104,1,1,Posted,Payment run 2022-05-15,2022-05-22 09:00:00,false
3609,PMT-3609,VendPmt,2022-05-15,106,2,0.720764,Posted,Payment run 2022-05-15,2022-05-19 07:00:00,false
3610,PMT-3610,VendPmt,2022-05-15,107,1,1,Posted,Payment run 2022-05-15,2022-05-17 05:00:00,false
3611,PMT-3611,VendPmt,2022-05-15,108,1,1,Posted,Payment run 2022-05-15,2022-05-17 21:00:00,false
3612,PMT-3612,VendPmt,2022-05-15,110,1,1,Posted,Payment run 2022-05-15,2022-05-23 02:00:00,false
3613,PMT-3613,VendPmt,2022-05-15,112,1,1,Posted,Payment run 2022-05-15,2022-05-21 13:00:00,false
3614,PMT-3614,VendPmt,2022-06-01,101,1,1,Posted,Payment run 2022-06-01,2022-06-05 20:00:00,false
3615,PMT-3615,VendPmt,2022-06-01,102,1,1,Posted,Payment run 2022-06-01,2022-06-01 09:00:00,false
3616,PMT-3616,VendPmt,2022-06-01,103,1,1,Posted,Payment run 2022-06-01,2022-06-05 23:00:00,false
3617,PMT-3617,VendPmt,2022-06-01,104,1,1,Posted,Payment run 2022-06-01,2022-06-07 05:00:00,false
3618,PMT-3618,VendPmt,2022-06-01,105,2,0.713712,Posted,Payment run 2022-06-01,2022-06-07 12:00:00,false
3619,PMT-3619,VendPmt,2022-06-01,106,2,0.713712,Posted,Payment run 2022-06-01,2022-06-07 13:00:00,false
3620,PMT-3620,VendPmt,2022-06-01,107,1,1,Posted,Payment run 2022-06-01,2022-06-05 15:00:00,false
3621,PMT-3621,VendPmt,2022-06-01,108,1,1,Posted,Payment run 2022-06-01,2022-06-05 01:00:00,false
3622,PMT-3622,VendPmt,2022-06-01,109,1,1,Posted,Payment run 2022-06-01,2022-06-05 13:00:00,false
3623,PMT-3623,VendPmt,2022-06-01,112,1,1,Posted,Payment run 2022-06-01,2022-06-04 15:00:00,false
3624,PMT-3624,VendPmt,2022-06-15,101,1,1,Posted,Payment run 2022-06-15,2022-06-22 18:00:00,false
3625,PMT-3625,VendPmt,2022-06-15,102,1,1,Posted,Payment run 2022-06-15,2022-06-22 17:00:00,false
3626,PMT-3626,VendPmt,2022-06-15,103,1,1,Posted,Payment run 2022-06-15,2022-06-15 09:00:00,false
3627,PMT-3627,VendPmt,2022-06-15,104,1,1,Posted,Payment run 2022-06-15,2022-06-15 07:00:00,false
3628,PMT-3628,VendPmt,2022-06-15,107,1,1,Posted,Payment run 2022-06-15,2022-06-16 17:00:00,false
3629,PMT-3629,VendPmt,2022-06-15,108,1,1,Posted,Payment run 2022-06-15,2022-06-16 15:00:00,false
3630,PMT-3630,VendPmt,2022-06-15,110,1,1,Posted,Payment run 2022-06-15,2022-06-20 09:00:00,false
3631,PMT-3631,VendPmt,2022-06-15,111,1,1,Posted,Payment run 2022-06-15,2022-06-20 02:00:00,false
3632,PMT-3632,VendPmt,2022-06-15,112,1,1,Posted,Payment run 2022-06-15,2022-06-16 03:00:00,false
3633,PMT-3633,VendPmt,2022-07-01,101,1,1,Posted,Payment run 2022-07-01,2022-07-04 15:00:00,false
3634,PMT-3634,VendPmt,2022-07-01,102,1,1,Posted,Payment run 2022-07-01,2022-07-05 12:00:00,false
3635,PMT-3635,VendPmt,2022-07-01,103,1,1,Posted,Payment run 2022-07-01,2022-07-09 06:00:00,false
3636,PMT-3636,VendPmt,2022-07-01,104,1,1,Posted,Payment run 2022-07-01,2022-07-01 10:00:00,false
3637,PMT-3637,VendPmt,2022-07-01,105,2,0.714484,Posted,Payment run 2022-07-01,2022-07-07 23:00:00,false
3638,PMT-3638,VendPmt,2022-07-01,106,2,0.714484,Posted,Payment run 2022-07-01,2022-07-05 05:00:00,false
3639,PMT-3639,VendPmt,2022-07-01,107,1,1,Posted,Payment run 2022-07-01,2022-07-05 10:00:00,false
3640,PMT-3640,VendPmt,2022-07-01,109,1,1,Posted,Payment run 2022-07-01,2022-07-08 07:00:00,false
3641,PMT-3641,VendPmt,2022-07-01,112,1,1,Posted,Payment run 2022-07-01,2022-07-07 21:00:00,false
3642,PMT-3642,VendPmt,2022-07-15,101,1,1,Posted,Payment run 2022-07-15,2022-07-19 23:00:00,false
3643,PMT-3643,VendPmt,2022-07-15,102,1,1,Posted,Payment run 2022-07-15,2022-07-18 10:00:00,false
3644,PMT-3644,VendPmt,2022-07-15,103,1,1,Posted,Payment run 2022-07-15,2022-07-20 06:00:00,false
3645,PMT-3645,VendPmt,2022-07-15,104,1,1,Posted,Payment run 2022-07-15,2022-07-21 00:00:00,false
3646,PMT-3646,VendPmt,2022-07-15,107,1,1,Posted,Payment run 2022-07-15,2022-07-21 05:00:00,false
3647,PMT-3647,VendPmt,2022-07-15,108,1,1,Posted,Payment run 2022-07-15,2022-07-15 12:00:00,false
3648,PMT-3648,VendPmt,2022-07-15,109,1,1,Posted,Payment run 2022-07-15,2022-07-18 01:00:00,false
3649,PMT-3649,VendPmt,2022-07-15,110,1,1,Posted,Payment run 2022-07-15,2022-07-16 18:00:00,false
3650,PMT-3650,VendPmt,2022-07-15,111,1,1,Posted,Payment run 2022-07-15,2022-07-22 17:00:00,false
3651,PMT-3651,VendPmt,2022-07-15,112,1,1,Posted,Payment run 2022-07-15,2022-07-15 18:00:00,false
3652,PMT-3652,VendPmt,2022-08-01,101,1,1,Posted,Payment run 2022-08-01,2022-08-07 00:00:00,false
3653,PMT-3653,VendPmt,2022-08-01,102,1,1,Posted,Payment run 2022-08-01,2022-08-04 18:00:00,false
3654,PMT-3654,VendPmt,2022-08-01,103,1,1,Posted,Payment run 2022-08-01,2022-08-02 01:00:00,false
3655,PMT-3655,VendPmt,2022-08-01,104,1,1,Posted,Payment run 2022-08-01,2022-08-02 04:00:00,false
3656,PMT-3656,VendPmt,2022-08-01,105,2,0.719917,Posted,Payment run 2022-08-01,2022-08-01 14:00:00,false
3657,PMT-3657,VendPmt,2022-08-01,106,2,0.719917,Posted,Payment run 2022-08-01,2022-08-02 03:00:00,false
3658,PMT-3658,VendPmt,2022-08-01,107,1,1,Posted,Payment run 2022-08-01,2022-08-05 10:00:00,false
3659,PMT-3659,VendPmt,2022-08-01,108,1,1,Posted,Payment run 2022-08-01,2022-08-04 03:00:00,false
3660,PMT-3660,VendPmt,2022-08-01,112,1,1,Posted,Payment run 2022-08-01,2022-08-05 04:00:00,false
3661,PMT-3661,VendPmt,2022-08-15,101,1,1,Posted,Payment run 2022-08-15,2022-08-22 17:00:00,false
3662,PMT-3662,VendPmt,2022-08-15,102,1,1,Posted,Payment run 2022-08-15,2022-08-18 15:00:00,false
3663,PMT-3663,VendPmt,2022-08-15,104,1,1,Posted,Payment run 2022-08-15,2022-08-17 03:00:00,false
3664,PMT-3664,VendPmt,2022-08-15,108,1,1,Posted,Payment run 2022-08-15,2022-08-22 03:00:00,false
3665,PMT-3665,VendPmt,2022-08-15,110,1,1,Posted,Payment run 2022-08-15,2022-08-18 20:00:00,false
3666,PMT-3666,VendPmt,2022-08-15,111,1,1,Posted,Payment run 2022-08-15,2022-08-23 04:00:00,false
3667,PMT-3667,VendPmt,2022-08-15,112,1,1,Posted,Payment run 2022-08-15,2022-08-15 13:00:00,false
3668,PMT-3668,VendPmt,2022-09-01,101,1,1,Posted,Payment run 2022-09-01,2022-09-03 04:00:00,false
3669,PMT-3669,VendPmt,2022-09-01,102,1,1,Posted,Payment run 2022-09-01,2022-09-07 08:00:00,false
3670,PMT-3670,VendPmt,2022-09-01,103,1,1,Posted,Payment run 2022-09-01,2022-09-05 00:00:00,false
3671,PMT-3671,VendPmt,2022-09-01,104,1,1,Posted,Payment run 2022-09-01,2022-09-08 05:00:00,false
3672,PMT-3672,VendPmt,2022-09-01,105,2,0.718212,Posted,Payment run 2022-09-01,2022-09-04 08:00:00,false
3673,PMT-3673,VendPmt,2022-09-01,106,2,0.718212,Posted,Payment run 2022-09-01,2022-09-05 18:00:00,false
3674,PMT-3674,VendPmt,2022-09-01,107,1,1,Posted,Payment run 2022-09-01,2022-09-08 09:00:00,false
3675,PMT-3675,VendPmt,2022-09-01,108,1,1,Posted,Payment run 2022-09-01,2022-09-09 02:00:00,false
3676,PMT-3676,VendPmt,2022-09-01,109,1,1,Posted,Payment run 2022-09-01,2022-09-03 09:00:00,false
3677,PMT-3677,VendPmt,2022-09-01,111,1,1,Posted,Payment run 2022-09-01,2022-09-01 10:00:00,false
3678,PMT-3678,VendPmt,2022-09-01,112,1,1,Posted,Payment run 2022-09-01,2022-09-07 08:00:00,false
3679,PMT-3679,VendPmt,2022-09-15,101,1,1,Posted,Payment run 2022-09-15,2022-09-18 01:00:00,false
3680,PMT-3680,VendPmt,2022-09-15,102,1,1,Posted,Payment run 2022-09-15,2022-09-15 05:00:00,false
3681,PMT-3681,VendPmt,2022-09-15,103,1,1,Posted,Payment run 2022-09-15,2022-09-17 01:00:00,false
3682,PMT-3682,VendPmt,2022-09-15,104,1,1,Posted,Payment run 2022-09-15,2022-09-20 08:00:00,false
3683,PMT-3683,VendPmt,2022-09-15,107,1,1,Posted,Payment run 2022-09-15,2022-09-22 02:00:00,false
3684,PMT-3684,VendPmt,2022-09-15,108,1,1,Posted,Payment run 2022-09-15,2022-09-19 08:00:00,false
3685,PMT-3685,VendPmt,2022-09-15,109,1,1,Posted,Payment run 2022-09-15,2022-09-20 06:00:00,false
3686,PMT-3686,VendPmt,2022-09-15,110,1,1,Posted,Payment run 2022-09-15,2022-09-15 12:00:00,false
3687,PMT-3687,VendPmt,2022-09-15,112,1,1,Posted,Payment run 2022-09-15,2022-09-20 04:00:00,false
3688,PMT-3688,VendPmt,2022-10-01,101,1,1,Posted,Payment run 2022-10-01,2022-10-02 07:00:00,false
3689,PMT-3689,VendPmt,2022-10-01,102,1,1,Posted,Payment run 2022-10-01,2022-10-03 23:00:00,false
3690,PMT-3690,VendPmt,2022-10-01,103,1,1,Posted,Payment run 2022-10-01,2022-10-05 01:00:00,false
3691,PMT-3691,VendPmt,2022-10-01,104,1,1,Posted,Payment run 2022-10-01,2022-10-05 15:00:00,false
3692,PMT-3692,VendPmt,2022-10-01,105,2,0.726247,Posted,Payment run 2022-10-01,2022-10-03 22:00:00,false
3693,PMT-3693,VendPmt,2022-10-01,106,2,0.726247,Posted,Payment run 2022-10-01,2022-10-05 21:00:00,false
3694,PMT-3694,VendPmt,2022-10-01,107,1,1,Posted,Payment run 2022-10-01,2022-10-01 04:00:00,false
3695,PMT-3695,VendPmt,2022-10-01,108,1,1,Posted,Payment run 2022-10-01,2022-10-09 06:00:00,false
3696,PMT-3696,VendPmt,2022-10-01,111,1,1,Posted,Payment run 2022-10-01,2022-10-02 02:00:00,false
3697,PMT-3697,VendPmt,2022-10-01,112,1,1,Posted,Payment run 2022-10-01,2022-10-09 00:00:00,false
3698,PMT-3698,VendPmt,2022-10-15,101,1,1,Posted,Payment run 2022-10-15,2022-10-16 01:00:00,false
3699,PMT-3699,VendPmt,2022-10-15,102,1,1,Posted,Payment run 2022-10-15,2022-10-15 16:00:00,false
3700,PMT-3700,VendPmt,2022-10-15,103,1,1,Posted,Payment run 2022-10-15,2022-10-21 00:00:00,false
3701,PMT-3701,VendPmt,2022-10-15,107,1,1,Posted,Payment run 2022-10-15,2022-10-21 09:00:00,false
3702,PMT-3702,VendPmt,2022-10-15,108,1,1,Posted,Payment run 2022-10-15,2022-10-20 17:00:00,false
3703,PMT-3703,VendPmt,2022-10-15,109,1,1,Posted,Payment run 2022-10-15,2022-10-20 12:00:00,false
3704,PMT-3704,VendPmt,2022-10-15,110,1,1,Posted,Payment run 2022-10-15,2022-10-15 20:00:00,false
3705,PMT-3705,VendPmt,2022-10-15,112,1,1,Posted,Payment run 2022-10-15,2022-10-21 07:00:00,false
3706,PMT-3706,VendPmt,2022-11-01,101,1,1,Posted,Payment run 2022-11-01,2022-11-05 02:00:00,false
3707,PMT-3707,VendPmt,2022-11-01,102,1,1,Posted,Payment run 2022-11-01,2022-11-04 00:00:00,false
3708,PMT-3708,VendPmt,2022-11-01,103,1,1,Posted,Payment run 2022-11-01,2022-11-02 13:00:00,false
3709,PMT-3709,VendPmt,2022-11-01,104,1,1,Posted,Payment run 2022-11-01,2022-11-05 19:00:00,false
3710,PMT-3710,VendPmt,2022-11-01,105,2,0.710047,Posted,Payment run 2022-11-01,2022-11-07 10:00:00,false
3711,PMT-3711,VendPmt,2022-11-01,106,2,0.710047,Posted,Payment run 2022-11-01,2022-11-09 00:00:00,false
3712,PMT-3712,VendPmt,2022-11-01,107,1,1,Posted,Payment run 2022-11-01,2022-11-05 01:00:00,false
3713,PMT-3713,VendPmt,2022-11-01,108,1,1,Posted,Payment run 2022-11-01,2022-11-08 05:00:00,false
3714,PMT-3714,VendPmt,2022-11-01,112,1,1,Posted,Payment run 2022-11-01,2022-11-09 03:00:00,false
3715,PMT-3715,VendPmt,2022-11-15,101,1,1,Posted,Payment run 2022-11-15,2022-11-17 07:00:00,false
3716,PMT-3716,VendPmt,2022-11-15,102,1,1,Posted,Payment run 2022-11-15,2022-11-17 06:00:00,false
3717,PMT-3717,VendPmt,2022-11-15,103,1,1,Posted,Payment run 2022-11-15,2022-11-22 15:00:00,false
3718,PMT-3718,VendPmt,2022-11-15,104,1,1,Posted,Payment run 2022-11-15,2022-11-20 05:00:00,false
3719,PMT-3719,VendPmt,2022-11-15,106,2,0.710000,Posted,Payment run 2022-11-15,2022-11-19 15:00:00,false
3720,PMT-3720,VendPmt,2022-11-15,107,1,1,Posted,Payment run 2022-11-15,2022-11-17 20:00:00,false
3721,PMT-3721,VendPmt,2022-11-15,108,1,1,Posted,Payment run 2022-11-15,2022-11-17 07:00:00,false
3722,PMT-3722,VendPmt,2022-11-15,109,1,1,Posted,Payment run 2022-11-15,2022-11-15 12:00:00,false
3723,PMT-3723,VendPmt,2022-11-15,110,1,1,Posted,Payment run 2022-11-15,2022-11-17 15:00:00,false
3724,PMT-3724,VendPmt,2022-11-15,111,1,1,Posted,Payment run 2022-11-15,2022-11-16 21:00:00,false
3725,PMT-3725,VendPmt,2022-11-15,112,1,1,Posted,Payment run 2022-11-15,2022-11-21 08:00:00,false
3726,PMT-3726,VendPmt,2022-12-01,101,1,1,Posted,Payment run 2022-12-01,2022-12-01 22:00:00,false
3727,PMT-3727,VendPmt,2022-12-01,102,1,1,Posted,Payment run 2022-12-01,2022-12-06 21:00:00,false
3728,PMT-3728,VendPmt,2022-12-01,103,1,1,Posted,Payment run 2022-12-01,2022-12-04 20:00:00,false
3729,PMT-3729,VendPmt,2022-12-01,104,1,1,Posted,Payment run 2022-12-01,2022-12-04 03:00:00,false
3730,PMT-3730,VendPmt,2022-12-01,105,2,0.711256,Posted,Payment run 2022-12-01,2022-12-04 06:00:00,false
3731,PMT-3731,VendPmt,2022-12-01,106,2,0.711256,Posted,Payment run 2022-12-01,2022-12-06 09:00:00,false
3732,PMT-3732,VendPmt,2022-12-01,107,1,1,Posted,Payment run 2022-12-01,2022-12-03 12:00:00,false
3733,PMT-3733,VendPmt,2022-12-01,108,1,1,Posted,Payment run 2022-12-01,2022-12-02 11:00:00,false
3734,PMT-3734,VendPmt,2022-12-01,111,1,1,Posted,Payment run 2022-12-01,2022-12-08 07:00:00,false
3735,PMT-3735,VendPmt,2022-12-01,112,1,1,Posted,Payment run 2022-12-01,2022-12-05 00:00:00,false
3736,PMT-3736,VendPmt,2022-12-15,101,1,1,Posted,Payment run 2022-12-15,2022-12-21 10:00:00,false
3737,PMT-3737,VendPmt,2022-12-15,102,1,1,Posted,Payment run 2022-12-15,2022-12-20 09:00:00,false
3738,PMT-3738,VendPmt,2022-12-15,103,1,1,Posted,Payment run 2022-12-15,2022-12-19 17:00:00,false
3739,PMT-3739,VendPmt,2022-12-15,104,1,1,Posted,Payment run 2022-12-15,2022-12-20 05:00:00,false
3740,PMT-3740,VendPmt,2022-12-15,105,2,0.716331,Posted,Payment run 2022-12-15,2022-12-23 06:00:00,false
3741,PMT-3741,VendPmt,2022-12-15,106,2,0.716331,Posted,Payment run 2022-12-15,2022-12-23 05:00:00,false
3742,PMT-3742,VendPmt,2022-12-15,107,1,1,Posted,Payment run 2022-12-15,2022-12-19 18:00:00,false
3743,PMT-3743,VendPmt,2022-12-15,108,1,1,Posted,Payment run 2022-12-15,2022-12-17 13:00:00,false
3744,PMT-3744,VendPmt,2022-12-15,109,1,1,Posted,Payment run 2022-12-15,2022-12-21 17:00:00,false
3745,PMT-3745,VendPmt,2022-12-15,110,1,1,Posted,Payment run 2022-12-15,2022-12-18 22:00:00,false
3746,PMT-3746,VendPmt,2022-12-15,112,1,1,Posted,Payment run 2022-12-15,2022-12-19 06:00:00,false
3747,PMT-3747,VendPmt,2023-01-01,101,1,1,Posted,Payment run 2023-01-01,2023-01-01 08:00:00,false
3748,PMT-3748,VendPmt,2023-01-01,102,1,1,Posted,Payment run 2023-01-01,2023-01-03 16:00:00,false
3749,PMT-3749,VendPmt,2023-01-01,103,1,1,Posted,Payment run 2023-01-01,2023-01-06 18:00:00,false
3750,PMT-3750,VendPmt,2023-01-01,104,1,1,Posted,Payment run 2023-01-01,2023-01-06 23:00:00,false
3751,PMT-3751,VendPmt,2023-01-01,105,2,0.723832,Posted,Payment run 2023-01-01,2023-01-08 22:00:00,false
3752,PMT-3752,VendPmt,2023-01-01,106,2,0.723832,Posted,Payment run 2023-01-01,2023-01-02 21:00:00,false
3753,PMT-3753,VendPmt,2023-01-01,108,1,1,Posted,Payment run 2023-01-01,2023-01-08 02:00:00,false
3754,PMT-3754,VendPmt,2023-01-01,111,1,1,Posted,Payment run 2023-01-01,2023-01-06 00:00:00,false
3755,PMT-3755,VendPmt,2023-01-01,112,1,1,Posted,Payment run 2023-01-01,2023-01-02 15:00:00,false
3756,PMT-3756,VendPmt,2023-01-15,101,1,1,Posted,Payment run 2023-01-15,2023-01-15 14:00:00,false
3757,PMT-3757,VendPmt,2023-01-15,102,1,1,Posted,Payment run 2023-01-15,2023-01-17 15:00:00,false
3758,PMT-3758,VendPmt,2023-01-15,103,1,1,Posted,Payment run 2023-01-15,2023-01-18 04:00:00,false
3759,PMT-3759,VendPmt,2023-01-15,104,1,1,Posted,Payment run 2023-01-15,2023-01-20 03:00:00,false
3760,PMT-3760,VendPmt,2023-01-15,105,2,0.720165,Posted,Payment run 2023-01-15,2023-01-17 20:00:00,false
3761,PMT-3761,VendPmt,2023-01-15,106,2,0.720165,Posted,Payment run 2023-01-15,2023-01-23 08:00:00,false
3762,PMT-3762,VendPmt,2023-01-15,107,1,1,Posted,Payment run 2023-01-15,2023-01-15 02:00:00,false
3763,PMT-3763,VendPmt,2023-01-15,108,1,1,Posted,Payment run 2023-01-15,2023-01-15 21:00:00,false
3764,PMT-3764,VendPmt,2023-01-15,109,1,1,Posted,Payment run 2023-01-15,2023-01-16 20:00:00,false
3765,PMT-3765,VendPmt,2023-01-15,110,1,1,Posted,Payment run 2023-01-15,2023-01-19 06:00:00,false
3766,PMT-3766,VendPmt,2023-01-15,112,1,1,Posted,Payment run 2023-01-15,2023-01-16 13:00:00,false
3767,PMT-3767,VendPmt,2023-02-01,101,1,1,Posted,Payment run 2023-02-01,2023-02-06 20:00:00,false
3768,PMT-3768,VendPmt,2023-02-01,102,1,1,Posted,Payment run 2023-02-01,2023-02-08 17:00:00,false
3769,PMT-3769,VendPmt,2023-02-01,103,1,1,Posted,Payment run 2023-02-01,2023-02-01 04:00:00,false
3770,PMT-3770,VendPmt,2023-02-01,104,1,1,Posted,Payment run 2023-02-01,2023-02-08 20:00:00,false
3771,PMT-3771,VendPmt,2023-02-01,105,2,0.715923,Posted,Payment run 2023-02-01,2023-02-06 03:00:00,false
3772,PMT-3772,VendPmt,2023-02-01,106,2,0.715923,Posted,Payment run 2023-02-01,2023-02-08 16:00:00,false
3773,PMT-3773,VendPmt,2023-02-01,107,1,1,Posted,Payment run 2023-02-01,2023-02-07 16:00:00,false
3774,PMT-3774,VendPmt,2023-02-01,108,1,1,Posted,Payment run 2023-02-01,2023-02-05 18:00:00,false
3775,PMT-3775,VendPmt,2023-02-01,111,1,1,Posted,Payment run 2023-02-01,2023-02-02 05:00:00,false
3776,PMT-3776,VendPmt,2023-02-01,112,1,1,Posted,Payment run 2023-02-01,2023-02-03 00:00:00,false
3777,PMT-3777,VendPmt,2023-02-15,101,1,1,Posted,Payment run 2023-02-15,2023-02-22 20:00:00,false
3778,PMT-3778,VendPmt,2023-02-15,102,1,1,Posted,Payment run 2023-02-15,2023-02-17 09:00:00,false
3779,PMT-3779,VendPmt,2023-02-15,103,1,1,Posted,Payment run 2023-02-15,2023-02-17 15:00:00,false
3780,PMT-3780,VendPmt,2023-02-15,105,2,0.716961,Posted,Payment run 2023-02-15,2023-02-22 21:00:00,false
3781,PMT-3781,VendPmt,2023-02-15,107,1,1,Posted,Payment run 2023-02-15,2023-02-15 11:00:00,false
3782,PMT-3782,VendPmt,2023-02-15,108,1,1,Posted,Payment run 2023-02-15,2023-02-22 00:00:00,false
3783,PMT-3783,VendPmt,2023-02-15,109,1,1,Posted,Payment run 2023-02-15,2023-02-15 20:00:00,false
3784,PMT-3784,VendPmt,2023-02-15,110,1,1,Posted,Payment run 2023-02-15,2023-02-21 15:00:00,false
3785,PMT-3785,VendPmt,2023-02-15,112,1,1,Posted,Payment run 2023-02-15,2023-02-16 23:00:00,false
3786,PMT-3786,VendPmt,2023-03-01,101,1,1,Posted,Payment run 2023-03-01,2023-03-08 05:00:00,false
3787,PMT-3787,VendPmt,2023-03-01,102,1,1,Posted,Payment run 2023-03-01,2023-03-06 10:00:00,false
3788,PMT-3788,VendPmt,2023-03-01,103,1,1,Posted,Payment run 2023-03-01,2023-03-08 06:00:00,false
3789,PMT-3789,VendPmt,2023-03-01,104,1,1,Posted,Payment run 2023-03-01,2023-03-03 21:00:00,false
3790,PMT-3790,VendPmt,2023-03-01,105,2,0.712650,Posted,Payment run 2023-03-01,2023-03-03 07:00:00,false
3791,PMT-3791,VendPmt,2023-03-01,106,2,0.712650,Posted,Payment run 2023-03-01,2023-03-08 22:00:00,false
3792,PMT-3792,VendPmt,2023-03-01,107,1,1,Posted,Payment run 2023-03-01,2023-03-06 12:00:00,false
3793,PMT-3793,VendPmt,2023-03-01,108,1,1,Posted,Payment run 2023-03-01,2023-03-08 03:00:00,false
3794,PMT-3794,VendPmt,2023-03-01,112,1,1,Posted,Payment run 2023-03-01,2023-03-01 20:00:00,false
3795,PMT-3795,VendPmt,2023-03-15,101,1,1,Posted,Payment run 2023-03-15,2023-03-19 20:00:00,false
3796,PMT-3796,VendPmt,2023-03-15,102,1,1,Posted,Payment run 2023-03-15,2023-03-15 18:00:00,false
3797,PMT-3797,VendPmt,2023-03-15,103,1,1,Posted,Payment run 2023-03-15,2023-03-18 16:00:00,false
3798,PMT-3798,VendPmt,2023-03-15,104,1,1,Posted,Payment run 2023-03-15,2023-03-17 00:00:00,false
3799,PMT-3799,VendPmt,2023-03-15,105,2,0.720980,Posted,Payment run 2023-03-15,2023-03-18 22:00:00,false
3800,PMT-3800,VendPmt,2023-03-15,106,2,0.720980,Posted,Payment run 2023-03-15,2023-03-20 01:00:00,false
3801,PMT-3801,VendPmt,2023-03-15,107,1,1,Posted,Payment run 2023-03-15,2023-03-21 12:00:00,false
3802,PMT-3802,VendPmt,2023-03-15,110,1,1,Posted,Payment run 2023-03-15,2023-03-20 03:00:00,false
3803,PMT-3803,VendPmt,2023-03-15,111,1,1,Posted,Payment run 2023-03-15,2023-03-15 04:00:00,false
3804,PMT-3804,VendPmt,2023-03-15,112,1,1,Posted,Payment run 2023-03-15,2023-03-23 03:00:00,false
3805,PMT-3805,VendPmt,2023-04-01,101,1,1,Posted,Payment run 2023-04-01,2023-04-06 16:00:00,false
3806,PMT-3806,VendPmt,2023-04-01,102,1,1,Posted,Payment run 2023-04-01,2023-04-04 16:00:00,false
3807,PMT-3807,VendPmt,2023-04-01,103,1,1,Posted,Payment run 2023-04-01,2023-04-07 12:00:00,false
3808,PMT-3808,VendPmt,2023-04-01,104,1,1,Posted,Payment run 2023-04-01,2023-04-07 12:00:00,false
3809,PMT-3809,VendPmt,2023-04-01,105,2,0.733737,Posted,Payment run 2023-04-01,2023-04-02 13:00:00,false
3810,PMT-3810,VendPmt,2023-04-01,106,2,0.733737,Posted,Payment run 2023-04-01,2023-04-03 10:00:00,false
3811,PMT-3811,VendPmt,2023-04-01,107,1,1,Posted,Payment run 2023-04-01,2023-04-05 03:00:00,false
3812,PMT-3812,VendPmt,2023-04-01,108,1,1,Posted,Payment run 2023-04-01,2023-04-01 16:00:00,false
3813,PMT-3813,VendPmt,2023-04-01,109,1,1,Posted,Payment run 2023-04-01,2023-04-01 13:00:00,false
3814,PMT-3814,VendPmt,2023-04-01,112,1,1,Posted,Payment run 2023-04-01,2023-04-06 12:00:00,false
3815,PMT-3815,VendPmt,2023-04-15,101,1,1,Posted,Payment run 2023-04-15,2023-04-20 02:00:00,false
3816,PMT-3816,VendPmt,2023-04-15,102,1,1,Posted,Payment run 2023-04-15,2023-04-18 20:00:00,false
3817,PMT-3817,VendPmt,2023-04-15,103,1,1,Posted,Payment run 2023-04-15,2023-04-15 13:00:00,false
3818,PMT-3818,VendPmt,2023-04-15,104,1,1,Posted,Payment run 2023-04-15,2023-04-19 09:00:00,false
3819,PMT-3819,VendPmt,2023-04-15,105,2,0.722906,Posted,Payment run 2023-04-15,2023-04-22 05:00:00,false
3820,PMT-3820,VendPmt,2023-04-15,106,2,0.722906,Posted,Payment run 2023-04-15,2023-04-15 08:00:00,false
3821,PMT-3821,VendPmt,2023-04-15,107,1,1,Posted,Payment run 2023-04-15,2023-04-15 11:00:00,false
3822,PMT-3822,VendPmt,2023-04-15,108,1,1,Posted,Payment run 2023-04-15,2023-04-19 05:00:00,false
3823,PMT-3823,VendPmt,2023-04-15,109,1,1,Posted,Payment run 2023-04-15,2023-04-19 17:00:00,false
3824,PMT-3824,VendPmt,2023-04-15,110,1,1,Posted,Payment run 2023-04-15,2023-04-22 17:00:00,false
3825,PMT-3825,VendPmt,2023-04-15,111,1,1,Posted,Payment run 2023-04-15,2023-04-15 04:00:00,false
3826,PMT-3826,VendPmt,2023-04-15,112,1,1,Posted,Payment run 2023-04-15,2023-04-18 03:00:00,false
3827,PMT-3827,VendPmt,2023-05-01,101,1,1,Posted,Payment run 2023-05-01,2023-05-05 17:00:00,false
3828,PMT-3828,VendPmt,2023-05-01,102,1,1,Posted,Payment run 2023-05-01,2023-05-09 08:00:00,false
3829,PMT-3829,VendPmt,2023-05-01,103,1,1,Posted,Payment run 2023-05-01,2023-05-03 16:00:00,false
3830,PMT-3830,VendPmt,2023-05-01,104,1,1,Posted,Payment run 2023-05-01,2023-05-04 10:00:00,false
3831,PMT-3831,VendPmt,2023-05-01,105,2,0.717333,Posted,Payment run 2023-05-01,2023-05-07 17:00:00,false
3832,PMT-3832,VendPmt,2023-05-01,106,2,0.717333,Posted,Payment run 2023-05-01,2023-05-05 23:00:00,false
3833,PMT-3833,VendPmt,2023-05-01,107,1,1,Posted,Payment run 2023-05-01,2023-05-03 19:00:00,false
3834,PMT-3834,VendPmt,2023-05-01,112,1,1,Posted,Payment run 2023-05-01,2023-05-07 18:00:00,false
3835,PMT-3835,VendPmt,2023-05-15,101,1,1,Posted,Payment run 2023-05-15,2023-05-21 07:00:00,false
3836,PMT-3836,VendPmt,2023-05-15,102,1,1,Posted,Payment run 2023-05-15,2023-05-20 17:00:00,false
3837,PMT-3837,VendPmt,2023-05-15,103,1,1,Posted,Payment run 2023-05-15,2023-05-16 18:00:00,false
3838,PMT-3838,VendPmt,2023-05-15,105,2,0.715979,Posted,Payment run 2023-05-15,2023-05-20 21:00:00,false
3839,PMT-3839,VendPmt,2023-05-15,107,1,1,Posted,Payment run 2023-05-15,2023-05-18 10:00:00,false
3840,PMT-3840,VendPmt,2023-05-15,109,1,1,Posted,Payment run 2023-05-15,2023-05-19 00:00:00,false
3841,PMT-3841,VendPmt,2023-05-15,110,1,1,Posted,Payment run 2023-05-15,2023-05-15 14:00:00,false
3842,PMT-3842,VendPmt,2023-05-15,111,1,1,Posted,Payment run 2023-05-15,2023-05-23 07:00:00,false
3843,PMT-3843,VendPmt,2023-05-15,112,1,1,Posted,Payment run 2023-05-15,2023-05-19 10:00:00,false
3844,PMT-3844,VendPmt,2023-06-01,101,1,1,Posted,Payment run 2023-06-01,2023-06-09 07:00:00,false
3845,PMT-3845,VendPmt,2023-06-01,102,1,1,Posted,Payment run 2023-06-01,2023-06-09 08:00:00,false
3846,PMT-3846,VendPmt,2023-06-01,103,1,1,Posted,Payment run 2023-06-01,2023-06-04 16:00:00,false
3847,PMT-3847,VendPmt,2023-06-01,104,1,1,Posted,Payment run 2023-06-01,2023-06-05 18:00:00,false
3848,PMT-3848,VendPmt,2023-06-01,105,2,0.719584,Posted,Payment run 2023-06-01,2023-06-06 07:00:00,false
3849,PMT-3849,VendPmt,2023-06-01,106,2,0.719584,Posted,Payment run 2023-06-01,2023-06-03 11:00:00,false
3850,PMT-3850,VendPmt,2023-06-01,107,1,1,Posted,Payment run 2023-06-01,2023-06-03 20:00:00,false
3851,PMT-3851,VendPmt,2023-06-01,108,1,1,Posted,Payment run 2023-06-01,2023-06-07 18:00:00,false
3852,PMT-3852,VendPmt,2023-06-01,112,1,1,Posted,Payment run 2023-06-01,2023-06-03 23:00:00,false
3853,PMT-3853,VendPmt,2023-06-15,101,1,1,Posted,Payment run 2023-06-15,2023-06-19 18:00:00,false
3854,PMT-3854,VendPmt,2023-06-15,102,1,1,Posted,Payment run 2023-06-15,2023-06-18 20:00:00,false
3855,PMT-3855,VendPmt,2023-06-15,103,1,1,Posted,Payment run 2023-06-15,2023-06-17 20:00:00,false
3856,PMT-3856,VendPmt,2023-06-15,104,1,1,Posted,Payment run 2023-06-15,2023-06-17 17:00:00,false
3857,PMT-3857,VendPmt,2023-06-15,105,2,0.721380,Posted,Payment run 2023-06-15,2023-06-22 11:00:00,false
3858,PMT-3858,VendPmt,2023-06-15,107,1,1,Posted,Payment run 2023-06-15,2023-06-21 17:00:00,false
3859,PMT-3859,VendPmt,2023-06-15,108,1,1,Posted,Payment run 2023-06-15,2023-06-22 16:00:00,false
3860,PMT-3860,VendPmt,2023-06-15,110,1,1,Posted,Payment run 2023-06-15,2023-06-20 11:00:00,false
3861,PMT-3861,VendPmt,2023-06-15,111,1,1,Posted,Payment run 2023-06-15,2023-06-16 11:00:00,false
3862,PMT-3862,VendPmt,2023-06-15,112,1,1,Posted,Payment run 2023-06-15,2023-06-16 05:00:00,false
3863,PMT-3863,VendPmt,2023-07-01,101,1,1,Posted,Payment run 2023-07-01,2023-07-08 22:00:00,false
3864,PMT-3864,VendPmt,2023-07-01,102,1,1,Posted,Payment run 2023-07-01,2023-07-08 13:00:00,false
3865,PMT-3865,VendPmt,2023-07-01,103,1,1,Posted,Payment run 2023-07-01,2023-07-02 05:00:00,false
3866,PMT-3866,VendPmt,2023-07-01,104,1,1,Posted,Payment run 2023-07-01,2023-07-06 15:00:00,false
3867,PMT-3867,VendPmt,2023-07-01,105,2,0.713982,Posted,Payment run 2023-07-01,2023-07-04 17:00:00,false
3868,PMT-3868,VendPmt,2023-07-01,106,2,0.713982,Posted,Payment run 2023-07-01,2023-07-01 15:00:00,false
3869,PMT-3869,VendPmt,2023-07-01,107,1,1,Posted,Payment run 2023-07-01,2023-07-04 03:00:00,false
3870,PMT-3870,VendPmt,2023-07-01,108,1,1,Posted,Payment run 2023-07-01,2023-07-01 04:00:00,false
3871,PMT-3871,VendPmt,2023-07-01,109,1,1,Posted,Payment run 2023-07-01,2023-07-06 02:00:00,false
3872,PMT-3872,VendPmt,2023-07-01,111,1,1,Posted,Payment run 2023-07-01,2023-07-03 17:00:00,false
3873,PMT-3873,VendPmt,2023-07-15,101,1,1,Posted,Payment run 2023-07-15,2023-07-23 05:00:00,false
3874,PMT-3874,VendPmt,2023-07-15,102,1,1,Posted,Payment run 2023-07-15,2023-07-20 14:00:00,false
3875,PMT-3875,VendPmt,2023-07-15,103,1,1,Posted,Payment run 2023-07-15,2023-07-17 14:00:00,false
3876,PMT-3876,VendPmt,2023-07-15,107,1,1,Posted,Payment run 2023-07-15,2023-07-20 06:00:00,false
3877,PMT-3877,VendPmt,2023-07-15,108,1,1,Posted,Payment run 2023-07-15,2023-07-22 16:00:00,false
3878,PMT-3878,VendPmt,2023-07-15,110,1,1,Posted,Payment run 2023-07-15,2023-07-21 01:00:00,false
3879,PMT-3879,VendPmt,2023-07-15,112,1,1,Posted,Payment run 2023-07-15,2023-07-20 04:00:00,false
3880,PMT-3880,VendPmt,2023-08-01,101,1,1,Posted,Payment run 2023-08-01,2023-08-06 03:00:00,false
3881,PMT-3881,VendPmt,2023-08-01,102,1,1,Posted,Payment run 2023-08-01,2023-08-01 19:00:00,false
3882,PMT-3882,VendPmt,2023-08-01,103,1,1,Posted,Payment run 2023-08-01,2023-08-02 02:00:00,false
3883,PMT-3883,VendPmt,2023-08-01,104,1,1,Posted,Payment run 2023-08-01,2023-08-09 04:00:00,false
3884,PMT-3884,VendPmt,2023-08-01,105,2,0.714124,Posted,Payment run 2023-08-01,2023-08-07 05:00:00,false
3885,PMT-3885,VendPmt,2023-08-01,106,2,0.714124,Posted,Payment run 2023-08-01,2023-08-05 21:00:00,false
3886,PMT-3886,VendPmt,2023-08-01,107,1,1,Posted,Payment run 2023-08-01,2023-08-03 12:00:00,false
3887,PMT-3887,VendPmt,2023-08-01,108,1,1,Posted,Payment run 2023-08-01,2023-08-04 19:00:00,false
3888,PMT-3888,VendPmt,2023-08-01,109,1,1,Posted,Payment run 2023-08-01,2023-08-04 08:00:00,false
3889,PMT-3889,VendPmt,2023-08-01,111,1,1,Posted,Payment run 2023-08-01,2023-08-04 14:00:00,false
3890,PMT-3890,VendPmt,2023-08-01,112,1,1,Posted,Payment run 2023-08-01,2023-08-03 23:00:00,false
3891,PMT-3891,VendPmt,2023-08-15,101,1,1,Posted,Payment run 2023-08-15,2023-08-18 00:00:00,false
3892,PMT-3892,VendPmt,2023-08-15,102,1,1,Posted,Payment run 2023-08-15,2023-08-22 09:00:00,false
3893,PMT-3893,VendPmt,2023-08-15,103,1,1,Posted,Payment run 2023-08-15,2023-08-15 03:00:00,false
3894,PMT-3894,VendPmt,2023-08-15,104,1,1,Posted,Payment run 2023-08-15,2023-08-18 08:00:00,false
3895,PMT-3895,VendPmt,2023-08-15,105,2,0.717349,Posted,Payment run 2023-08-15,2023-08-17 04:00:00,false
3896,PMT-3896,VendPmt,2023-08-15,107,1,1,Posted,Payment run 2023-08-15,2023-08-21 19:00:00,false
3897,PMT-3897,VendPmt,2023-08-15,108,1,1,Posted,Payment run 2023-08-15,2023-08-16 05:00:00,false
3898,PMT-3898,VendPmt,2023-08-15,110,1,1,Posted,Payment run 2023-08-15,2023-08-21 23:00:00,false
3899,PMT-3899,VendPmt,2023-08-15,112,1,1,Posted,Payment run 2023-08-15,2023-08-19 14:00:00,false
3900,PMT-3900,VendPmt,2023-09-01,101,1,1,Posted,Payment run 2023-09-01,2023-09-04 05:00:00,false
3901,PMT-3901,VendPmt,2023-09-01,102,1,1,Posted,Payment run 2023-09-01,2023-09-05 20:00:00,false
3902,PMT-3902,VendPmt,2023-09-01,103,1,1,Posted,Payment run 2023-09-01,2023-09-03 19:00:00,false
3903,PMT-3903,VendPmt,2023-09-01,104,1,1,Posted,Payment run 2023-09-01,2023-09-04 11:00:00,false
3904,PMT-3904,VendPmt,2023-09-01,105,2,0.710000,Posted,Payment run 2023-09-01,2023-09-02 02:00:00,false
3905,PMT-3905,VendPmt,2023-09-01,106,2,0.710000,Posted,Payment run 2023-09-01,2023-09-01 06:00:00,false
3906,PMT-3906,VendPmt,2023-09-01,107,1,1,Posted,Payment run 2023-09-01,2023-09-06 03:00:00,false
3907,PMT-3907,VendPmt,2023-09-01,108,1,1,Posted,Payment run 2023-09-01,2023-09-07 15:00:00,false
3908,PMT-3908,VendPmt,2023-09-01,109,1,1,Posted,Payment run 2023-09-01,2023-09-03 05:00:00,false
3909,PMT-3909,VendPmt,2023-09-01,112,1,1,Posted,Payment run 2023-09-01,2023-09-01 21:00:00,false
3910,PMT-3910,VendPmt,2023-09-15,101,1,1,Posted,Payment run 2023-09-15,2023-09-22 09:00:00,false
3911,PMT-3911,VendPmt,2023-09-15,102,1,1,Posted,Payment run 2023-09-15,2023-09-18 02:00:00,false
3912,PMT-3912,VendPmt,2023-09-15,103,1,1,Posted,Payment run 2023-09-15,2023-09-23 07:00:00,false
3913,PMT-3913,VendPmt,2023-09-15,104,1,1,Posted,Payment run 2023-09-15,2023-09-16 02:00:00,false
3914,PMT-3914,VendPmt,2023-09-15,106,2,0.710000,Posted,Payment run 2023-09-15,2023-09-16 11:00:00,false
3915,PMT-3915,VendPmt,2023-09-15,107,1,1,Posted,Payment run 2023-09-15,2023-09-15 12:00:00,false
3916,PMT-3916,VendPmt,2023-09-15,108,1,1,Posted,Payment run 2023-09-15,2023-09-18 17:00:00,false
3917,PMT-3917,VendPmt,2023-09-15,110,1,1,Posted,Payment run 2023-09-15,2023-09-17 07:00:00,false
3918,PMT-3918,VendPmt,2023-09-15,111,1,1,Posted,Payment run 2023-09-15,2023-09-17 08:00:00,false
3919,PMT-3919,VendPmt,2023-09-15,112,1,1,Posted,Payment run 2023-09-15,2023-09-22 15:00:00,false
3920,PMT-3920,VendPmt,2023-10-01,101,1,1,Posted,Payment run 2023-10-01,2023-10-07 06:00:00,false
3921,PMT-3921,VendPmt,2023-10-01,102,1,1,Posted,Payment run 2023-10-01,2023-10-03 11:00:00,false
3922,PMT-3922,VendPmt,2023-10-01,103,1,1,Posted,Payment run 2023-10-01,2023-10-04 19:00:00,false
3923,PMT-3923,VendPmt,2023-10-01,104,1,1,Posted,Payment run 2023-10-01,2023-10-04 04:00:00,false
3924,PMT-3924,VendPmt,2023-10-01,105,2,0.710000,Posted,Payment run 2023-10-01,2023-10-07 09:00:00,false
3925,PMT-3925,VendPmt,2023-10-01,106,2,0.710000,Posted,Payment run 2023-10-01,2023-10-03 11:00:00,false
3926,PMT-3926,VendPmt,2023-10-01,108,1,1,Posted,Payment run 2023-10-01,2023-10-02 15:00:00,false
3927,PMT-3927,VendPmt,2023-10-01,109,1,1,Posted,Payment run 2023-10-01,2023-10-02 03:00:00,false
3928,PMT-3928,VendPmt,2023-10-01,112,1,1,Posted,Payment run 2023-10-01,2023-10-05 13:00:00,false
3929,PMT-3929,VendPmt,2023-10-15,101,1,1,Posted,Payment run 2023-10-15,2023-10-21 19:00:00,false
3930,PMT-3930,VendPmt,2023-10-15,102,1,1,Posted,Payment run 2023-10-15,2023-10-21 23:00:00,false
3931,PMT-3931,VendPmt,2023-10-15,103,1,1,Posted,Payment run 2023-10-15,2023-10-21 23:00:00,false
3932,PMT-3932,VendPmt,2023-10-15,108,1,1,Posted,Payment run 2023-10-15,2023-10-19 12:00:00,false
3933,PMT-3933,VendPmt,2023-10-15,109,1,1,Posted,Payment run 2023-10-15,2023-10-16 06:00:00,false
3934,PMT-3934,VendPmt,2023-10-15,110,1,1,Posted,Payment run 2023-10-15,2023-10-21 09:00:00,false
3935,PMT-3935,VendPmt,2023-10-15,111,1,1,Posted,Payment run 2023-10-15,2023-10-17 09:00:00,false
3936,PMT-3936,VendPmt,2023-10-15,112,1,1,Posted,Payment run 2023-10-15,2023-10-23 08:00:00,false
3937,PMT-3937,VendPmt,2023-11-01,101,1,1,Posted,Payment run 2023-11-01,2023-11-07 22:00:00,false
3938,PMT-3938,VendPmt,2023-11-01,102,1,1,Posted,Payment run 2023-11-01,2023-11-05 23:00:00,false
3939,PMT-3939,VendPmt,2023-11-01,103,1,1,Posted,Payment run 2023-11-01,2023-11-03 10:00:00,false
3940,PMT-3940,VendPmt,2023-11-01,104,1,1,Posted,Payment run 2023-11-01,2023-11-05 14:00:00,false
3941,PMT-3941,VendPmt,2023-11-01,105,2,0.721625,Posted,Payment run 2023-11-01,2023-11-02 13:00:00,false
3942,PMT-3942,VendPmt,2023-11-01,106,2,0.721625,Posted,Payment run 2023-11-01,2023-11-03 08:00:00,false
3943,PMT-3943,VendPmt,2023-11-01,107,1,1,Posted,Payment run 2023-11-01,2023-11-01 20:00:00,false
3944,PMT-3944,VendPmt,2023-11-01,108,1,1,Posted,Payment run 2023-11-01,2023-11-03 18:00:00,false
3945,PMT-3945,VendPmt,2023-11-01,111,1,1,Posted,Payment run 2023-11-01,2023-11-06 13:00:00,false
3946,PMT-3946,VendPmt,2023-11-01,112,1,1,Posted,Payment run 2023-11-01,2023-11-03 23:00:00,false
3947,PMT-3947,VendPmt,2023-11-15,101,1,1,Posted,Payment run 2023-11-15,2023-11-18 04:00:00,false
3948,PMT-3948,VendPmt,2023-11-15,102,1,1,Posted,Payment run 2023-11-15,2023-11-18 14:00:00,false
3949,PMT-3949,VendPmt,2023-11-15,103,1,1,Posted,Payment run 2023-11-15,2023-11-17 05:00:00,false
3950,PMT-3950,VendPmt,2023-11-15,104,1,1,Posted,Payment run 2023-11-15,2023-11-18 15:00:00,false
3951,PMT-3951,VendPmt,2023-11-15,105,2,0.727895,Posted,Payment run 2023-11-15,2023-11-17 03:00:00,false
3952,PMT-3952,VendPmt,2023-11-15,107,1,1,Posted,Payment run 2023-11-15,2023-11-17 10:00:00,false
3953,PMT-3953,VendPmt,2023-11-15,108,1,1,Posted,Payment run 2023-11-15,2023-11-20 02:00:00,false
3954,PMT-3954,VendPmt,2023-11-15,110,1,1,Posted,Payment run 2023-11-15,2023-11-22 15:00:00,false
3955,PMT-3955,VendPmt,2023-11-15,112,1,1,Posted,Payment run 2023-11-15,2023-11-19 15:00:00,false
3956,PMT-3956,VendPmt,2023-12-01,101,1,1,Posted,Payment run 2023-12-01,2023-12-07 12:00:00,false
3957,PMT-3957,VendPmt,2023-12-01,102,1,1,Posted,Payment run 2023-12-01,2023-12-05 15:00:00,false
3958,PMT-3958,VendPmt,2023-12-01,103,1,1,Posted,Payment run 2023-12-01,2023-12-03 05:00:00,false
3959,PMT-3959,VendPmt,2023-12-01,104,1,1,Posted,Payment run 2023-12-01,2023-12-05 23:00:00,false
3960,PMT-3960,VendPmt,2023-12-01,105,2,0.729756,Posted,Payment run 2023-12-01,2023-12-06 14:00:00,false
3961,PMT-3961,VendPmt,2023-12-01,106,2,0.729756,Posted,Payment run 2023-12-01,2023-12-07 14:00:00,false
3962,PMT-3962,VendPmt,2023-12-01,107,1,1,Posted,Payment run 2023-12-01,2023-12-07 16:00:00,false
3963,PMT-3963,VendPmt,2023-12-01,108,1,1,Posted,Payment run 2023-12-01,2023-12-08 14:00:00,false
3964,PMT-3964,VendPmt,2023-12-01,109,1,1,Posted,Payment run 2023-12-01,2023-12-01 04:00:00,false
3965,PMT-3965,VendPmt,2023-12-01,111,1,1,Posted,Payment run 2023-12-01,2023-12-02 07:00:00,false
3966,PMT-3966,VendPmt,2023-12-01,112,1,1,Posted,Payment run 2023-12-01,2023-12-02 22:00:00,false
3967,PMT-3967,VendPmt,2023-12-15,101,1,1,Posted,Payment run 2023-12-15,2023-12-22 22:00:00,false
3968,PMT-3968,VendPmt,2023-12-15,102,1,1,Posted,Payment run 2023-12-15,2023-12-21 05:00:00,false
3969,PMT-3969,VendPmt,2023-12-15,103,1,1,Posted,Payment run 2023-12-15,2023-12-16 11:00:00,false
3970,PMT-3970,VendPmt,2023-12-15,104,1,1,Posted,Payment run 2023-12-15,2023-12-19 21:00:00,false
3971,PMT-3971,VendPmt,2023-12-15,105,2,0.732239,Posted,Payment run 2023-12-15,2023-12-22 20:00:00,false
3972,PMT-3972,VendPmt,2023-12-15,106,2,0.732239,Posted,Payment run 2023-12-15,2023-12-17 04:00:00,false
3973,PMT-3973,VendPmt,2023-12-15,107,1,1,Posted,Payment run 2023-12-15,2023-12-19 09:00:00,false
3974,PMT-3974,VendPmt,2023-12-15,108,1,1,Posted,Payment run 2023-12-15,2023-12-17 00:00:00,false
3975,PMT-3975,VendPmt,2023-12-15,109,1,1,Posted,Payment run 2023-12-15,2023-12-18 13:00:00,false
3976,PMT-3976,VendPmt,2023-12-15,110,1,1,Posted,Payment run 2023-12-15,2023-12-17 16:00:00,false
3977,PMT-3977,VendPmt,2023-12-15,111,1,1,Posted,Payment run 2023-12-15,2023-12-23 08:00:00,false
3978,PMT-3978,VendPmt,2023-12-15,112,1,1,Posted,Payment run 2023-12-15,2023-12-18 03:00:00,false
3979,PMT-3979,VendPmt,2024-01-01,101,1,1,Posted,Payment run 2024-01-01,2024-01-07 07:00:00,false
3980,PMT-3980,VendPmt,2024-01-01,102,1,1,Posted,Payment run 2024-01-01,2024-01-08 01:00:00,false
3981,PMT-3981,VendPmt,2024-01-01,103,1,1,Posted,Payment run 2024-01-01,2024-01-01 08:00:00,false
3982,PMT-3982,VendPmt,2024-01-01,104,1,1,Posted,Payment run 2024-01-01,2024-01-02 03:00:00,false
3983,PMT-3983,VendPmt,2024-01-01,105,2,0.716668,Posted,Payment run 2024-01-01,2024-01-02 20:00:00,false
3984,PMT-3984,VendPmt,2024-01-01,106,2,0.716668,Posted,Payment run 2024-01-01,2024-01-02 01:00:00,false
3985,PMT-3985,VendPmt,2024-01-01,107,1,1,Posted,Payment run 2024-01-01,2024-01-02 00:00:00,false
3986,PMT-3986,VendPmt,2024-01-01,108,1,1,Posted,Payment run 2024-01-01,2024-01-07 14:00:00,false
3987,PMT-3987,VendPmt,2024-01-01,111,1,1,Posted,Payment run 2024-01-01,2024-01-07 13:00:00,false
3988,PMT-3988,VendPmt,2024-01-01,112,1,1,Posted,Payment run 2024-01-01,2024-01-04 17:00:00,false
3989,PMT-3989,VendPmt,2024-01-15,101,1,1,Posted,Payment run 2024-01-15,2024-01-22 07:00:00,false
3990,PMT-3990,VendPmt,2024-01-15,102,1,1,Posted,Payment run 2024-01-15,2024-01-22 12:00:00,false
3991,PMT-3991,VendPmt,2024-01-15,103,1,1,Posted,Payment run 2024-01-15,2024-01-22 01:00:00,false
3992,PMT-3992,VendPmt,2024-01-15,104,1,1,Posted,Payment run 2024-01-15,2024-01-18 23:00:00,false
3993,PMT-3993,VendPmt,2024-01-15,105,2,0.722218,Posted,Payment run 2024-01-15,2024-01-18 12:00:00,false
3994,PMT-3994,VendPmt,2024-01-15,107,1,1,Posted,Payment run 2024-01-15,2024-01-20 03:00:00,false
3995,PMT-3995,VendPmt,2024-01-15,108,1,1,Posted,Payment run 2024-01-15,2024-01-22 03:00:00,false
3996,PMT-3996,VendPmt,2024-01-15,109,1,1,Posted,Payment run 2024-01-15,2024-01-19 08:00:00,false
3997,PMT-3997,VendPmt,2024-01-15,110,1,1,Posted,Payment run 2024-01-15,2024-01-23 03:00:00,false
3998,PMT-3998,VendPmt,2024-01-15,112,1,1,Posted,Payment run 2024-01-15,2024-01-22 15:00:00,false
3999,PMT-3999,VendPmt,2024-02-01,101,1,1,Posted,Payment run 2024-02-01,2024-02-07 02:00:00,false
4000,PMT-4000,VendPmt,2024-02-01,102,1,1,Posted,Payment run 2024-02-01,2024-02-08 23:00:00,false
4001,PMT-4001,VendPmt,2024-02-01,103,1,1,Posted,Payment run 2024-02-01,2024-02-02 08:00:00,false
4002,PMT-4002,VendPmt,2024-02-01,104,1,1,Posted,Payment run 2024-02-01,2024-02-06 02:00:00,false
4003,PMT-4003,VendPmt,2024-02-01,105,2,0.717463,Posted,Payment run 2024-02-01,2024-02-09 06:00:00,false
4004,PMT-4004,VendPmt,2024-02-01,106,2,0.717463,Posted,Payment run 2024-02-01,2024-02-06 06:00:00,false
4005,PMT-4005,VendPmt,2024-02-01,107,1,1,Posted,Payment run 2024-02-01,2024-02-07 09:00:00,false
4006,PMT-4006,VendPmt,2024-02-01,108,1,1,Posted,Payment run 2024-02-01,2024-02-08 19:00:00,false
4007,PMT-4007,VendPmt,2024-02-01,111,1,1,Posted,Payment run 2024-02-01,2024-02-06 18:00:00,false
4008,PMT-4008,VendPmt,2024-02-01,112,1,1,Posted,Payment run 2024-02-01,2024-02-08 14:00:00,false
4009,PMT-4009,VendPmt,2024-02-15,101,1,1,Posted,Payment run 2024-02-15,2024-02-19 08:00:00,false
4010,PMT-4010,VendPmt,2024-02-15,102,1,1,Posted,Payment run 2024-02-15,2024-02-15 11:00:00,false
4011,PMT-4011,VendPmt,2024-02-15,103,1,1,Posted,Payment run 2024-02-15,2024-02-19 06:00:00,false
4012,PMT-4012,VendPmt,2024-02-15,104,1,1,Posted,Payment run 2024-02-15,2024-02-19 09:00:00,false
4013,PMT-4013,VendPmt,2024-02-15,105,2,0.710000,Posted,Payment run 2024-02-15,2024-02-16 17:00:00,false
4014,PMT-4014,VendPmt,2024-02-15,107,1,1,Posted,Payment run 2024-02-15,2024-02-15 17:00:00,false
4015,PMT-4015,VendPmt,2024-02-15,108,1,1,Posted,Payment run 2024-02-15,2024-02-20 03:00:00,false
4016,PMT-4016,VendPmt,2024-02-15,109,1,1,Posted,Payment run 2024-02-15,2024-12-31 23:40:00,true
4017,PMT-4017,VendPmt,2024-02-15,110,1,1,Posted,Payment run 2024-02-15,2024-02-16 03:00:00,false
4018,PMT-4018,VendPmt,2024-02-15,112,1,1,Posted,Payment run 2024-02-15,2024-02-19 21:00:00,false
4019,PMT-4019,VendPmt,2024-03-01,101,1,1,Posted,Payment run 2024-03-01,2024-03-08 12:00:00,false
4020,PMT-4020,VendPmt,2024-03-01,102,1,1,Posted,Payment run 2024-03-01,2024-03-07 08:00:00,false
4021,PMT-4021,VendPmt,2024-03-01,103,1,1,Posted,Payment run 2024-03-01,2024-03-01 12:00:00,false
4022,PMT-4022,VendPmt,2024-03-01,104,1,1,Posted,Payment run 2024-03-01,2024-03-06 16:00:00,false
4023,PMT-4023,VendPmt,2024-03-01,105,2,0.715756,Posted,Payment run 2024-03-01,2024-03-01 23:00:00,false
4024,PMT-4024,VendPmt,2024-03-01,106,2,0.715756,Posted,Payment run 2024-03-01,2024-03-02 09:00:00,false
4025,PMT-4025,VendPmt,2024-03-01,107,1,1,Posted,Payment run 2024-03-01,2024-03-03 23:00:00,false
4026,PMT-4026,VendPmt,2024-03-01,108,1,1,Posted,Payment run 2024-03-01,2024-03-07 18:00:00,false
4027,PMT-4027,VendPmt,2024-03-01,112,1,1,Posted,Payment run 2024-03-01,2024-03-02 08:00:00,false
4028,PMT-4028,VendPmt,2024-03-15,101,1,1,Posted,Payment run 2024-03-15,2024-03-22 06:00:00,false
4029,PMT-4029,VendPmt,2024-03-15,102,1,1,Posted,Payment run 2024-03-15,2024-03-22 22:00:00,false
4030,PMT-4030,VendPmt,2024-03-15,103,1,1,Posted,Payment run 2024-03-15,2024-03-18 04:00:00,false
4031,PMT-4031,VendPmt,2024-03-15,104,1,1,Posted,Payment run 2024-03-15,2024-03-22 11:00:00,false
4032,PMT-4032,VendPmt,2024-03-15,107,1,1,Posted,Payment run 2024-03-15,2024-03-15 23:00:00,false
4033,PMT-4033,VendPmt,2024-03-15,108,1,1,Posted,Payment run 2024-03-15,2024-03-21 03:00:00,false
4034,PMT-4034,VendPmt,2024-03-15,110,1,1,Posted,Payment run 2024-03-15,2024-03-17 14:00:00,false
4035,PMT-4035,VendPmt,2024-03-15,111,1,1,Posted,Payment run 2024-03-15,2024-03-16 14:00:00,false
4036,PMT-4036,VendPmt,2024-03-15,112,1,1,Posted,Payment run 2024-03-15,2024-03-23 07:00:00,false
4037,PMT-4037,VendPmt,2024-04-01,101,1,1,Posted,Payment run 2024-04-01,2024-04-02 12:00:00,false
4038,PMT-4038,VendPmt,2024-04-01,102,1,1,Posted,Payment run 2024-04-01,2024-04-03 20:00:00,false
4039,PMT-4039,VendPmt,2024-04-01,103,1,1,Posted,Payment run 2024-04-01,2024-04-04 15:00:00,false
4040,PMT-4040,VendPmt,2024-04-01,104,1,1,Posted,Payment run 2024-04-01,2024-04-02 15:00:00,false
4041,PMT-4041,VendPmt,2024-04-01,105,2,0.717864,Posted,Payment run 2024-04-01,2024-04-02 13:00:00,false
4042,PMT-4042,VendPmt,2024-04-01,106,2,0.717864,Posted,Payment run 2024-04-01,2024-04-01 01:00:00,false
4043,PMT-4043,VendPmt,2024-04-01,107,1,1,Posted,Payment run 2024-04-01,2024-04-07 16:00:00,false
4044,PMT-4044,VendPmt,2024-04-01,109,1,1,Posted,Payment run 2024-04-01,2024-04-05 11:00:00,false
4045,PMT-4045,VendPmt,2024-04-01,112,1,1,Posted,Payment run 2024-04-01,2024-04-07 15:00:00,false
4046,PMT-4046,VendPmt,2024-04-15,101,1,1,Posted,Payment run 2024-04-15,2024-04-15 19:00:00,false
4047,PMT-4047,VendPmt,2024-04-15,102,1,1,Posted,Payment run 2024-04-15,2024-04-22 23:00:00,false
4048,PMT-4048,VendPmt,2024-04-15,103,1,1,Posted,Payment run 2024-04-15,2024-04-16 16:00:00,false
4049,PMT-4049,VendPmt,2024-04-15,106,2,0.731597,Posted,Payment run 2024-04-15,2024-04-18 02:00:00,false
4050,PMT-4050,VendPmt,2024-04-15,107,1,1,Posted,Payment run 2024-04-15,2024-04-22 01:00:00,false
4051,PMT-4051,VendPmt,2024-04-15,108,1,1,Posted,Payment run 2024-04-15,2024-04-20 16:00:00,false
4052,PMT-4052,VendPmt,2024-04-15,110,1,1,Posted,Payment run 2024-04-15,2024-04-16 15:00:00,false
4053,PMT-4053,VendPmt,2024-04-15,111,1,1,Posted,Payment run 2024-04-15,2024-04-18 18:00:00,false
4054,PMT-4054,VendPmt,2024-04-15,112,1,1,Posted,Payment run 2024-04-15,2024-04-16 03:00:00,false
4055,PMT-4055,VendPmt,2024-05-01,101,1,1,Posted,Payment run 2024-05-01,2024-05-03 02:00:00,false
4056,PMT-4056,VendPmt,2024-05-01,102,1,1,Posted,Payment run 2024-05-01,2024-05-06 23:00:00,false
4057,PMT-4057,VendPmt,2024-05-01,103,1,1,Posted,Payment run 2024-05-01,2024-05-03 23:00:00,false
4058,PMT-4058,VendPmt,2024-05-01,104,1,1,Posted,Payment run 2024-05-01,2024-05-02 01:00:00,false
4059,PMT-4059,VendPmt,2024-05-01,105,2,0.723468,Posted,Payment run 2024-05-01,2024-05-05 03:00:00,false
4060,PMT-4060,VendPmt,2024-05-01,106,2,0.723468,Posted,Payment run 2024-05-01,2024-05-08 04:00:00,false
4061,PMT-4061,VendPmt,2024-05-01,109,1,1,Posted,Payment run 2024-05-01,2024-05-04 09:00:00,false
4062,PMT-4062,VendPmt,2024-05-01,112,1,1,Posted,Payment run 2024-05-01,2024-05-03 02:00:00,false
4063,PMT-4063,VendPmt,2024-05-15,101,1,1,Posted,Payment run 2024-05-15,2024-05-17 13:00:00,false
4064,PMT-4064,VendPmt,2024-05-15,102,1,1,Posted,Payment run 2024-05-15,2024-05-23 07:00:00,false
4065,PMT-4065,VendPmt,2024-05-15,103,1,1,Posted,Payment run 2024-05-15,2024-05-17 21:00:00,false
4066,PMT-4066,VendPmt,2024-05-15,104,1,1,Posted,Payment run 2024-05-15,2024-05-18 11:00:00,false
4067,PMT-4067,VendPmt,2024-05-15,107,1,1,Posted,Payment run 2024-05-15,2024-05-21 21:00:00,false
4068,PMT-4068,VendPmt,2024-05-15,110,1,1,Posted,Payment run 2024-05-15,2024-05-17 11:00:00,false
4069,PMT-4069,VendPmt,2024-05-15,111,1,1,Posted,Payment run 2024-05-15,2024-05-18 00:00:00,false
4070,PMT-4070,VendPmt,2024-05-15,112,1,1,Posted,Payment run 2024-05-15,2024-05-21 13:00:00,false
4071,PMT-4071,VendPmt,2024-06-01,101,1,1,Posted,Payment run 2024-06-01,2024-06-07 05:00:00,false
4072,PMT-4072,VendPmt,2024-06-01,102,1,1,Posted,Payment run 2024-06-01,2024-06-07 07:00:00,false
4073,PMT-4073,VendPmt,2024-06-01,103,1,1,Posted,Payment run 2024-06-01,2024-06-07 03:00:00,false
4074,PMT-4074,VendPmt,2024-06-01,104,1,1,Posted,Payment run 2024-06-01,2024-06-08 01:00:00,false
4075,PMT-4075,VendPmt,2024-06-01,105,2,0.720856,Posted,Payment run 2024-06-01,2024-06-05 00:00:00,false
4076,PMT-4076,VendPmt,2024-06-01,106,2,0.720856,Posted,Payment run 2024-06-01,2024-06-04 07:00:00,false
4077,PMT-4077,VendPmt,2024-06-01,107,1,1,Posted,Payment run 2024-06-01,2024-06-08 01:00:00,false
4078,PMT-4078,VendPmt,2024-06-01,108,1,1,Posted,Payment run 2024-06-01,2024-06-04 01:00:00,false
4079,PMT-4079,VendPmt,2024-06-01,109,1,1,Posted,Payment run 2024-06-01,2024-06-01 23:00:00,false
4080,PMT-4080,VendPmt,2024-06-01,112,1,1,Posted,Payment run 2024-06-01,2024-06-05 13:00:00,false
4081,PMT-4081,VendPmt,2024-06-15,101,1,1,Posted,Payment run 2024-06-15,2024-06-22 22:00:00,false
4082,PMT-4082,VendPmt,2024-06-15,102,1,1,Posted,Payment run 2024-06-15,2024-06-23 07:00:00,false
4083,PMT-4083,VendPmt,2024-06-15,103,1,1,Posted,Payment run 2024-06-15,2024-06-17 07:00:00,false
4084,PMT-4084,VendPmt,2024-06-15,104,1,1,Posted,Payment run 2024-06-15,2024-06-22 21:00:00,false
4085,PMT-4085,VendPmt,2024-06-15,105,2,0.711096,Posted,Payment run 2024-06-15,2024-06-21 02:00:00,false
4086,PMT-4086,VendPmt,2024-06-15,107,1,1,Posted,Payment run 2024-06-15,2024-06-18 21:00:00,false
4087,PMT-4087,VendPmt,2024-06-15,108,1,1,Posted,Payment run 2024-06-15,2024-06-17 10:00:00,false
4088,PMT-4088,VendPmt,2024-06-15,109,1,1,Posted,Payment run 2024-06-15,2024-06-17 03:00:00,false
4089,PMT-4089,VendPmt,2024-06-15,110,1,1,Posted,Payment run 2024-06-15,2024-06-17 21:00:00,false
4090,PMT-4090,VendPmt,2024-06-15,111,1,1,Posted,Payment run 2024-06-15,2024-06-16 18:00:00,false
4091,PMT-4091,VendPmt,2024-07-01,101,1,1,Posted,Payment run 2024-07-01,2024-12-31 23:40:00,true
4092,PMT-4092,VendPmt,2024-07-01,102,1,1,Posted,Payment run 2024-07-01,2024-07-01 05:00:00,false
4093,PMT-4093,VendPmt,2024-07-01,103,1,1,Posted,Payment run 2024-07-01,2024-07-01 16:00:00,false
4094,PMT-4094,VendPmt,2024-07-01,104,1,1,Posted,Payment run 2024-07-01,2024-07-04 11:00:00,false
4095,PMT-4095,VendPmt,2024-07-01,105,2,0.713991,Posted,Payment run 2024-07-01,2024-07-08 22:00:00,false
4096,PMT-4096,VendPmt,2024-07-01,106,2,0.713991,Posted,Payment run 2024-07-01,2024-07-08 06:00:00,false
4097,PMT-4097,VendPmt,2024-07-01,107,1,1,Posted,Payment run 2024-07-01,2024-07-01 18:00:00,false
4098,PMT-4098,VendPmt,2024-07-01,111,1,1,Posted,Payment run 2024-07-01,2024-07-04 03:00:00,false
4099,PMT-4099,VendPmt,2024-07-01,112,1,1,Posted,Payment run 2024-07-01,2024-07-02 02:00:00,false
4100,PMT-4100,VendPmt,2024-07-15,101,1,1,Posted,Payment run 2024-07-15,2024-07-15 08:00:00,false
4101,PMT-4101,VendPmt,2024-07-15,102,1,1,Posted,Payment run 2024-07-15,2024-07-17 12:00:00,false
4102,PMT-4102,VendPmt,2024-07-15,103,1,1,Posted,Payment run 2024-07-15,2024-07-21 01:00:00,false
4103,PMT-4103,VendPmt,2024-07-15,104,1,1,Posted,Payment run 2024-07-15,2024-07-16 01:00:00,false
4104,PMT-4104,VendPmt,2024-07-15,106,2,0.713406,Posted,Payment run 2024-07-15,2024-07-20 21:00:00,false
4105,PMT-4105,VendPmt,2024-07-15,107,1,1,Posted,Payment run 2024-07-15,2024-07-15 21:00:00,false
4106,PMT-4106,VendPmt,2024-07-15,108,1,1,Posted,Payment run 2024-07-15,2024-07-15 10:00:00,false
4107,PMT-4107,VendPmt,2024-07-15,110,1,1,Posted,Payment run 2024-07-15,2024-07-18 13:00:00,false
4108,PMT-4108,VendPmt,2024-07-15,112,1,1,Posted,Payment run 2024-07-15,2024-07-15 07:00:00,false
4109,PMT-4109,VendPmt,2024-08-01,101,1,1,Posted,Payment run 2024-08-01,2024-08-04 16:00:00,false
4110,PMT-4110,VendPmt,2024-08-01,102,1,1,Posted,Payment run 2024-08-01,2024-08-01 23:00:00,false
4111,PMT-4111,VendPmt,2024-08-01,103,1,1,Posted,Payment run 2024-08-01,2024-08-07 06:00:00,false
4112,PMT-4112,VendPmt,2024-08-01,104,1,1,Posted,Payment run 2024-08-01,2024-08-02 18:00:00,false
4113,PMT-4113,VendPmt,2024-08-01,105,2,0.712958,Posted,Payment run 2024-08-01,2024-08-08 15:00:00,false
4114,PMT-4114,VendPmt,2024-08-01,106,2,0.712958,Posted,Payment run 2024-08-01,2024-08-08 05:00:00,false
4115,PMT-4115,VendPmt,2024-08-01,107,1,1,Posted,Payment run 2024-08-01,2024-08-04 19:00:00,false
4116,PMT-4116,VendPmt,2024-08-01,108,1,1,Posted,Payment run 2024-08-01,2024-08-03 15:00:00,false
4117,PMT-4117,VendPmt,2024-08-01,109,1,1,Posted,Payment run 2024-08-01,2024-08-08 21:00:00,false
4118,PMT-4118,VendPmt,2024-08-01,112,1,1,Posted,Payment run 2024-08-01,2024-08-01 13:00:00,false
4119,PMT-4119,VendPmt,2024-08-15,101,1,1,Posted,Payment run 2024-08-15,2024-08-17 03:00:00,false
4120,PMT-4120,VendPmt,2024-08-15,102,1,1,Posted,Payment run 2024-08-15,2024-08-22 14:00:00,false
4121,PMT-4121,VendPmt,2024-08-15,103,1,1,Posted,Payment run 2024-08-15,2024-08-15 08:00:00,false
4122,PMT-4122,VendPmt,2024-08-15,105,2,0.723090,Posted,Payment run 2024-08-15,2024-08-19 14:00:00,false
4123,PMT-4123,VendPmt,2024-08-15,106,2,0.723090,Posted,Payment run 2024-08-15,2024-08-19 05:00:00,false
4124,PMT-4124,VendPmt,2024-08-15,107,1,1,Posted,Payment run 2024-08-15,2024-08-18 13:00:00,false
4125,PMT-4125,VendPmt,2024-08-15,108,1,1,Posted,Payment run 2024-08-15,2024-08-18 09:00:00,false
4126,PMT-4126,VendPmt,2024-08-15,109,1,1,Posted,Payment run 2024-08-15,2024-08-21 08:00:00,false
4127,PMT-4127,VendPmt,2024-08-15,110,1,1,Posted,Payment run 2024-08-15,2024-08-20 12:00:00,false
4128,PMT-4128,VendPmt,2024-08-15,111,1,1,Posted,Payment run 2024-08-15,2024-08-18 07:00:00,false
4129,PMT-4129,VendPmt,2024-08-15,112,1,1,Posted,Payment run 2024-08-15,2024-08-16 12:00:00,false
4130,PMT-4130,VendPmt,2024-09-01,101,1,1,Posted,Payment run 2024-09-01,2024-09-02 07:00:00,false
4131,PMT-4131,VendPmt,2024-09-01,102,1,1,Posted,Payment run 2024-09-01,2024-09-02 15:00:00,false
4132,PMT-4132,VendPmt,2024-09-01,103,1,1,Posted,Payment run 2024-09-01,2024-09-02 15:00:00,false
4133,PMT-4133,VendPmt,2024-09-01,104,1,1,Posted,Payment run 2024-09-01,2024-09-07 04:00:00,false
4134,PMT-4134,VendPmt,2024-09-01,105,2,0.722870,Posted,Payment run 2024-09-01,2024-09-08 05:00:00,false
4135,PMT-4135,VendPmt,2024-09-01,106,2,0.722870,Posted,Payment run 2024-09-01,2024-09-02 23:00:00,false
4136,PMT-4136,VendPmt,2024-09-01,107,1,1,Posted,Payment run 2024-09-01,2024-09-02 13:00:00,false
4137,PMT-4137,VendPmt,2024-09-01,108,1,1,Posted,Payment run 2024-09-01,2024-09-02 09:00:00,false
4138,PMT-4138,VendPmt,2024-09-01,112,1,1,Posted,Payment run 2024-09-01,2024-09-05 12:00:00,false
4139,PMT-4139,VendPmt,2024-09-15,101,1,1,Posted,Payment run 2024-09-15,2024-09-17 20:00:00,false
4140,PMT-4140,VendPmt,2024-09-15,102,1,1,Posted,Payment run 2024-09-15,2024-09-18 01:00:00,false
4141,PMT-4141,VendPmt,2024-09-15,107,1,1,Posted,Payment run 2024-09-15,2024-09-20 04:00:00,false
4142,PMT-4142,VendPmt,2024-09-15,108,1,1,Posted,Payment run 2024-09-15,2024-09-20 04:00:00,false
4143,PMT-4143,VendPmt,2024-09-15,109,1,1,Posted,Payment run 2024-09-15,2024-09-15 16:00:00,false
4144,PMT-4144,VendPmt,2024-09-15,110,1,1,Posted,Payment run 2024-09-15,2024-09-20 01:00:00,false
4145,PMT-4145,VendPmt,2024-09-15,111,1,1,Posted,Payment run 2024-09-15,2024-09-18 19:00:00,false
4146,PMT-4146,VendPmt,2024-09-15,112,1,1,Posted,Payment run 2024-09-15,2024-09-15 20:00:00,false
4147,PMT-4147,VendPmt,2024-10-01,101,1,1,Posted,Payment run 2024-10-01,2024-10-06 11:00:00,false
4148,PMT-4148,VendPmt,2024-10-01,102,1,1,Posted,Payment run 2024-10-01,2024-10-07 06:00:00,false
4149,PMT-4149,VendPmt,2024-10-01,103,1,1,Posted,Payment run 2024-10-01,2024-10-01 17:00:00,false
4150,PMT-4150,VendPmt,2024-10-01,104,1,1,Posted,Payment run 2024-10-01,2024-10-09 03:00:00,false
4151,PMT-4151,VendPmt,2024-10-01,105,2,0.730149,Posted,Payment run 2024-10-01,2024-10-03 04:00:00,false
4152,PMT-4152,VendPmt,2024-10-01,106,2,0.730149,Posted,Payment run 2024-10-01,2024-10-06 19:00:00,false
4153,PMT-4153,VendPmt,2024-10-01,108,1,1,Posted,Payment run 2024-10-01,2024-10-08 06:00:00,false
4154,PMT-4154,VendPmt,2024-10-01,111,1,1,Posted,Payment run 2024-10-01,2024-10-05 16:00:00,false
4155,PMT-4155,VendPmt,2024-10-01,112,1,1,Posted,Payment run 2024-10-01,2024-10-06 14:00:00,false
4156,PMT-4156,VendPmt,2024-10-15,101,1,1,Posted,Payment run 2024-10-15,2024-10-17 14:00:00,false
4157,PMT-4157,VendPmt,2024-10-15,102,1,1,Posted,Payment run 2024-10-15,2024-10-23 05:00:00,false
4158,PMT-4158,VendPmt,2024-10-15,104,1,1,Posted,Payment run 2024-10-15,2024-10-17 18:00:00,false
4159,PMT-4159,VendPmt,2024-10-15,107,1,1,Posted,Payment run 2024-10-15,2024-10-16 04:00:00,false
4160,PMT-4160,VendPmt,2024-10-15,108,1,1,Posted,Payment run 2024-10-15,2024-10-23 03:00:00,false
4161,PMT-4161,VendPmt,2024-10-15,109,1,1,Posted,Payment run 2024-10-15,2024-10-15 01:00:00,false
4162,PMT-4162,VendPmt,2024-10-15,110,1,1,Posted,Payment run 2024-10-15,2024-10-16 22:00:00,false
4163,PMT-4163,VendPmt,2024-10-15,112,1,1,Posted,Payment run 2024-10-15,2024-10-17 15:00:00,false
4164,PMT-4164,VendPmt,2024-11-01,101,1,1,Posted,Payment run 2024-11-01,2024-11-04 05:00:00,false
4165,PMT-4165,VendPmt,2024-11-01,102,1,1,Posted,Payment run 2024-11-01,2024-11-06 07:00:00,false
4166,PMT-4166,VendPmt,2024-11-01,103,1,1,Posted,Payment run 2024-11-01,2024-11-08 17:00:00,false
4167,PMT-4167,VendPmt,2024-11-01,104,1,1,Posted,Payment run 2024-11-01,2024-11-08 06:00:00,false
4168,PMT-4168,VendPmt,2024-11-01,105,2,0.723629,Posted,Payment run 2024-11-01,2024-11-04 03:00:00,false
4169,PMT-4169,VendPmt,2024-11-01,106,2,0.723629,Posted,Payment run 2024-11-01,2024-11-04 06:00:00,false
4170,PMT-4170,VendPmt,2024-11-01,107,1,1,Posted,Payment run 2024-11-01,2024-11-07 10:00:00,false
4171,PMT-4171,VendPmt,2024-11-01,108,1,1,Posted,Payment run 2024-11-01,2024-11-06 10:00:00,false
4172,PMT-4172,VendPmt,2024-11-01,111,1,1,Posted,Payment run 2024-11-01,2024-11-04 20:00:00,false
4173,PMT-4173,VendPmt,2024-11-01,112,1,1,Posted,Payment run 2024-11-01,2024-11-05 17:00:00,false
4174,PMT-4174,VendPmt,2024-11-15,101,1,1,Posted,Payment run 2024-11-15,2024-11-21 01:00:00,false
4175,PMT-4175,VendPmt,2024-11-15,102,1,1,Posted,Payment run 2024-11-15,2024-11-16 02:00:00,false
4176,PMT-4176,VendPmt,2024-11-15,103,1,1,Posted,Payment run 2024-11-15,2024-11-16 14:00:00,false
4177,PMT-4177,VendPmt,2024-11-15,104,1,1,Posted,Payment run 2024-11-15,2024-11-17 10:00:00,false
4178,PMT-4178,VendPmt,2024-11-15,106,2,0.720946,Posted,Payment run 2024-11-15,2024-11-18 14:00:00,false
4179,PMT-4179,VendPmt,2024-11-15,107,1,1,Posted,Payment run 2024-11-15,2024-11-20 17:00:00,false
4180,PMT-4180,VendPmt,2024-11-15,108,1,1,Posted,Payment run 2024-11-15,2024-11-18 20:00:00,false
4181,PMT-4181,VendPmt,2024-11-15,109,1,1,Posted,Payment run 2024-11-15,2024-11-21 07:00:00,false
4182,PMT-4182,VendPmt,2024-11-15,110,1,1,Posted,Payment run 2024-11-15,2024-11-15 01:00:00,false
4183,PMT-4183,VendPmt,2024-11-15,112,1,1,Posted,Payment run 2024-11-15,2024-11-18 15:00:00,false
4184,PMT-4184,VendPmt,2024-12-01,101,1,1,Posted,Payment run 2024-12-01,2024-12-05 14:00:00,false
4185,PMT-4185,VendPmt,2024-12-01,102,1,1,Posted,Payment run 2024-12-01,2024-12-07 18:00:00,false
4186,PMT-4186,VendPmt,2024-12-01,103,1,1,Posted,Payment run 2024-12-01,2024-12-09 02:00:00,false
4187,PMT-4187,VendPmt,2024-12-01,104,1,1,Posted,Payment run 2024-12-01,2024-12-06 18:00:00,false
4188,PMT-4188,VendPmt,2024-12-01,105,2,0.722310,Posted,Payment run 2024-12-01,2024-12-06 05:00:00,false
4189,PMT-4189,VendPmt,2024-12-01,106,2,0.722310,Posted,Payment run 2024-12-01,2024-12-03 06:00:00,false
4190,PMT-4190,VendPmt,2024-12-01,107,1,1,Posted,Payment run 2024-12-01,2024-12-04 09:00:00,false
4191,PMT-4191,VendPmt,2024-12-01,108,1,1,Posted,Payment run 2024-12-01,2024-12-05 04:00:00,false
4192,PMT-4192,VendPmt,2024-12-01,112,1,1,Posted,Payment run 2024-12-01,2024-12-04 01:00:00,false
4193,PMT-4193,VendPmt,2024-12-15,101,1,1,Posted,Payment run 2024-12-15,2024-12-19 20:00:00,false
4194,PMT-4194,VendPmt,2024-12-15,102,1,1,Posted,Payment run 2024-12-15,2024-12-20 15:00:00,false
4195,PMT-4195,VendPmt,2024-12-15,103,1,1,Posted,Payment run 2024-12-15,2024-12-18 05:00:00,false
4196,PMT-4196,VendPmt,2024-12-15,104,1,1,Posted,Payment run 2024-12-15,2024-12-20 01:00:00,false
4197,PMT-4197,VendPmt,2024-12-15,105,2,0.715601,Posted,Payment run 2024-12-15,2024-12-18 09:00:00,false
4198,PMT-4198,VendPmt,2024-12-15,110,1,1,Posted,Payment run 2024-12-15,2024-12-22 23:00:00,false
4199,PMT-4199,VendPmt,2024-12-15,111,1,1,Posted,Payment run 2024-12-15,2024-12-15 19:00:00,false
4200,PMT-4200,VendPmt,2024-12-15,112,1,1,Posted,Payment run 2024-12-15,2024-12-16 18:00:00,false
4201,PMT-4201,VendPmt,2021-09-17,107,1,1,Posted,Payment run 2021-09-17,2021-09-20 18:00:00,false
4202,PMT-4202,VendPmt,2022-04-03,108,1,1,Posted,Payment run 2022-04-03,2022-04-07 01:00:00,false
4203,PMT-4203,VendPmt,2024-02-17,109,1,1,Posted,Payment run 2024-02-17,2024-02-19 01:00:00,false
4204,PMT-4204,VendPmt,2024-07-03,101,1,1,Posted,Payment run 2024-07-03,2024-07-09 09:00:00,false
