transaction,id,mainline,account,foreignamount,netamount,custcol_bf_service_area,memo,_fivetran_deleted
1001,0,T,2,-7843.03,-5976.36,,,false
1001,1,F,4,1804.32,1374.89,SA-01,,false
1001,2,F,4,2185.91,1665.66,SA-02,,false
1001,3,F,4,259.31,197.59,SA-03,,false
1001,4,F,4,2904.78,2213.43,SA-04,,false
1001,5,F,4,688.71,524.79,SA-05,,false
1002,0,T,2,-7190.20,-7190.20,,,false
1002,1,F,7,1274.55,1274.55,SA-01,,false
1002,2,F,7,1589.03,1589.03,SA-07,,false
1002,3,F,7,1135.66,1135.66,SA-13,,false
1002,4,F,7,1964.86,1964.86,SA-19,,false
1002,5,F,7,1226.10,1226.10,SA-25,,false
1003,0,T,2,-1816.59,-1816.59,,,false
1003,1,F,3,1816.59,1816.59,SA-08,,false
1004,0,T,2,-2035.75,-2035.75,,,false
1004,1,F,5,499.41,499.41,,,false
1004,2,F,5,548.76,548.76,SA-02,,false
1004,3,F,5,84.06,84.06,SA-03,,false
1004,4,F,5,665.65,665.65,SA-04,,false
1004,5,F,5,237.87,237.87,SA-05,,false
1005,0,T,2,-476.06,-476.06,,,false
1005,1,F,5,237.45,237.45,SA-06,,false
1005,2,F,5,140.03,140.03,SA-08,,false
1005,3,F,5,98.58,98.58,SA-10,,false
1006,0,T,2,-1989.14,-1989.14,,,false
1006,1,F,5,149.44,149.44,SA-16,,false
1006,2,F,5,656.55,656.55,SA-17,,false
1006,3,F,5,237.53,237.53,SA-18,,false
1006,4,F,5,465.29,465.29,SA-19,,false
1006,5,F,5,480.33,480.33,SA-20,,false
1007,0,T,2,-6844.90,-5198.50,,,false
1007,1,F,4,665.27,505.25,SA-16,,false
1007,2,F,4,2235.59,1697.86,SA-17,,false
1007,3,F,4,873.88,663.69,SA-18,,false
1007,4,F,4,1397.92,1061.68,SA-19,,false
1007,5,F,4,1672.24,1270.02,SA-20,,false
1008,0,T,2,-2645.35,-2645.35,,,false
1008,1,F,3,2565.65,2565.65,SA-18,,false
1008,2,F,8,79.70,79.70,,,false
1009,0,T,2,-1218.75,-1218.75,,,false
1009,1,F,5,536.20,536.20,SA-01,,false
1009,2,F,5,220.14,220.14,SA-03,,false
1009,3,F,5,310.68,310.68,SA-04,,false
1009,4,F,5,151.73,151.73,SA-05,,false
1010,0,T,2,-1147.69,-1147.69,,,false
1010,1,F,5,150.88,150.88,SA-06,,false
1010,2,F,5,197.11,197.11, SA-07,,false
1010,3,F,5,631.52,631.52,SA-08,,false
1010,4,F,5,90.12,90.12,SA-09,,false
1010,5,F,5,78.06,78.06,SA-10,,false
1011,0,T,2,-7157.69,-7157.69,,,false
1011,1,F,3,6921.95,6921.95,SA-17,,false
1011,2,F,8,235.74,235.74,,,false
1012,0,T,2,-4225.36,-4225.36,,,false
1012,1,F,3,4113.59,4113.59,SA-19,,false
1012,2,F,8,111.77,111.77,,,false
1013,0,T,2,-291.55,-291.55,,,false
1013,1,F,5,76.76,76.76,SA-27,,false
1013,2,F,5,214.79,214.79,SA-30,,false
1014,0,T,2,-1456.04,-1456.04,,,false
1014,1,F,5,299.95,299.95,SA-16,,false
1014,2,F,5,183.74,183.74,sa-17,,false
1014,3,F,5,341.29,341.29,SA-18,,false
1014,4,F,5,465.67,465.67,SA-19,,false
1014,5,F,5,165.39,165.39,SA-20,,false
1015,0,T,2,-2102.48,-2102.48,,,false
1015,1,F,3,2102.48,2102.48,SA-16,,false
1016,0,T,2,-13432.75,-13432.75,,,false
1016,1,F,6,13432.75,13432.75,,,false
1017,0,T,2,-2930.68,-2930.68,,,false
1017,1,F,3,630.25,630.25,SA-01,,false
1017,2,F,3,925.03,925.03,SA-02,,false
1017,3,F,3,95.99,95.99,SA-03,,false
1017,4,F,3,989.66,989.66,SA-04,,false
1017,5,F,3,289.75,289.75,SA-05,,false
1018,0,T,2,-2356.19,-2356.19,,,false
1018,1,F,3,2248.72,2248.72,SA-05,,false
1018,2,F,8,107.47,107.47,,,false
1019,0,T,2,-1802.88,-1349.25,,,false
1019,1,F,4,861.92,645.05,SA-06,,false
1019,2,F,4,644.60,482.41,SA-08,,false
1019,3,F,4,296.36,221.79,SA-10,,false
1020,0,T,2,-8738.20,-8738.20,,,false
1020,1,F,3,8738.20,8738.20,SA-04,,false
1021,0,T,2,-116.96,-116.96,,,false
1021,1,F,5,116.96,116.96,SA-13,,false
1022,0,T,2,-5032.73,-5032.73,,,false
1022,1,F,3,5032.73,5032.73,SA-01,,false
1023,0,T,2,-2667.80,-2667.80,,,false
1023,1,F,3,2667.80,2667.80,SA-06,,false
1024,0,T,2,-654.26,-654.26,,,false
1024,1,F,3,317.31,317.31,SA-06,,false
1024,2,F,3,213.01,213.01,SA-08,,false
1024,3,F,3,123.94,123.94,SA-10,,false
1025,0,T,2,-2481.42,-2481.42,,,false
1025,1,F,3,224.33,224.33,SA-16,,false
1025,2,F,3,873.60,873.60,SA-17,,false
1025,3,F,3,289.38,289.38,SA-18,,false
1025,4,F,3,537.10,537.10,SA-19,,false
1025,5,F,3,557.01,557.01,SA-20,,false
1026,0,T,2,-7270.57,-7270.57,,,false
1026,1,F,3,7270.57,7270.57,sa-02,,false
1027,0,T,2,-705.14,-705.14,,,false
1027,1,F,3,705.14,705.14,SA-03,,false
1028,0,T,2,-24976.24,-24976.24,,,false
1028,1,F,8,24976.24,24976.24,,,false
1029,0,T,2,-871.06,-871.06,,,false
1029,1,F,3,871.06,871.06,SA-10,,false
1030,0,T,2,-6270.79,-6270.79,,,false
1030,1,F,3,5985.01,5985.01,,,false
1030,2,F,8,285.78,285.78,,,false
1031,0,T,2,-3864.56,-2908.34,,,false
1031,1,F,4,556.36,418.70,SA-06,,false
1031,2,F,4,590.05,444.05,SA-07,,false
1031,3,F,4,2146.22,1615.17,SA-08,,false
1031,4,F,4,294.47,221.61,SA-09,,false
1031,5,F,4,277.46,208.81,SA-10,,false
1032,0,T,2,-8622.77,-8622.77,,,false
1032,1,F,7,2090.47,2090.47,SA-01,,false
1032,2,F,7,2181.78,2181.78,SA-07,,false
1032,3,F,7,1276.66,1276.66,SA-13,,false
1032,4,F,7,910.66,910.66,SA-19,,false
1032,5,F,7,2163.20,2163.20,SA-25,,false
1033,0,T,2,-849.11,-849.11,,,false
1033,1,F,3,849.11,849.11,SA-09,,false
1034,0,T,2,-1020.94,-765.34,,,false
1034,1,F,4,361.57,271.05,SA-27,,false
1034,2,F,4,659.37,494.29,SA-30,,false
1035,0,T,2,-2108.74,-2108.74,,,false
1035,1,F,3,2108.74,2108.74,SA-17,,false
1036,0,T,2,-1590.62,-1590.62,,,false
1036,1,F,5,150.37,150.37,SA-16,,false
1036,2,F,5,273.89,273.89,SA-17,,false
1036,3,F,5,322.56,322.56,SA-18,,false
1036,4,F,5,454.57,454.57,SA-19,,false
1036,5,F,5,389.23,389.23,SA-20,,false
1037,0,T,2,-4060.96,-4060.96,,,false
1037,1,F,3,4060.96,4060.96,SA-04,,false
1038,0,T,2,-2882.41,-2882.41,,,false
1038,1,F,3,2882.41,2882.41,SA-16,,false
1039,0,T,2,-1414.69,-1414.69,,,false
1039,1,F,3,1414.69,1414.69,SA-13,,false
1040,0,T,2,-4647.89,-3499.19,,,false
1040,1,F,4,2048.45,1542.19,SA-01,,false
1040,2,F,4,797.90,600.70,SA-03,,false
1040,3,F,4,1263.53,951.26,SA-04,,false
1040,4,F,4,538.01,405.04,SA-05,,false
1041,0,T,2,-1729.28,-1729.28,,,false
1041,1,F,3,1729.28,1729.28,SA-05,,false
1042,0,T,2,-5213.81,-3933.45,,,false
1042,1,F,4,941.22,710.08,SA-16,,false
1042,2,F,4,618.73,466.79,SA-17,,false
1042,3,F,4,1284.29,968.91,SA-18,,false
1042,4,F,4,1770.25,1335.53,SA-19,,false
1042,5,F,4,599.32,452.14,SA-20,,false
1043,0,T,2,-26418.07,-26418.07,,,false
1043,1,F,8,26418.07,26418.07,,,false
1044,0,T,2,-2245.23,-2245.23,,,false
1044,1,F,3,2245.23,2245.23,SA-06,,false
1045,0,T,2,-2333.62,-2333.62,,,false
1045,1,F,3,2333.62,2333.62,SA-30,,false
1046,0,T,2,-1721.87,-1721.87,,,false
1046,1,F,3,735.00,735.00,SA-01,,false
1046,2,F,3,292.46,292.46,SA-03,,false
1046,3,F,3,489.82,489.82,SA-04,,false
1046,4,F,3,204.59,204.59,SA-05,,false
1047,0,T,2,-393.15,-296.25,,,false
1047,1,F,4,393.15,296.25,SA-13,,false
1048,0,T,2,-969.06,-969.06,,,false
1048,1,F,3,969.06,969.06,SA-10,,false
1049,0,T,2,-151.77,-151.77,,,false
1049,1,F,3,151.77,151.77,SA-13,,false
1050,0,T,2,-2915.31,-2915.31,,,false
1050,1,F,3,2761.41,2761.41,SA-03,,false
1050,2,F,8,153.90,153.90,,,false
1051,0,T,2,-1836.85,-1836.85,,,false
1051,1,F,3,1836.85,1836.85,SA-20,,false
1052,0,T,2,-1098.66,-1098.66,,,false
1052,1,F,3,1098.66,1098.66,SA-27,,false
1053,0,T,2,-19514.26,-19514.26,,,false
1053,1,F,6,19514.26,19514.26,,,false
1054,0,T,2,-6987.67,-6987.67,,,false
1054,1,F,3,6987.67,6987.67,SA-08,,false
1055,0,T,2,-2128.76,-2128.76,,,false
1055,1,F,5,562.70,562.70,SA-01,,false
1055,2,F,5,165.26,165.26,sa-02,,false
1055,3,F,5,129.74,129.74,SA-03,,false
1055,4,F,5,967.94,967.94,SA-04,,false
1055,5,F,5,303.12,303.12,SA-05,,false
1056,0,T,2,-1530.36,-1530.36,,,false
1056,1,F,3,211.88,211.88,SA-06,,false
1056,2,F,3,231.26,231.26,SA-07,,false
1056,3,F,3,859.58,859.58,SA-08,,false
1056,4,F,3,104.08,104.08,SA-09,,false
1056,5,F,3,123.56,123.56, SA-10,,false
1057,0,T,2,-4898.54,-4898.54,,,false
1057,1,F,3,4898.54,4898.54,SA-18,,false
1058,0,T,2,-5961.04,-5961.04,,,false
1058,1,F,3,5961.04,5961.04,SA-19,,false
1059,0,T,2,-1610.17,-1610.17,,,false
1059,1,F,5,331.23,331.23,SA-06,,false
1059,2,F,5,390.13,390.13,SA-07,,false
1059,3,F,5,370.95,370.95,SA-08,,false
1059,4,F,5,276.45,276.45,SA-09,,false
1059,5,F,5,241.41,241.41,SA-10,,false
1060,0,T,2,-377.43,-377.43,,,false
1060,1,F,5,181.12,181.12,SA-12,,false
1060,2,F,5,196.31,196.31,SA-14,,false
1061,0,T,2,-554.79,-554.79,,,false
1061,1,F,5,180.35,180.35,sa-26 ,,false
1061,2,F,5,190.79,190.79,SA-27,,false
1061,3,F,5,183.65,183.65,SA-30,,false
1062,0,T,2,-6028.44,-6028.44,,,false
1062,1,F,3,6028.44,6028.44,SA-01,,false
1063,0,T,2,-1808.90,-1808.90,,,false
1063,1,F,3,1808.90,1808.90,SA-07 ,,false
1064,0,T,2,-378.51,-378.51,,,false
1064,1,F,3,118.43,118.43,SA-27,,false
1064,2,F,3,260.08,260.08,SA-30,,false
1065,0,T,2,-2081.87,-2081.87,,,false
1065,1,F,3,389.46,389.46,SA-16,,false
1065,2,F,3,218.58,218.58,SA-17,,false
1065,3,F,3,581.42,581.42,SA-18,,false
1065,4,F,3,649.92,649.92,SA-19,,false
1065,5,F,3,242.49,242.49, SA-20,,false
1066,0,T,2,-7282.09,-5481.83,,,false
1066,1,F,4,1921.28,1446.31,SA-01,,false
1066,2,F,4,489.53,368.51,SA-02,,false
1066,3,F,4,530.11,399.06,SA-03,,false
1066,4,F,4,3298.66,2483.17,SA-04,,false
1066,5,F,4,1042.51,784.78,SA-05,,false
1067,0,T,2,-6312.26,-4744.20,,,false
1067,1,F,4,1319.37,991.62,SA-06,,false
1067,2,F,4,1214.81,913.03,SA-07,,false
1067,3,F,4,1491.55,1121.03,SA-08,,false
1067,4,F,4,1318.90,991.26,SA-09,,false
1067,5,F,4,967.63,727.26,SA-10,,false
1068,0,T,2,-2075.12,-1559.62,,,false
1068,1,F,4,717.90,539.56,SA-26,,false
1068,2,F,4,672.42,505.38,SA-27,,false
1068,3,F,4,684.80,514.68,SA-30,,false
1069,0,T,2,-9321.22,-9321.22,,,false
1069,1,F,7,1651.94,1651.94,SA-01,,false
1069,2,F,7,2290.86,2290.86,SA-07,,false
1069,3,F,7,1194.52,1194.52,SA-13,,false
1069,4,F,7,1894.85,1894.85,SA-19,,false
1069,5,F,7,2289.05,2289.05,SA-25,,false
1070,0,T,2,-2741.46,-2741.46,,,false
1070,1,F,3,2741.46,2741.46,SA-17,,false
1071,0,T,2,-4468.76,-4468.76,,,false
1071,1,F,3,4468.76,4468.76,SA-19,,false
1072,0,T,2,-2848.05,-2848.05,,,false
1072,1,F,3,2848.05,2848.05,SA-10,,false
1073,0,T,2,-5259.82,-5259.82,,,false
1073,1,F,3,5259.82,5259.82,SA-20,,false
1074,0,T,2,-2209.34,-2209.34,,,false
1074,1,F,3,2209.34,2209.34,SA-30,,false
1075,0,T,2,-5441.57,-4096.79,,,false
1075,1,F,4,609.79,459.09,SA-16,,false
1075,2,F,4,870.80,655.60,SA-17,,false
1075,3,F,4,1084.48,816.47,SA-18,,false
1075,4,F,4,1332.54,1003.23,SA-19,,false
1075,5,F,4,1543.96,1162.40,SA-20,,false
1076,0,T,2,-1485.71,-1120.20,,,false
1076,1,F,4,809.89,610.64,SA-12,,false
1076,2,F,4,675.82,509.56,SA-14,,false
1077,0,T,2,-1677.88,-1677.88,,,false
1077,1,F,3,1677.88,1677.88,SA-03,,false
1078,0,T,2,-2444.33,-2444.33,,,false
1078,1,F,3,2444.33,2444.33,SA-27,,false
1079,0,T,2,-1672.51,-1672.51,,,false
1079,1,F,5,506.38,506.38,SA-01,,false
1079,2,F,5,303.07,303.07,SA-02,,false
1079,3,F,5,292.82,292.82,SA-03,,false
1079,4,F,5,383.61,383.61,SA-04,,false
1079,5,F,5,186.63,186.63,SA-05,,false
1080,0,T,2,-1058.04,-1058.04,,,false
1080,1,F,5,442.44,442.44,SA-21,,false
1080,2,F,5,293.79,293.79,SA-22,,false
1080,3,F,5,75.40,75.40,SA-23,,false
1080,4,F,5,175.07,175.07,SA-24,,false
1080,5,F,5,71.34,71.34,SA-25,,false
1081,0,T,2,-574.29,-574.29,,,false
1081,1,F,3,293.01,293.01,SA-12,,false
1081,2,F,3,281.28,281.28,SA-14,,false
1082,0,T,2,-12326.58,-12326.58,,,false
1082,1,F,8,12326.58,12326.58,,,false
1083,0,T,2,-2468.92,-2468.92,,,false
1083,1,F,3,2468.92,2468.92,SA-26,,false
1084,0,T,2,-1039.92,-1039.92,,,false
1084,1,F,5,288.29,288.29,SA-26,,false
1084,2,F,5,306.27,306.27,SA-27,,false
1084,3,F,5,80.80,80.80,SA-28,,false
1084,4,F,5,78.00,78.00,SA-29,,false
1084,5,F,5,286.56,286.56,SA-30,,false
1085,0,T,2,-1743.97,-1743.97,,,false
1085,1,F,3,1743.97,1743.97,SA-02,,false
1086,0,T,2,-9880.26,-9880.26,,,false
1086,1,F,3,9880.26,9880.26,SA-04,,false
1087,0,T,2,-3045.38,-3045.38,,,false
1087,1,F,3,3045.38,3045.38,SA-05,,false
1088,0,T,2,-1487.72,-1487.72,,,false
1088,1,F,5,293.71,293.71,SA-11,,false
1088,2,F,5,120.54,120.54,SA-12,,false
1088,3,F,5,632.73,632.73,SA-13,,false
1088,4,F,5,217.60,217.60,SA-14,,false
1088,5,F,5,223.14,223.14,SA-15,,false
1089,0,T,2,-4397.07,-4397.07,,,false
1089,1,F,3,4397.07,4397.07,SA-07,,false
1090,0,T,2,-763.22,-763.22,,,false
1090,1,F,3,233.63,233.63,SA-26,,false
1090,2,F,3,269.73,269.73,SA-27,,false
1090,3,F,3,259.86,259.86,SA-30,,false
1091,0,T,2,-3750.22,-3750.22,,,false
1091,1,F,3,3750.22,3750.22,SA-18,,false
1092,0,T,2,-4412.61,-4412.61,,,false
1092,1,F,3,4412.61,4412.61,SA-08,,false
1093,0,T,2,-2546.48,-2546.48,,,false
1093,1,F,3,662.18,662.18,SA-01,,false
1093,2,F,3,180.79,180.79,SA-02,,false
1093,3,F,3,204.58,204.58,SA-03,,false
1093,4,F,3,1151.34,1151.34,SA-04,,false
1093,5,F,3,347.59,347.59,SA-05,,false
1094,0,T,2,-2249.65,-2249.65,,,false
1094,1,F,3,451.79,451.79,SA-06,,false
1094,2,F,3,474.33,474.33,SA-07,,false
1094,3,F,3,521.67,521.67,SA-08,,false
1094,4,F,3,427.75,427.75,SA-09,,false
1094,5,F,3,374.11,374.11,SA-10,,false
1095,0,T,2,-1998.19,-1998.19,,,false
1095,1,F,3,208.79,208.79,SA-16,,false
1095,2,F,3,280.56,280.56,SA-17,,false
1095,3,F,3,417.85,417.85,SA-18,,false
1095,4,F,3,519.66,519.66,SA-19,,false
1095,5,F,3,571.33,571.33,SA-20,,false
1096,0,T,2,-2581.99,-2581.99,,,false
1096,1,F,5,199.17,199.17,SA-16,,false
1096,2,F,5,596.91,596.91,SA-17,,false
1096,3,F,5,483.47,483.47,SA-18,,false
1096,4,F,5,865.22,865.22,SA-19,,false
1096,5,F,5,437.22,437.22,SA-20,,false
1097,0,T,2,-2146.61,-2146.61,,,false
1097,1,F,3,2146.61,2146.61,SA-14,,false
1098,0,T,2,-2454.36,-2454.36,,,false
1098,1,F,5,507.85,507.85,SA-06,,false
1098,2,F,5,331.48,331.48,SA-07,,false
1098,3,F,5,913.09,913.09,SA-08,,false
1098,4,F,5,451.02,451.02,SA-09,,false
1098,5,F,5,250.92,250.92,SA-10,,false
1099,0,T,2,-20636.68,-20636.68,,,false
1099,1,F,6,20636.68,20636.68,,,false
1100,0,T,2,-1852.49,-1852.49,,,false
1100,1,F,3,1852.49,1852.49,SA-16 ,,false
1101,0,T,2,-4009.84,-4009.84,,,false
1101,1,F,3,4009.84,4009.84,SA-06,,false
1102,0,T,2,-6528.43,-6528.43,,,false
1102,1,F,3,6528.43,6528.43,SA-01,,false
1103,0,T,2,-3689.86,-3689.86,,,false
1103,1,F,3,3507.18,3507.18,SA-09,,false
1103,2,F,8,182.68,182.68,,,false
1104,0,T,2,-2144.36,-2144.36,,,false
1104,1,F,3,2144.36,2144.36,SA-12,,false
1105,0,T,2,-5132.99,-3801.02,,,false
1105,1,F,4,1082.72,801.76,SA-11,,false
1105,2,F,4,411.57,304.77,SA-12,,false
1105,3,F,4,2135.61,1581.44,SA-13,,false
1105,4,F,4,690.30,511.17,SA-14,,false
1105,5,F,4,812.79,601.88,,,false
1106,0,T,2,-9347.57,-9347.57,,,false
1106,1,F,7,2330.30,2330.30,SA-01,,false
1106,2,F,7,1361.71,1361.71,SA-07,,false
1106,3,F,7,1690.08,1690.08,SA-13,,false
1106,4,F,7,2070.29,2070.29,SA-19,,false
1106,5,F,7,1895.19,1895.19,SA-25,,false
1107,0,T,2,-9276.45,-6874.01,,,false
1107,1,F,4,643.44,476.80,SA-16,,false
1107,2,F,4,1957.58,1450.60,SA-17,,false
1107,3,F,4,1733.25,1284.37,SA-18,,false
1107,4,F,4,3182.84,2358.54,SA-19,,false
1107,5,F,4,1759.34,1303.70,SA-20,,false
1108,0,T,2,-3720.63,-2754.61,,,false
1108,1,F,4,1486.18,1100.31,SA-21,,false
1108,2,F,4,1033.54,765.19,SA-22,,false
1108,3,F,4,276.58,204.77,SA-23,,false
1108,4,F,4,617.08,456.86,SA-24,,false
1108,5,F,4,307.25,227.48,SA-25,,false
1109,0,T,2,-4714.00,-4714.00,,,false
1109,1,F,3,4714.00,4714.00,SA-21,,false
1110,0,T,2,-2158.63,-2158.63,,,false
1110,1,F,3,2158.63,2158.63,SA-05,,false
1111,0,T,2,-9502.24,-9502.24,,,false
1111,1,F,3,9502.24,9502.24,SA-19,,false
1112,0,T,2,-1034.08,-1034.08,,,false
1112,1,F,5,285.97,285.97,SA-21,,false
1112,2,F,5,88.30,88.30,SA-22,,false
1112,3,F,5,186.54,186.54,SA-23,,false
1112,4,F,5,387.62,387.62,SA-24,,false
1112,5,F,5,85.65,85.65,SA-25,,false
1113,0,T,2,-6416.21,-6416.21,,,false
1113,1,F,3,6416.21,6416.21,SA-01,,false
1114,0,T,2,-5587.46,-5587.46,,,false
1114,1,F,3,5587.46,5587.46,SA-17,,false
1115,0,T,2,-3577.94,-3577.94,,,false
1115,1,F,3,3577.94,3577.94,SA-26,,false
1116,0,T,2,-3661.42,-2723.33,,,false
1116,1,F,4,1087.72,809.04,SA-26,,false
1116,2,F,4,950.18,706.73,SA-27,,false
1116,3,F,4,344.16,255.98,SA-28,,false
1116,4,F,4,329.66,245.20,SA-29,,false
1116,5,F,4,949.70,706.38,SA-30,,false
1117,0,T,2,-2623.98,-2623.98,,,false
1117,1,F,5,653.57,653.57,SA-06,,false
1117,2,F,5,723.53,723.53,SA-07,,false
1117,3,F,5,781.88,781.88,SA-08,,false
1117,4,F,5,272.22,272.22,SA-09,,false
1117,5,F,5,192.78,192.78,SA-10,,false
1118,0,T,2,-3226.08,-3226.08,,,false
1118,1,F,3,3226.08,3226.08,SA-27,,false
1119,0,T,2,-8910.12,-6614.36,,,false
1119,1,F,4,1750.11,1299.18,SA-06,,false
1119,2,F,4,1277.61,948.42,SA-07,,false
1119,3,F,4,3417.14,2536.69,SA-08,,false
1119,4,F,4,1466.52,1088.66,SA-09,,false
1119,5,F,4,998.74,741.41,SA-10,,false
1120,0,T,2,-1888.87,-1888.87,,,false
1120,1,F,5,315.70,315.70,SA-01,,false
1120,2,F,5,396.47,396.47,SA-02,,false
1120,3,F,5,324.67,324.67,SA-03,,false
1120,4,F,5,389.46,389.46,SA-04,,false
1120,5,F,5,462.57,462.57,SA-05,,false
1121,0,T,2,-3327.16,-3327.16,,,false
1121,1,F,3,3327.16,3327.16,SA-22,,false
1122,0,T,2,-2216.66,-2216.66,,,false
1122,1,F,3,2216.66,2216.66,SA-16,,false
1123,0,T,2,-14903.22,-14903.22,,,false
1123,1,F,6,14903.22,14903.22,,,false
1124,0,T,2,-2531.27,-2531.27,,,false
1124,1,F,3,2531.27,2531.27,SA-14,,false
1125,0,T,2,-6255.85,-4639.04,,,false
1125,1,F,4,1706.34,1265.34,SA-01,,false
1125,2,F,4,1378.39,1022.15,SA-02 ,,false
1125,3,F,4,1197.87,888.28,SA-03,,false
1125,4,F,4,1176.89,872.73,SA-04,,false
1125,5,F,4,796.36,590.54,SA-05,,false
1126,0,T,2,-3510.96,-3510.96,,,false
1126,1,F,3,3510.96,3510.96,SA-04,,false
1127,0,T,2,-3381.52,-3381.52,,,false
1127,1,F,3,232.75,232.75,SA-16,,false
1127,2,F,3,703.54,703.54,SA-17,,false
1127,3,F,3,673.60,673.60,SA-18,,false
1127,4,F,3,1088.68,1088.68,SA-19,,false
1127,5,F,3,682.95,682.95,SA-20,,false
1128,0,T,2,-1701.13,-1701.13,,,false
1128,1,F,3,1701.13,1701.13,SA-24,,false
1129,0,T,2,-4749.41,-4749.41,,,false
1129,1,F,3,4551.72,4551.72,SA-07,,false
1129,2,F,8,197.69,197.69,,,false
1130,0,T,2,-3532.61,-3532.61,,,false
1130,1,F,3,3532.61,3532.61,SA-30,,false
1131,0,T,2,-1347.25,-1347.25,,,false
1131,1,F,3,385.72,385.72,SA-26,,false
1131,2,F,3,347.40,347.40,SA-27,,false
1131,3,F,3,132.40,132.40,SA-28,,false
1131,4,F,3,115.93,115.93,SA-29,,false
1131,5,F,3,365.80,365.80,SA-30,,false
1132,0,T,2,-854.37,-854.37,,,false
1132,1,F,3,854.37,854.37,SA-23,,false
1133,0,T,2,-11162.02,-11162.02,,,false
1133,1,F,3,11162.02,11162.02,SA-08,,false
1134,0,T,2,-2814.93,-2814.93,,,false
1134,1,F,3,2814.93,2814.93,SA-15,,false
1135,0,T,2,-4033.91,-4033.91,,,false
1135,1,F,3,3872.36,3872.36,SA-02,,false
1135,2,F,8,161.55,161.55,,,false
1136,0,T,2,-2706.35,-2706.35,,,false
1136,1,F,5,283.13,283.13,SA-16,,false
1136,2,F,5,740.54,740.54,SA-17,,false
1136,3,F,5,584.19,584.19,SA-18,,false
1136,4,F,5,689.10,689.10,SA-19,,false
1136,5,F,5,409.39,409.39,SA-20,,false
1137,0,T,2,-880.62,-880.62,,,false
1137,1,F,3,880.62,880.62,SA-25,,false
1138,0,T,2,-1198.07,-1198.07,,,false
1138,1,F,3,1198.07,1198.07,SA-29,,false
1139,0,T,2,-3273.01,-3273.01,,,false
1139,1,F,3,697.69,697.69,SA-06 ,,false
1139,2,F,3,437.90,437.90,SA-07,,false
1139,3,F,3,1277.77,1277.77,SA-08,,false
1139,4,F,3,523.83,523.83,SA-09,,false
1139,5,F,3,335.82,335.82,SA-10,,false
1140,0,T,2,-4821.60,-4821.60,,,false
1140,1,F,3,4707.93,4707.93,SA-18,,false
1140,2,F,8,113.67,113.67,,,false
1141,0,T,2,-1000.16,-1000.16,,,false
1141,1,F,3,1000.16,1000.16,,,false
1142,0,T,2,-4898.56,-4898.56,,,false
1142,1,F,3,4898.56,4898.56,SA-09,,false
1143,0,T,2,-1281.07,-1281.07,,,false
1143,1,F,3,1281.07,1281.07,SA-12,,false
1144,0,T,2,-22408.92,-22408.92,,,false
1144,1,F,8,22408.92,22408.92,,,false
1145,0,T,2,-3172.20,-3172.20,,,false
1145,1,F,3,3172.20,3172.20,SA-11,,false
1146,0,T,2,-1346.59,-1346.59,,,false
1146,1,F,3,487.05,487.05,SA-21,,false
1146,2,F,3,437.76,437.76,SA-22,,false
1146,3,F,3,113.85,113.85,SA-23,,false
1146,4,F,3,211.00,211.00,SA-24,,false
1146,5,F,3,96.93,96.93,SA-25,,false
1147,0,T,2,-1676.38,-1676.38,,,false
1147,1,F,5,563.72,563.72,SA-26,,false
1147,2,F,5,112.52,112.52,SA-27,,false
1147,3,F,5,299.34,299.34,SA-28,,false
1147,4,F,5,600.75,600.75,SA-29,,false
1147,5,F,5,100.05,100.05,SA-30,,false
1148,0,T,2,-5234.97,-5234.97,,,false
1148,1,F,3,5234.97,5234.97,SA-20,,false
1149,0,T,2,-6000.32,-6000.32,,,false
1149,1,F,3,6000.32,6000.32,SA-06,,false
1150,0,T,2,-3426.43,-3426.43,,,false
1150,1,F,3,3426.43,3426.43,SA-10,,false
1151,0,T,2,-8389.43,-8389.43,,,false
1151,1,F,3,8389.43,8389.43,SA-13,,false
1152,0,T,2,-1963.03,-1963.03,,,false
1152,1,F,3,401.92,401.92,SA-11,,false
1152,2,F,3,151.65,151.65, SA-12,,false
1152,3,F,3,809.78,809.78,SA-13,,false
1152,4,F,3,298.53,298.53,SA-14,,false
1152,5,F,3,301.15,301.15,SA-15,,false
1153,0,T,2,-1935.63,-1935.63,,,false
1153,1,F,5,264.74,264.74,SA-11,,false
1153,2,F,5,436.41,436.41,SA-12,,false
1153,3,F,5,705.14,705.14,SA-13,,false
1153,4,F,5,315.72,315.72,SA-14,,false
1153,5,F,5,213.62,213.62,SA-15,,false
1154,0,T,2,-4363.18,-4363.18,,,false
1154,1,F,3,4363.18,4363.18,SA-03,,false
1155,0,T,2,-2405.25,-2405.25,,,false
1155,1,F,3,712.54,712.54,SA-01,,false
1155,2,F,3,446.28,446.28,SA-02,,false
1155,3,F,3,479.23,479.23,SA-03,,false
1155,4,F,3,457.60,457.60,SA-04,,false
1155,5,F,3,309.60,309.60,,,false
1156,0,T,2,-8389.58,-8389.58,,,false
1156,1,F,7,2044.46,2044.46,SA-01,,false
1156,2,F,7,1425.13,1425.13,SA-07,,false
1156,3,F,7,1630.01,1630.01,SA-13,,false
1156,4,F,7,1739.80,1739.80,SA-19,,false
1156,5,F,7,1550.18,1550.18,SA-25,,false
1157,0,T,2,-5411.71,-4068.90,,,false
1157,1,F,4,1572.89,1182.61,,,false
1157,2,F,4,350.56,263.57,SA-27,,false
1157,3,F,4,956.76,719.36,SA-28,,false
1157,4,F,4,2175.27,1635.52,SA-29,,false
1157,5,F,4,356.23,267.84,SA-30,,false
1158,0,T,2,-4744.43,-4744.43,,,false
1158,1,F,3,4744.43,4744.43,SA-26,,false
1159,0,T,2,-954.81,-954.81,,,false
1159,1,F,3,954.81,954.81,SA-25,,false
1160,0,T,2,-2108.67,-2108.67,,,false
1160,1,F,3,2108.67,2108.67,SA-10,,false
1161,0,T,2,-6453.63,-4854.37,,,false
1161,1,F,4,1347.02,1013.22,SA-01,,false
1161,2,F,4,1438.00,1081.65,SA-02,,false
1161,3,F,4,934.65,703.04,SA-03,,false
1161,4,F,4,1208.92,909.34,SA-04,,false
1161,5,F,4,1525.04,1147.12,SA-05,,false
1162,0,T,2,-5659.16,-5659.16,,,false
1162,1,F,3,5659.16,5659.16,SA-02 ,,false
1163,0,T,2,-4427.41,-4427.41,,,false
1163,1,F,3,4427.41,4427.41,SA-05,,false
1164,0,T,2,-4100.17,-4100.17,,,false
1164,1,F,3,4100.17,4100.17,SA-21,,false
1165,0,T,2,-4158.66,-4158.66,,,false
1165,1,F,3,4158.66,4158.66,SA-16,,false
1166,0,T,2,-9883.46,-9883.46,,,false
1166,1,F,3,9883.46,9883.46,SA-07,,false
1167,0,T,2,-3361.85,-3361.85,,,false
1167,1,F,3,3361.85,3361.85,SA-28,,false
1168,0,T,2,-2423.98,-2423.98,,,false
1168,1,F,3,2423.98,2423.98,SA-15,,false
1169,0,T,2,-7179.95,-7179.95,,,false
1169,1,F,3,7179.95,7179.95,SA-17,,false
1170,0,T,2,-10044.82,-10044.82,,,false
1170,1,F,3,10044.82,10044.82,SA-08,,false
1171,0,T,2,-5960.32,-5960.32,,,false
1171,1,F,3,5960.32,5960.32,SA-29,,false
1172,0,T,2,-3368.42,-3368.42,,,false
1172,1,F,3,3368.42,3368.42,SA-14,,false
1173,0,T,2,-3962.77,-3962.77,,,false
1173,1,F,3,1027.51,1027.51,SA-06,,false
1173,2,F,3,1219.61,1219.61,SA-07,,false
1173,3,F,3,1124.80,1124.80,SA-08,,false
1173,4,F,3,346.59,346.59,SA-09,,false
1173,5,F,3,244.26,244.26,SA-10 ,,false
1174,0,T,2,-1263.86,-1263.86,,,false
1174,1,F,5,542.62,542.62,SA-26,,false
1174,2,F,5,170.94,170.94,SA-27,,false
1174,3,F,5,87.27,87.27,SA-28,,false
1174,4,F,5,463.03,463.03,SA-29,,false
1175,0,T,2,-2547.98,-2547.98,,,false
1175,1,F,3,422.20,422.20,SA-11,,false
1175,2,F,3,580.14,580.14,SA-12,,false
1175,3,F,3,824.92,824.92,SA-13,,false
1175,4,F,3,456.76,456.76,SA-14,,false
1175,5,F,3,263.96,263.96,SA-15,,false
1176,0,T,2,-3780.88,-2843.83,,,false
1176,1,F,4,1167.04,877.80,SA-21,,false
1176,2,F,4,286.44,215.45,,,false
1176,3,F,4,523.72,393.92,SA-23,,false
1176,4,F,4,1509.53,1135.41,SA-24,,false
1176,5,F,4,294.15,221.25,SA-25,,false
1177,0,T,2,-10862.05,-8203.07,,,false
1177,1,F,4,2960.90,2236.09,SA-06,,false
1177,2,F,4,2903.68,2192.87,SA-07,,false
1177,3,F,4,3513.84,2653.67,SA-08,,false
1177,4,F,4,831.10,627.65,SA-09,,false
1177,5,F,4,652.53,492.79,SA-10,,false
1178,0,T,2,-25691.07,-25691.07,,,false
1178,1,F,8,25691.07,25691.07,,,false
1179,0,T,2,-3418.45,-3418.45,,,false
1179,1,F,5,697.10,697.10,SA-06,,false
1179,2,F,5,363.31,363.31,SA-07,,false
1179,3,F,5,1510.27,1510.27,SA-08,,false
1179,4,F,5,370.17,370.17,SA-09,,false
1179,5,F,5,477.60,477.60,SA-10,,false
1180,0,T,2,-1578.64,-1578.64,,,false
1180,1,F,3,1578.64,1578.64,SA-23,,false
1181,0,T,2,-8963.77,-8963.77,,,false
1181,1,F,3,8471.02,8471.02,SA-13,,false
1181,2,F,8,492.75,492.75,,,false
1182,0,T,2,-9260.05,-6974.29,,,false
1182,1,F,4,1240.85,934.56,SA-16,,false
1182,2,F,4,2213.61,1667.20,SA-17,,false
1182,3,F,4,2023.49,1524.01,SA-18,,false
1182,4,F,4,2015.19,1517.76,SA-19,,false
1182,5,F,4,1766.91,1330.76,SA-20,,false
1183,0,T,2,-2107.00,-2107.00,,,false
1183,1,F,5,652.65,652.65,SA-01,,false
1183,2,F,5,530.60,530.60,SA-02,,false
1183,3,F,5,74.34,74.34,SA-03,,false
1183,4,F,5,552.40,552.40,SA-04,,false
1183,5,F,5,297.01,297.01,SA-05,,false
1184,0,T,2,-1325.42,-1325.42,,,false
1184,1,F,5,317.65,317.65,SA-21,,false
1184,2,F,5,187.51,187.51,SA-22,,false
1184,3,F,5,411.01,411.01,SA-23,,false
1184,4,F,5,318.80,318.80,SA-24,,false
1184,5,F,5,90.45,90.45,SA-25,,false
1185,0,T,2,-9210.43,-9210.43,,,false
1185,1,F,3,9210.43,9210.43,SA-06,,false
1186,0,T,2,-3507.95,-3507.95,,,false
1186,1,F,3,469.82,469.82,SA-16,,false
1186,2,F,3,916.36,916.36,SA-17,,false
1186,3,F,3,722.67,722.67,SA-18,,false
1186,4,F,3,745.74,745.74,SA-19,,false
1186,5,F,3,653.36,653.36,SA-20,,false
1187,0,T,2,-820.44,-820.44,,,false
1187,1,F,3,820.44,820.44,SA-22,,false
1188,0,T,2,-3564.44,-3564.44,,,false
1188,1,F,3,3564.44,3564.44,SA-01,,false
1189,0,T,2,-3323.91,-3323.91,,,false
1189,1,F,3,3323.91,3323.91,SA-11,,false
1190,0,T,2,-2852.89,-2852.89,,,false
1190,1,F,5,535.54,535.54,SA-11,,false
1190,2,F,5,431.69,431.69,SA-12,,false
1190,3,F,5,498.52,498.52,SA-13,,false
1190,4,F,5,656.04,656.04,SA-14,,false
1190,5,F,5,731.10,731.10,SA-15,,false
1191,0,T,2,-6511.32,-6511.32,,,false
1191,1,F,3,6511.32,6511.32,SA-18,,false
1192,0,T,2,-2412.72,-2412.72,,,false
1192,1,F,3,439.07,439.07,SA-01,,false
1192,2,F,3,589.03,589.03,SA-02,,false
1192,3,F,3,404.19,404.19,SA-03,,false
1192,4,F,3,429.82,429.82,SA-04,,false
1192,5,F,3,550.61,550.61,SA-05,,false
1193,0,T,2,-1318.16,-1318.16,,,false
1193,1,F,3,420.88,420.88,,,false
1193,2,F,3,99.09,99.09,SA-22,,false
1193,3,F,3,191.87,191.87,SA-23,,false
1193,4,F,3,496.27,496.27,SA-24,,false
1193,5,F,3,110.05,110.05,SA-25,,false
1194,0,T,2,-7047.96,-5324.23,,,false
1194,1,F,4,1101.32,831.97,SA-11,,false
1194,2,F,4,1534.19,1158.97,SA-12,,false
1194,3,F,4,2448.34,1849.54,SA-13,,false
1194,4,F,4,1176.03,888.41,SA-14,,false
1194,5,F,4,788.08,595.34,SA-15,,false
1195,0,T,2,-2718.49,-2718.49,,,false
1195,1,F,5,358.08,358.08,SA-16,,false
1195,2,F,5,556.82,556.82,SA-17,,false
1195,3,F,5,334.27,334.27,SA-18,,false
1195,4,F,5,671.80,671.80,SA-19,,false
1195,5,F,5,797.52,797.52,SA-20,,false
1196,0,T,2,-9900.24,-9900.24,,,false
1196,1,F,6,9900.24,9900.24,,,false
1197,0,T,2,-4350.46,-4350.46,,,false
1197,1,F,3,4350.46,4350.46,SA-24,,false
1198,0,T,2,-4976.66,-4976.66,,,false
1198,1,F,3,4976.66,4976.66,SA-12,,false
1199,0,T,2,-6115.23,-6115.23,,,false
1199,1,F,3,6115.23,6115.23,SA-19,,false
1200,0,T,2,-3766.64,-3766.64,,,false
1200,1,F,3,3766.64,3766.64,SA-04,,false
1201,0,T,2,-4699.29,-4699.29,,,false
1201,1,F,3,4699.29,4699.29,SA-20,,false
1202,0,T,2,-1057.12,-1057.12,,,false
1202,1,F,3,1057.12,1057.12,SA-27,,false
1203,0,T,2,-1045.38,-1045.38,,,false
1203,1,F,3,998.79,998.79,SA-30,,false
1203,2,F,8,46.59,46.59,,,false
1204,0,T,2,-2896.51,-2896.51,,,false
1204,1,F,3,2896.51,2896.51,SA-09,,false
1205,0,T,2,-3220.57,-3220.57,,,false
1205,1,F,3,3220.57,3220.57,SA-03,,false
1206,0,T,2,-2071.74,-2071.74,,,false
1206,1,F,3,617.45,617.45,SA-26,,false
1206,2,F,3,138.00,138.00,SA-27,,false
1206,3,F,3,344.63,344.63,SA-28,,false
1206,4,F,3,834.68,834.68,SA-29,,false
1206,5,F,3,136.98,136.98,SA-30,,false
1207,0,T,2,-10230.53,-7727.40,,,false
1207,1,F,4,2061.36,1557.00,SA-11,,false
1207,2,F,4,1867.87,1410.85,SA-12,,false
1207,3,F,4,1767.11,1334.75,SA-13,,false
1207,4,F,4,2288.57,1728.62,SA-14,,false
1207,5,F,4,2245.62,1696.18,SA-15,,false
1208,0,T,2,-8806.96,-8806.96,,,false
1208,1,F,7,1975.01,1975.01,SA-01,,false
1208,2,F,7,1055.42,1055.42,SA-07,,false
1208,3,F,7,1406.54,1406.54,SA-13,,false
1208,4,F,7,2027.55,2027.55,SA-19,,false
1208,5,F,7,2342.44,2342.44,SA-25,,false
1209,0,T,2,-7464.22,-7464.22,,,false
1209,1,F,3,7464.22,7464.22,SA-19,,false
1210,0,T,2,-1202.42,-1202.42,,,false
1210,1,F,3,1202.42,1202.42,SA-28,,false
1211,0,T,2,-2059.43,-2059.43,,,false
1211,1,F,3,2059.43,2059.43,SA-22,,false
1212,0,T,2,-9549.54,-9549.54,,,false
1212,1,F,3,9048.66,9048.66,SA-01,,false
1212,2,F,8,500.88,500.88,,,false
1213,0,T,2,-2873.92,-2873.92,,,false
1213,1,F,3,2873.92,2873.92,SA-18,,false
1214,0,T,2,-7073.92,-7073.92,,,false
1214,1,F,3,7073.92,7073.92,SA-14,,false
1215,0,T,2,-4776.80,-3605.53,,,false
1215,1,F,4,1014.65,765.86,SA-21,,false
1215,2,F,4,534.77,403.64,SA-22,,false
1215,3,F,4,1523.37,1149.84,,,false
1215,4,F,4,1431.49,1080.49,SA-24,,false
1215,5,F,4,272.52,205.70,SA-25,,false
1216,0,T,2,-6312.60,-6312.60,,,false
1216,1,F,3,6312.60,6312.60,SA-29,,false
1217,0,T,2,-4186.57,-4186.57,,,false
1217,1,F,3,4186.57,4186.57,SA-16,,false
1218,0,T,2,-11202.45,-8481.85,,,false
1218,1,F,4,1962.62,1485.98,sa-06,,false
1218,2,F,4,1281.01,969.91,SA-07,,false
1218,3,F,4,5128.31,3882.86,SA-08,,false
1218,4,F,4,1462.71,1107.48,SA-09,,false
1218,5,F,4,1367.80,1035.62,SA-10,,false
1219,0,T,2,-4365.17,-3305.06,,,false
1219,1,F,4,1660.35,1257.12,SA-26,,false
1219,2,F,4,641.42,485.65,SA-27,,false
1219,3,F,4,343.63,260.18,SA-28 ,,false
1219,4,F,4,1719.77,1302.11,SA-29,,false
1220,0,T,2,-2037.09,-2037.09,,,false
1220,1,F,5,413.00,413.00,SA-26 ,,false
1220,2,F,5,433.76,433.76,SA-27,,false
1220,3,F,5,667.48,667.48,SA-28,,false
1220,4,F,5,264.16,264.16,sa-29 ,,false
1220,5,F,5,258.69,258.69,SA-30,,false
1221,0,T,2,-5165.53,-5165.53,,,false
1221,1,F,3,5165.53,5165.53,sa-02,,false
1222,0,T,2,-6562.24,-6562.24,,,false
1222,1,F,3,6562.24,6562.24,SA-04,,false
1223,0,T,2,-3524.43,-3524.43,,,false
1223,1,F,3,447.89,447.89,SA-16,,false
1223,2,F,3,754.18,754.18,SA-17,,false
1223,3,F,3,421.43,421.43,SA-18,,false
1223,4,F,3,864.24,864.24,SA-19,,false
1223,5,F,3,1036.69,1036.69,SA-20,,false
1224,0,T,2,-6026.50,-6026.50,,,false
1224,1,F,3,6026.50,6026.50,SA-17,,false
1225,0,T,2,-4982.35,-4982.35,,,false
1225,1,F,3,4781.34,4781.34,SA-23,,false
1225,2,F,8,201.01,201.01,,,false
1226,0,T,2,-6223.35,-6223.35,,,false
1226,1,F,3,6223.35,6223.35,SA-26,,false
1227,0,T,2,-5740.93,-5740.93,,,false
1227,1,F,3,5740.93,5740.93,SA-13,,false
1228,0,T,2,-1477.01,-1477.01,,,false
1228,1,F,5,506.90,506.90,SA-21,,false
1228,2,F,5,90.28,90.28,SA-22,,false
1228,3,F,5,310.23,310.23,,,false
1228,4,F,5,321.21,321.21, SA-24,,false
1228,5,F,5,248.39,248.39,SA-25,,false
1229,0,T,2,-5017.15,-5017.15,,,false
1229,1,F,3,5017.15,5017.15,SA-24,,false
1230,0,T,2,-1831.14,-1831.14,,,false
1230,1,F,3,399.67,399.67,SA-21,,false
1230,2,F,3,206.00,206.00,SA-22,,false
1230,3,F,3,564.65,564.65,SA-23,,false
1230,4,F,3,545.71,545.71,SA-24,,false
1230,5,F,3,115.11,115.11,SA-25,,false
1231,0,T,2,-9365.87,-7051.21,,,false
1231,1,F,4,1221.42,919.56,SA-16,,false
1231,2,F,4,1976.16,1487.78,SA-17,,false
1231,3,F,4,1030.08,775.51,SA-18,,false
1231,4,F,4,2299.11,1730.91,SA-19,,false
1231,5,F,4,2839.10,2137.45,SA-20 ,,false
1232,0,T,2,-4560.76,-4560.76,,,false
1232,1,F,3,4560.76,4560.76,SA-10,,false
1233,0,T,2,-8162.13,-6141.03,,,false
1233,1,F,4,2624.62,1974.71,SA-01,,false
1233,2,F,4,1595.25,1200.24,SA-02,,false
1233,3,F,4,257.72,193.90,SA-03,,false
1233,4,F,4,2456.19,1847.99,SA-04,,false
1233,5,F,4,1228.35,924.19,,,false
1234,0,T,2,-3311.11,-3311.11,,,false
1234,1,F,5,722.29,722.29,SA-16,,false
1234,2,F,5,720.18,720.18,SA-17,,false
1234,3,F,5,543.75,543.75,SA-18,,false
1234,4,F,5,795.76,795.76,SA-19,,false
1234,5,F,5,529.13,529.13,SA-20,,false
1235,0,T,2,-3831.80,-3831.80,,,false
1235,1,F,3,3831.80,3831.80,SA-21,,false
1236,0,T,2,-3477.14,-3477.14,,,false
1236,1,F,5,478.86,478.86,SA-06,,false
1236,2,F,5,1076.35,1076.35,SA-07,,false
1236,3,F,5,1221.18,1221.18,SA-08,,false
1236,4,F,5,427.50,427.50,SA-09,,false
1236,5,F,5,273.25,273.25,SA-10,,false
1237,0,T,2,-918.10,-918.10,,,false
1237,1,F,3,918.10,918.10,SA-25,,false
1238,0,T,2,-9014.73,-9014.73,,,false
1238,1,F,3,9014.73,9014.73,SA-20 ,,false
1239,0,T,2,-7975.99,-7975.99,,,false
1239,1,F,3,7975.99,7975.99,SA-06,,false
1240,0,T,2,-4333.65,-4333.65,,,false
1240,1,F,3,4148.37,4148.37,SA-07,,false
1240,2,F,8,185.28,185.28,,,false
1241,0,T,2,-4779.22,-4779.22,,,false
1241,1,F,3,4779.22,4779.22,SA-09,,false
1242,0,T,2,-2543.18,-2543.18,,,false
1242,1,F,5,497.64,497.64,SA-11,,false
1242,2,F,5,195.78,195.78,SA-12,,false
1242,3,F,5,807.57,807.57,SA-13,,false
1242,4,F,5,555.15,555.15,,,false
1242,5,F,5,487.04,487.04,SA-15,,false
1243,0,T,2,-5673.33,-5673.33,,,false
1243,1,F,3,5673.33,5673.33,SA-12,,false
1244,0,T,2,-4011.38,-4011.38,,,false
1244,1,F,3,891.34,891.34,SA-11,,false
1244,2,F,3,698.30,698.30,SA-12,,false
1244,3,F,3,680.96,680.96,SA-13 ,,false
1244,4,F,3,838.87,838.87,SA-14,,false
1244,5,F,3,901.91,901.91,SA-15,,false
1245,0,T,2,-4671.05,-4671.05,,,false
1245,1,F,3,4671.05,4671.05,,,false
1246,0,T,2,-7022.97,-7022.97,,,false
1246,1,F,3,7022.97,7022.97,SA-11,,false
1247,0,T,2,-3176.96,-3176.96,,,false
1247,1,F,3,1133.81,1133.81,SA-01,,false
1247,2,F,3,598.56,598.56,SA-02,,false
1247,3,F,3,102.05,102.05,SA-03,,false
1247,4,F,3,862.06,862.06,SA-04,,false
1247,5,F,3,480.48,480.48,SA-05,,false
1248,0,T,2,-882.81,-882.81,,,false
1248,1,F,3,882.81,882.81,SA-03,,false
1249,0,T,2,-7794.25,-7794.25,,,false
1249,1,F,3,7794.25,7794.25,SA-15,,false
1250,0,T,2,-9949.28,-9949.28,,,false
1250,1,F,6,9949.28,9949.28,,,false
1251,0,T,2,-2232.38,-2232.38,,,false
1251,1,F,5,352.30,352.30,,,false
1251,2,F,5,557.21,557.21,SA-02,,false
1251,3,F,5,314.33,314.33,SA-03,,false
1251,4,F,5,610.70,610.70,SA-04,,false
1251,5,F,5,397.84,397.84,SA-05,,false
1252,0,T,2,-4134.66,-4134.66,,,false
1252,1,F,3,739.72,739.72,SA-06,,false
1252,2,F,3,458.70,458.70,SA-07,,false
1252,3,F,3,1820.31,1820.31,SA-08,,false
1252,4,F,3,581.79,581.79,SA-09,,false
1252,5,F,3,534.14,534.14,SA-10,,false
1253,0,T,2,-20342.01,-20342.01,,,false
1253,1,F,8,20342.01,20342.01,,,false
1254,0,T,2,-15646.25,-15646.25,,,false
1254,1,F,3,15646.25,15646.25,SA-08,,false
1255,0,T,2,-1897.71,-1897.71,,,false
1255,1,F,3,1897.71,1897.71,SA-27,,false
1256,0,T,2,-1614.53,-1614.53,,,false
1256,1,F,3,643.76,643.76,SA-26,,false
1256,2,F,3,239.83,239.83,SA-27,,false
1256,3,F,3,131.69,131.69,SA-28,,false
1256,4,F,3,599.25,599.25,SA-29,,false
1257,0,T,2,-10190.10,-10190.10,,,false
1257,1,F,7,1474.31,1474.31,SA-01,,false
1257,2,F,7,2260.10,2260.10,SA-07,,false
1257,3,F,7,1838.66,1838.66,SA-13,,false
1257,4,F,7,2291.78,2291.78,SA-19,,false
1257,5,F,7,2325.25,2325.25,SA-25,,false
1258,0,T,2,-8523.93,-6354.61,,,false
1258,1,F,4,1467.35,1093.91,SA-11,,false
1258,2,F,4,688.22,513.07,SA-12,,false
1258,3,F,4,2792.03,2081.47,SA-13,,false
1258,4,F,4,2096.13,1562.67,SA-14,,false
1258,5,F,4,1480.20,1103.49,SA-15,,false
1259,0,T,2,-13188.22,-9831.86,,,false
1259,1,F,4,3153.68,2351.08,SA-16,,false
1259,2,F,4,2548.16,1899.66,SA-17,,false
1259,3,F,4,1710.44,1275.14,SA-18,,false
1259,4,F,4,3518.94,2623.38,SA-19,,false
1259,5,F,4,2257.00,1682.60,SA-20,,false
1260,0,T,2,-5987.54,-5987.54,,,false
1260,1,F,3,5987.54,5987.54,SA-21,,false
1261,0,T,2,-4991.92,-4991.92,,,false
1261,1,F,3,4991.92,4991.92,SA-27,,false
1262,0,T,2,-7153.35,-7153.35,,,false
1262,1,F,3,7153.35,7153.35,SA-28,,false
1263,0,T,2,-7003.34,-7003.34,,,false
1263,1,F,3,6719.85,6719.85,SA-02,,false
1263,2,F,8,283.49,283.49,,,false
1264,0,T,2,-3612.76,-3612.76,,,false
1264,1,F,5,632.69,632.69,SA-11,,false
1264,2,F,5,441.50,441.50,SA-12,,false
1264,3,F,5,1450.50,1450.50,SA-13,,false
1264,4,F,5,725.38,725.38,SA-14,,false
1264,5,F,5,362.69,362.69,SA-15,,false
1265,0,T,2,-11931.16,-11931.16,,,false
1265,1,F,3,11931.16,11931.16,SA-19,,false
1266,0,T,2,-19423.94,-19423.94,,,false
1266,1,F,6,19423.94,19423.94,,,false
1267,0,T,2,-3599.81,-3599.81,,,false
1267,1,F,3,3599.81,3599.81,SA-03,,false
1268,0,T,2,-4471.12,-4471.12,,,false
1268,1,F,3,4471.12,4471.12,SA-11,,false
1269,0,T,2,-894.44,-894.44,,,false
1269,1,F,3,894.44,894.44,SA-22,,false
1270,0,T,2,-6442.88,-6442.88,,,false
1270,1,F,3,6442.88,6442.88,SA-20,,false
1271,0,T,2,-7078.77,-7078.77,,,false
1271,1,F,3,7078.77,7078.77,SA-14,,false
1272,0,T,2,-3629.98,-3629.98,,,false
1272,1,F,3,3629.98,3629.98,SA-23,,false
1273,0,T,2,-2135.61,-2135.61,,,false
1273,1,F,3,2135.61,2135.61,SA-12,,false
1274,0,T,2,-1936.10,-1936.10,,,false
1274,1,F,5,398.75,398.75,SA-21,,false
1274,2,F,5,419.63,419.63,SA-22,,false
1274,3,F,5,236.31,236.31,SA-23,,false
1274,4,F,5,644.75,644.75,SA-24,,false
1274,5,F,5,236.66,236.66,SA-25,,false
1275,0,T,2,-7494.45,-7494.45,,,false
1275,1,F,3,7494.45,7494.45,SA-04,,false
1276,0,T,2,-3737.19,-3737.19,,,false
1276,1,F,3,3737.19,3737.19,SA-10,,false
1277,0,T,2,-3613.47,-3613.47,,,false
1277,1,F,5,711.79,711.79,SA-16,,false
1277,2,F,5,665.41,665.41,SA-17,,false
1277,3,F,5,738.40,738.40,SA-18,,false
1277,4,F,5,1086.88,1086.88,SA-19,,false
1277,5,F,5,410.99,410.99,SA-20,,false
1278,0,T,2,-5145.20,-5145.20,,,false
1278,1,F,3,5145.20,5145.20,SA-09,,false
1279,0,T,2,-4318.70,-4318.70,,,false
1279,1,F,3,515.10,515.10,SA-06,,false
1279,2,F,3,1362.93,1362.93,SA-07,,false
1279,3,F,3,1430.83,1430.83,SA-08,,false
1279,4,F,3,580.58,580.58,SA-09,,false
1279,5,F,3,429.26,429.26,SA-10,,false
1280,0,T,2,-7449.15,-5527.95,,,false
1280,1,F,4,1472.25,1092.54,SA-26,,false
1280,2,F,4,1840.38,1365.73,SA-27,,false
1280,3,F,4,1990.95,1477.47,SA-28,,false
1280,4,F,4,1068.68,793.06,SA-29,,false
1280,5,F,4,1076.89,799.15,SA-30,,false
1281,0,T,2,-1915.96,-1915.96,,,false
1281,1,F,5,379.72,379.72,SA-06,,false
1281,2,F,5,169.75,169.75,SA-07,,false
1281,3,F,5,932.81,932.81,SA-08,,false
1281,4,F,5,331.73,331.73, SA-09,,false
1281,5,F,5,101.95,101.95,SA-10,,false
1282,0,T,2,-2849.80,-2849.80,,,false
1282,1,F,3,499.08,499.08,SA-01,,false
1282,2,F,3,795.44,795.44,SA-02,,false
1282,3,F,3,342.84,342.84,SA-03,,false
1282,4,F,3,774.74,774.74,SA-04,,false
1282,5,F,3,437.70,437.70,SA-05,,false
1283,0,T,2,-7985.16,-5931.65,,,false
1283,1,F,4,1216.81,903.89,SA-01,,false
1283,2,F,4,2195.05,1630.56,SA-02,,false
1283,3,F,4,1059.87,787.31,SA-03,,false
1283,4,F,4,2222.44,1650.90,SA-04,,false
1283,5,F,4,1290.99,958.99,SA-05,,false
1284,0,T,2,-11251.42,-8357.94,,,false
1284,1,F,4,1621.30,1204.36,SA-06,,false
1284,2,F,4,3544.78,2633.18,SA-07,,false
1284,3,F,4,3322.55,2468.10,SA-08,,false
1284,4,F,4,1482.75,1101.44,sa-09,,false
1284,5,F,4,1280.04,950.86,SA-10,,false
1285,0,T,2,-1550.29,-1550.29,,,false
1285,1,F,5,359.50,359.50,SA-26,,false
1285,2,F,5,216.08,216.08,SA-27,,false
1285,3,F,5,477.75,477.75,SA-28,,false
1285,4,F,5,108.23,108.23,SA-29,,false
1285,5,F,5,388.73,388.73,SA-30,,false
1286,0,T,2,-3420.42,-3420.42,,,false
1286,1,F,3,518.52,518.52,SA-11,,false
1286,2,F,3,281.59,281.59,SA-12,,false
1286,3,F,3,1162.90,1162.90,SA-13,,false
1286,4,F,3,904.62,904.62,SA-14,,false
1286,5,F,3,552.79,552.79,SA-15,,false
1287,0,T,2,-5059.16,-3753.88,,,false
1287,1,F,4,1657.42,1229.80,SA-21,,false
1287,2,F,4,260.63,193.39,SA-22,,false
1287,3,F,4,1206.04,894.88,SA-23,,false
1287,4,F,4,1122.22,832.68,SA-24,,false
1287,5,F,4,812.85,603.13,SA-25,,false
1288,0,T,2,-3429.98,-3429.98,,,false
1288,1,F,3,3429.98,3429.98,SA-24,,false
1289,0,T,2,-8574.39,-8574.39,,,false
1289,1,F,3,8574.39,8574.39,SA-16,,false
1290,0,T,2,-12852.86,-12852.86,,,false
1290,1,F,3,12852.86,12852.86,SA-08,,false
1291,0,T,2,-9278.85,-9278.85,,,false
1291,1,F,3,8929.98,8929.98,SA-17,,false
1291,2,F,8,348.87,348.87,,,false
1292,0,T,2,-10169.06,-10169.06,,,false
1292,1,F,3,10169.06,10169.06,SA-07,,false
1293,0,T,2,-27752.75,-27752.75,,,false
1293,1,F,8,27752.75,27752.75,,,false
1294,0,T,2,-4835.76,-4835.76,,,false
1294,1,F,3,4835.76,4835.76,,,false
1295,0,T,2,-2793.07,-2793.07,,,false
1295,1,F,3,2793.07,2793.07,SA-25,,false
1296,0,T,2,-4851.66,-4851.66,,,false
1296,1,F,3,1126.64,1126.64,SA-16,,false
1296,2,F,3,955.23,955.23,SA-17,,false
1296,3,F,3,648.19,648.19,SA-18,,false
1296,4,F,3,1240.24,1240.24,SA-19,,false
1296,5,F,3,881.36,881.36,SA-20,,false
1297,0,T,2,-3924.39,-3924.39,,,false
1297,1,F,3,3924.39,3924.39,SA-01,,false
1298,0,T,2,-3765.38,-3765.38,,,false
1298,1,F,3,3765.38,3765.38,SA-05,,false
1299,0,T,2,-6160.58,-6160.58,,,false
1299,1,F,3,6160.58,6160.58,SA-18,,false
1300,0,T,2,-4358.01,-4358.01,,,false
1300,1,F,3,4358.01,4358.01,SA-15,,false
1301,0,T,2,-2295.34,-2295.34,,,false
1301,1,F,5,699.79,699.79,sa-01 ,,false
1301,2,F,5,598.49,598.49,SA-02,,false
1301,3,F,5,230.99,230.99,SA-03,,false
1301,4,F,5,456.27,456.27,SA-04,,false
1301,5,F,5,309.80,309.80,SA-05,,false
1302,0,T,2,-3399.63,-3399.63,,,false
1302,1,F,3,3399.63,3399.63,SA-30,,false
1303,0,T,2,-3155.82,-3155.82,,,false
1303,1,F,3,3155.82,3155.82,SA-29,,false
1304,0,T,2,-10943.65,-10943.65,,,false
1304,1,F,3,10943.65,10943.65,SA-13,,false
1305,0,T,2,-1847.48,-1847.48,,,false
1305,1,F,3,627.09,627.09,SA-21,,false
1305,2,F,3,99.18,99.18,SA-22,,false
1305,3,F,3,420.00,420.00,SA-23,,false
1305,4,F,3,406.85,406.85,SA-24,,false
1305,5,F,3,294.36,294.36,SA-25,,false
1306,0,T,2,-2651.46,-2651.46,,,false
1306,1,F,3,463.99,463.99,SA-26,,false
1306,2,F,3,671.41,671.41,SA-27,,false
1306,3,F,3,784.92,784.92,SA-28,,false
1306,4,F,3,363.73,363.73,,,false
1306,5,F,3,367.41,367.41,,,false
1307,0,T,2,-5233.58,-5233.58,,,false
1307,1,F,3,5233.58,5233.58,SA-06,,false
1308,0,T,2,-7487.47,-7487.47,,,false
1308,1,F,7,1140.38,1140.38,SA-01,,false
1308,2,F,7,1493.07,1493.07,SA-07,,false
1308,3,F,7,1424.87,1424.87,SA-13,,false
1308,4,F,7,2090.86,2090.86,SA-19,,false
1308,5,F,7,1338.29,1338.29,SA-25,,false
1309,0,T,2,-6175.50,-4562.91,,,false
1309,1,F,4,1386.17,1024.20,SA-26,,false
1309,2,F,4,731.57,540.54,SA-27,,false
1309,3,F,4,1932.51,1427.88,SA-28,,false
1309,4,F,4,372.26,275.05,SA-29,,false
1309,5,F,4,1752.99,1295.24,SA-30,,false
1310,0,T,2,-7267.57,-7267.57,,,false
1310,1,F,3,7267.57,7267.57,SA-02,,false
1311,0,T,2,-4512.70,-4512.70,,,false
1311,1,F,3,4512.70,4512.70,,,false
1312,0,T,2,-2413.05,-2413.05,,,false
1312,1,F,3,2413.05,2413.05,SA-25,,false
1313,0,T,2,-7454.28,-7454.28,,,false
1313,1,F,3,7454.28,7454.28,SA-17,,false
1314,0,T,2,-4388.36,-4388.36,,,false
1314,1,F,3,4388.36,4388.36,SA-20,,false
1315,0,T,2,-2358.57,-2358.57,,,false
1315,1,F,3,2358.57,2358.57,SA-27,,false
1316,0,T,2,-8270.91,-6106.22,,,false
1316,1,F,4,2771.69,2046.27,SA-01,,false
1316,2,F,4,1973.91,1457.29,SA-02,,false
1316,3,F,4,732.12,540.51,SA-03,,false
1316,4,F,4,1527.49,1127.71,SA-04,,false
1316,5,F,4,1265.70,934.44,SA-05,,false
1317,0,T,2,-2427.55,-2427.55,,,false
1317,1,F,5,309.36,309.36,SA-21,,false
1317,2,F,5,761.68,761.68,SA-22,,false
1317,3,F,5,589.57,589.57,SA-23,,false
1317,4,F,5,551.81,551.81,SA-24,,false
1317,5,F,5,215.13,215.13,SA-25,,false
1318,0,T,2,-2226.59,-2226.59,,,false
1318,1,F,3,2226.59,2226.59,SA-03,,false
1319,0,T,2,-14048.37,-14048.37,,,false
1319,1,F,3,14048.37,14048.37,SA-08,,false
1320,0,T,2,-14750.53,-10904.96,,,false
1320,1,F,4,3325.04,2458.18,SA-16,,false
1320,2,F,4,2422.17,1790.69,,,false
1320,3,F,4,2879.96,2129.13,SA-18,,false
1320,4,F,4,4702.18,3476.29,SA-19,,false
1320,5,F,4,1421.18,1050.67,SA-20,,false
1321,0,T,2,-6157.66,-6157.66,,,false
1321,1,F,3,6157.66,6157.66,SA-24,,false
1322,0,T,2,-10454.71,-10454.71,,,false
1322,1,F,3,10454.71,10454.71,SA-16,,false
1323,0,T,2,-6861.90,-6861.90,,,false
1323,1,F,3,6861.90,6861.90,SA-11,,false
1324,0,T,2,-8162.47,-8162.47,,,false
1324,1,F,3,8162.47,8162.47,SA-01,,false
1325,0,T,2,-5948.14,-5948.14,,,false
1325,1,F,3,5948.14,5948.14,SA-28,,false
1326,0,T,2,-7544.43,-7544.43,,,false
1326,1,F,3,7544.43,7544.43,SA-14,,false
1327,0,T,2,-3501.39,-3501.39,,,false
1327,1,F,5,901.33,901.33,SA-01,,false
1327,2,F,5,720.29,720.29,SA-02,,false
1327,3,F,5,456.41,456.41,SA-03,,false
1327,4,F,5,992.02,992.02,SA-04,,false
1327,5,F,5,431.34,431.34,SA-05,,false
1328,0,T,2,-12444.70,-9191.14,,,false
1328,1,F,4,2079.56,1535.88,SA-11 ,,false
1328,2,F,4,1718.95,1269.55,SA-12,,false
1328,3,F,4,4713.33,3481.07,,,false
1328,4,F,4,2720.71,2009.40,SA-14,,false
1328,5,F,4,1212.15,895.24,SA-15,,false
1329,0,T,2,-3248.18,-3248.18,,,false
1329,1,F,5,189.84,189.84,SA-11,,false
1329,2,F,5,381.56,381.56,SA-12,,false
1329,3,F,5,1424.08,1424.08,SA-13,,false
1329,4,F,5,633.71,633.71,SA-14,,false
1329,5,F,5,618.99,618.99,SA-15,,false
1330,0,T,2,-2492.09,-2492.09,,,false
1330,1,F,3,2492.09,2492.09,SA-23,,false
1331,0,T,2,-4170.13,-4170.13,,,false
1331,1,F,3,4170.13,4170.13,SA-15,,false
1332,0,T,2,-3466.24,-3466.24,,,false
1332,1,F,5,666.82,666.82,SA-06,,false
1332,2,F,5,685.42,685.42,SA-07,,false
1332,3,F,5,1127.95,1127.95,SA-08,,false
1332,4,F,5,190.02,190.02,SA-09,,false
1332,5,F,5,796.03,796.03,,,false
1333,0,T,2,-942.67,-942.67,,,false
1333,1,F,3,942.67,942.67,SA-10,,false
1334,0,T,2,-2675.43,-2675.43,,,false
1334,1,F,3,586.08,586.08,SA-06,,false
1334,2,F,3,206.38,206.38,SA-07,,false
1334,3,F,3,1358.20,1358.20,SA-08,,false
1334,4,F,3,415.56,415.56,SA-09,,false
1334,5,F,3,109.21,109.21, SA-10,,false
1335,0,T,2,-4782.25,-4782.25,,,false
1335,1,F,3,871.27,871.27,SA-11,,false
1335,2,F,3,756.33,756.33,SA-12,,false
1335,3,F,3,1810.54,1810.54,SA-13,,false
1335,4,F,3,936.96,936.96,SA-14,,false
1335,5,F,3,407.15,407.15,SA-15,,false
1336,0,T,2,-14098.05,-14098.05,,,false
1336,1,F,3,14098.05,14098.05,SA-19,,false
1337,0,T,2,-2083.67,-2083.67,,,false
1337,1,F,3,2083.67,2083.67,SA-07,,false
1338,0,T,2,-6872.60,-6872.60,,,false
1338,1,F,3,6872.60,6872.60,SA-12,,false
1339,0,T,2,-6848.55,-5052.27,,,false
1339,1,F,4,1829.68,1349.78,SA-21,,false
1339,2,F,4,1358.30,1002.04,SA-22,,false
1339,3,F,4,786.47,580.19,SA-23,,false
1339,4,F,4,1951.93,1439.96,,,false
1339,5,F,4,922.17,680.30,,,false
1340,0,T,2,-3986.83,-3986.83,,,false
1340,1,F,3,3986.83,3986.83,SA-22,,false
1341,0,T,2,-5475.82,-5475.82,,,false
1341,1,F,3,5475.82,5475.82,SA-30,,false
1342,0,T,2,-2307.46,-2307.46,,,false
1342,1,F,3,494.34,494.34,SA-26,,false
1342,2,F,3,258.18,258.18,SA-27,,false
1342,3,F,3,824.93,824.93,SA-28,,false
1342,4,F,3,134.75,134.75,SA-29,,false
1342,5,F,3,595.26,595.26,SA-30,,false
1343,0,T,2,-8476.56,-8476.56,,,false
1343,1,F,3,8476.56,8476.56,SA-18,,false
1344,0,T,2,-3197.38,-3197.38,,,false
1344,1,F,3,1092.66,1092.66,SA-01,,false
1344,2,F,3,817.80,817.80,SA-02,,false
1344,3,F,3,260.22,260.22,SA-03,,false
1344,4,F,3,595.80,595.80,SA-04,,false
1344,5,F,3,430.90,430.90,SA-05,,false
1345,0,T,2,-3708.04,-3708.04,,,false
1345,1,F,5,465.55,465.55,SA-16,,false
1345,2,F,5,458.28,458.28,SA-17,,false
1345,3,F,5,676.14,676.14,SA-18,,false
1345,4,F,5,1016.79,1016.79,SA-19,,false
1345,5,F,5,1091.28,1091.28,SA-20,,false
1346,0,T,2,-7586.72,-5626.53,,,false
1346,1,F,4,1593.98,1182.14,,,false
1346,2,F,4,619.80,459.66,SA-07,,false
1346,3,F,4,3959.46,2936.45,SA-08,,false
1346,4,F,4,1127.83,836.43,SA-09,,false
1346,5,F,4,285.65,211.85,SA-10,,false
1347,0,T,2,-6158.03,-6158.03,,,false
1347,1,F,3,6158.03,6158.03,SA-21,,false
1348,0,T,2,-957.88,-957.88,,,false
1348,1,F,3,957.88,957.88,SA-29,,false
1349,0,T,2,-16242.44,-16242.44,,,false
1349,1,F,3,16242.44,16242.44,SA-13,,false
1350,0,T,2,-5146.26,-5146.26,,,false
1350,1,F,3,1170.89,1170.89,SA-16,,false
1350,2,F,3,805.19,805.19,SA-17,,false
1350,3,F,3,1001.55,1001.55,SA-18,,false
1350,4,F,3,1592.39,1592.39,SA-19,,false
1350,5,F,3,576.24,576.24,,,false
1351,0,T,2,-2537.20,-2537.20,,,false
1351,1,F,3,629.55,629.55,SA-21 ,,false
1351,2,F,3,525.43,525.43,SA-22,,false
1351,3,F,3,342.93,342.93,SA-23,,false
1351,4,F,3,738.07,738.07,SA-24,,false
1351,5,F,3,301.22,301.22,SA-25,,false
1352,0,T,2,-3569.24,-3569.24,,,false
1352,1,F,3,3569.24,3569.24,SA-05,,false
1353,0,T,2,-4278.16,-4278.16,,,false
1353,1,F,3,4278.16,4278.16,SA-09,,false
1354,0,T,2,-4781.60,-4781.60,,,false
1354,1,F,3,4586.69,4586.69,SA-06,,false
1354,2,F,8,194.91,194.91,,,false
1355,0,T,2,-4740.09,-4740.09,,,false
1355,1,F,3,4740.09,4740.09,SA-26,,false
1356,0,T,2,-2136.05,-2136.05,,,false
1356,1,F,5,238.31,238.31,SA-26,,false
1356,2,F,5,841.21,841.21, SA-27,,false
1356,3,F,5,804.35,804.35,SA-29,,false
1356,4,F,5,252.18,252.18,SA-30,,false
1357,0,T,2,-14961.26,-14961.26,,,false
1357,1,F,6,14961.26,14961.26,,,false
1358,0,T,2,-15152.38,-15152.38,,,false
1358,1,F,8,15152.38,15152.38,,,false
1359,0,T,2,-7599.84,-7599.84,,,false
1359,1,F,7,1241.26,1241.26,SA-01,,false
1359,2,F,7,1333.90,1333.90,SA-07,,false
1359,3,F,7,2358.40,2358.40,SA-13,,false
1359,4,F,7,1608.50,1608.50,SA-19,,false
1359,5,F,7,1057.78,1057.78,SA-25,,false
1360,0,T,2,-6791.24,-6791.24,,,false
1360,1,F,3,6791.24,6791.24,SA-17,,false
1361,0,T,2,-7835.74,-7835.74,,,false
1361,1,F,3,7835.74,7835.74,SA-10,,false
1362,0,T,2,-5185.06,-5185.06,,,false
1362,1,F,3,5185.06,5185.06,SA-16,,false
1363,0,T,2,-13239.23,-9808.79,,,false
1363,1,F,4,2016.69,1494.14,SA-16,,false
1363,2,F,4,1681.94,1246.13,SA-17,,false
1363,3,F,4,2924.49,2166.72,SA-18,,false
1363,4,F,4,3618.33,2680.78,SA-19,,false
1363,5,F,4,2997.78,2221.02,SA-20,,false
1364,0,T,2,-7685.79,-7685.79,,,false
1364,1,F,3,7685.79,7685.79,SA-22,,false
1365,0,T,2,-2735.59,-2735.59,,,false
1365,1,F,5,892.45,892.45,SA-26,,false
1365,2,F,5,465.17,465.17,SA-27,,false
1365,3,F,5,181.13,181.13,SA-28,,false
1365,4,F,5,807.74,807.74,SA-29,,false
1365,5,F,5,389.10,389.10,SA-30,,false
1366,0,T,2,-12567.92,-9301.09,,,false
1366,1,F,4,813.31,601.90,SA-11,,false
1366,2,F,4,1497.62,1108.34,SA-12,,false
1366,3,F,4,5522.68,4087.15,SA-13,,false
1366,4,F,4,2554.91,1890.80,SA-14,,false
1366,5,F,4,2179.40,1612.90,SA-15,,false
1367,0,T,2,-8446.21,-6250.76,,,false
1367,1,F,4,1031.84,763.63,SA-21,,false
1367,2,F,4,2616.36,1936.28,SA-22,,false
1367,3,F,4,1892.35,1400.47,SA-23,,false
1367,4,F,4,2002.79,1482.20,SA-24,,false
1367,5,F,4,902.87,668.18,SA-25,,false
1368,0,T,2,-2320.94,-2320.94,,,false
1368,1,F,3,2320.94,2320.94,SA-11,,false
1369,0,T,2,-8230.29,-8230.29,,,false
1369,1,F,3,8230.29,8230.29,SA-14,,false
1370,0,T,2,-11741.22,-8711.25,,,false
1370,1,F,4,2197.95,1630.74,SA-06,,false
1370,2,F,4,2138.37,1586.54,SA-07,,false
1370,3,F,4,4300.55,3190.74,SA-08,,false
1370,4,F,4,612.07,454.12,SA-09,,false
1370,5,F,4,2492.28,1849.11,SA-10,,false
1371,0,T,2,-8999.29,-6676.91,,,false
1371,1,F,4,1073.34,796.35,SA-26,,false
1371,2,F,4,3263.91,2421.62,SA-27,,false
1371,3,F,4,3676.13,2727.46,SA-29,,false
1371,4,F,4,985.91,731.48,SA-30,,false
1372,0,T,2,-3915.55,-3915.55,,,false
1372,1,F,5,472.99,472.99,SA-06,,false
1372,2,F,5,837.26,837.26,SA-07,,false
1372,3,F,5,1399.04,1399.04,SA-08,,false
1372,4,F,5,482.80,482.80,SA-09,,false
1372,5,F,5,723.46,723.46,SA-10,,false
1373,0,T,2,-14554.02,-14554.02,,,false
1373,1,F,6,14554.02,14554.02,,,false
1374,0,T,2,-4643.22,-4643.22,,,false
1374,1,F,3,4643.22,4643.22,SA-05,,false
1375,0,T,2,-4480.36,-4480.36,,,false
1375,1,F,3,817.59,817.59,SA-06,,false
1375,2,F,3,791.95,791.95,SA-07,,false
1375,3,F,3,1677.78,1677.78,SA-08,,false
1375,4,F,3,206.12,206.12,SA-09,,false
1375,5,F,3,986.92,986.92,SA-10,,false
1376,0,T,2,-3476.76,-3476.76,,,false
1376,1,F,5,440.95,440.95,SA-11,,false
1376,2,F,5,859.95,859.95,SA-12,,false
1376,3,F,5,950.68,950.68,SA-13,,false
1376,4,F,5,561.23,561.23,SA-14,,false
1376,5,F,5,663.95,663.95,SA-15,,false
1377,0,T,2,-6686.07,-6686.07,,,false
1377,1,F,3,6686.07,6686.07,SA-07,,false
1378,0,T,2,-2945.88,-2945.88,,,false
1378,1,F,3,2945.88,2945.88,SA-26,,false
1379,0,T,2,-2542.62,-2542.62,,,false
1379,1,F,3,2542.62,2542.62,SA-25,,false
1380,0,T,2,-9477.17,-9477.17,,,false
1380,1,F,3,9243.26,9243.26,SA-02,,false
1380,2,F,8,233.91,233.91,,,false
1381,0,T,2,-12687.72,-9315.70,,,false
1381,1,F,4,3269.07,2400.25,SA-01,,false
1381,2,F,4,2816.80,2068.18,SA-02,,false
1381,3,F,4,1971.27,1447.36,SA-03,,false
1381,4,F,4,2981.11,2188.82,SA-04,,false
1381,5,F,4,1649.47,1211.09,SA-05,,false
1382,0,T,2,-11792.81,-11792.81,,,false
1382,1,F,3,11792.81,11792.81,SA-19,,false
1383,0,T,2,-4761.25,-4761.25,,,false
1383,1,F,3,4504.16,4504.16,SA-12,,false
1383,2,F,8,257.09,257.09,,,false
1384,0,T,2,-19230.59,-19230.59,,,false
1384,1,F,3,19230.59,19230.59,SA-13,,false
1385,0,T,2,-9011.29,-9011.29,,,false
1385,1,F,3,9011.29,9011.29,SA-04,,false
1386,0,T,2,-10199.26,-10199.26,,,false
1386,1,F,3,10199.26,10199.26,SA-18,,false
1387,0,T,2,-4919.86,-4919.86,,,false
1387,1,F,3,298.23,298.23,SA-11,,false
1387,2,F,3,574.30,574.30,SA-12,,false
1387,3,F,3,2094.65,2094.65,SA-13,,false
1387,4,F,3,1023.86,1023.86,SA-14,,false
1387,5,F,3,928.82,928.82,SA-15,,false
1388,0,T,2,-3516.73,-3516.73,,,false
1388,1,F,5,349.78,349.78,SA-21,,false
1388,2,F,5,1266.86,1266.86,SA-22,,false
1388,3,F,5,804.42,804.42,SA-23,,false
1388,4,F,5,964.96,964.96,SA-24,,false
1388,5,F,5,130.71,130.71,SA-25 ,,false
1389,0,T,2,-11923.82,-11923.82,,,false
1389,1,F,3,11923.82,11923.82,SA-20,,false
1390,0,T,2,-15461.66,-15461.66,,,false
1390,1,F,3,15461.66,15461.66,SA-08,,false
1391,0,T,2,-3726.89,-3726.89,,,false
1391,1,F,3,3726.89,3726.89,SA-30,,false
1392,0,T,2,-3144.73,-3144.73,,,false
1392,1,F,3,393.71,393.71,SA-21,,false
1392,2,F,3,890.01,890.01,SA-22,,false
1392,3,F,3,761.85,761.85,SA-23,,false
1392,4,F,3,777.70,777.70,SA-24,,false
1392,5,F,3,321.46,321.46,SA-25,,false
1393,0,T,2,-12557.69,-12557.69,,,false
1393,1,F,3,12557.69,12557.69,SA-27,,false
1394,0,T,2,-4985.65,-4985.65,,,false
1394,1,F,5,1131.70,1131.70, SA-16,,false
1394,2,F,5,1099.77,1099.77,SA-17,,false
1394,3,F,5,741.07,741.07,SA-18,,false
1394,4,F,5,1287.90,1287.90,SA-19,,false
1394,5,F,5,725.21,725.21,SA-20,,false
1395,0,T,2,-3759.20,-3759.20,,,false
1395,1,F,3,3759.20,3759.20,SA-21,,false
1396,0,T,2,-11386.36,-11386.36,,,false
1396,1,F,3,11386.36,11386.36,SA-01,,false
1397,0,T,2,-9550.81,-9550.81,,,false
1397,1,F,3,9550.81,9550.81,SA-29,,false
1398,0,T,2,-8371.76,-8371.76,,,false
1398,1,F,3,8371.76,8371.76,SA-15,,false
1399,0,T,2,-4663.06,-4663.06,,,false
1399,1,F,3,1335.57,1335.57,SA-01,,false
1399,2,F,3,1042.13,1042.13,SA-02,,false
1399,3,F,3,715.30,715.30,SA-03,,false
1399,4,F,3,1037.95,1037.95,SA-04,,false
1399,5,F,3,532.11,532.11,SA-05,,false
1400,0,T,2,-3129.93,-3129.93,,,false
1400,1,F,3,348.08,348.08,SA-26,,false
1400,2,F,3,1224.81,1224.81,SA-27,,false
1400,3,F,3,1189.47,1189.47,SA-29,,false
1400,4,F,3,367.57,367.57,SA-30,,false
1401,0,T,2,-5143.59,-5143.59,,,false
1401,1,F,3,672.60,672.60,SA-16,,false
1401,2,F,3,684.94,684.94,SA-17,,false
1401,3,F,3,1176.56,1176.56,SA-18,,false
1401,4,F,3,1347.39,1347.39,SA-19,,false
1401,5,F,3,1262.10,1262.10,SA-20,,false
1402,0,T,2,-3427.77,-3427.77,,,false
1402,1,F,5,705.65,705.65, SA-01,,false
1402,2,F,5,747.97,747.97,SA-02,,false
1402,3,F,5,309.56,309.56,SA-03,,false
1402,4,F,5,1106.45,1106.45,SA-04,,false
1402,5,F,5,558.14,558.14,SA-05,,false
1403,0,T,2,-18937.71,-18937.71,,,false
1403,1,F,8,18937.71,18937.71,,,false
1404,0,T,2,-6269.30,-6269.30,,,false
1404,1,F,3,6269.30,6269.30,SA-24,,false
1405,0,T,2,-6044.54,-6044.54,,,false
1405,1,F,3,5752.23,5752.23,SA-23,,false
1405,2,F,8,292.31,292.31,,,false
1406,0,T,2,-2230.23,-2230.23,,,false
1406,1,F,3,2230.23,2230.23,SA-09,,false
1407,0,T,2,-5586.61,-5586.61,,,false
1407,1,F,3,5586.61,5586.61,SA-03,,false
1408,0,T,2,-6202.37,-6202.37,,,false
1408,1,F,3,6202.37,6202.37,SA-06,,false
1409,0,T,2,-9629.44,-9629.44,,,false
1409,1,F,7,2060.79,2060.79,SA-01,,false
1409,2,F,7,1603.78,1603.78,SA-07,,false
1409,3,F,7,2209.83,2209.83,SA-13,,false
1409,4,F,7,2115.17,2115.17,SA-19,,false
1409,5,F,7,1639.87,1639.87,SA-25,,false
1410,0,T,2,-14762.79,-14762.79,,,false
1410,1,F,3,14762.79,14762.79,SA-19,,false
1411,0,T,2,-5388.42,-5388.42,,,false
1411,1,F,3,5388.42,5388.42,SA-06,,false
1412,0,T,2,-5887.35,-5887.35,,,false
1412,1,F,3,5887.35,5887.35,SA-11,,false
1413,0,T,2,-7179.95,-7179.95,,,false
1413,1,F,3,7179.95,7179.95, SA-01,,false
1414,0,T,2,-3094.31,-3094.31,,,false
1414,1,F,5,945.07,945.07,,,false
1414,2,F,5,414.62,414.62,SA-02,,false
1414,3,F,5,431.40,431.40,sa-03,,false
1414,4,F,5,1015.53,1015.53,SA-04,,false
1414,5,F,5,287.69,287.69,SA-05,,false
1415,0,T,2,-7128.28,-7128.28,,,false
1415,1,F,3,7128.28,7128.28,SA-10,,false
1416,0,T,2,-2427.33,-2427.33,,,false
1416,1,F,3,2427.33,2427.33,SA-28,,false
1417,0,T,2,-12551.11,-12551.11,,,false
1417,1,F,3,12551.11,12551.11,SA-13,,false
1418,0,T,2,-2572.88,-2572.88,,,false
1418,1,F,5,413.41,413.41,SA-26,,false
1418,2,F,5,569.83,569.83,SA-27,,false
1418,3,F,5,342.50,342.50,SA-28,,false
1418,4,F,5,473.48,473.48,SA-29,,false
1418,5,F,5,773.66,773.66,SA-30,,false
1419,0,T,2,-4357.27,-4357.27,,,false
1419,1,F,3,4357.27,4357.27,SA-21,,false
1420,0,T,2,-5466.98,-5466.98,,,false
1420,1,F,3,5466.98,5466.98,SA-09,,false
1421,0,T,2,-4780.04,-4780.04,,,false
1421,1,F,3,767.70,767.70, SA-11,,false
1421,2,F,3,946.64,946.64,SA-12,,false
1421,3,F,3,1491.93,1491.93,SA-13,,false
1421,4,F,3,762.78,762.78,SA-14,,false
1421,5,F,3,810.99,810.99,SA-15,,false
1422,0,T,2,-3092.82,-3092.82,,,false
1422,1,F,5,730.64,730.64,SA-06,,false
1422,2,F,5,490.50,490.50,SA-07,,false
1422,3,F,5,987.10,987.10,SA-08,,false
1422,4,F,5,281.84,281.84,SA-09,,false
1422,5,F,5,602.74,602.74,SA-10,,false
1423,0,T,2,-3265.69,-3265.69,,,false
1423,1,F,5,755.57,755.57,SA-21,,false
1423,2,F,5,751.62,751.62,SA-22,,false
1423,3,F,5,430.87,430.87,SA-23,,false
1423,4,F,5,848.02,848.02,SA-24,,false
1423,5,F,5,479.61,479.61,SA-25,,false
1424,0,T,2,-6704.82,-6704.82,,,false
1424,1,F,3,6704.82,6704.82,SA-15,,false
1425,0,T,2,-4640.00,-4640.00,,,false
1425,1,F,3,774.53,774.53,SA-01,,false
1425,2,F,3,1090.15,1090.15,SA-02,,false
1425,3,F,3,474.42,474.42,SA-03,,false
1425,4,F,3,1651.59,1651.59,SA-04,,false
1425,5,F,3,649.31,649.31,SA-05,,false
1426,0,T,2,-4642.84,-4642.84,,,false
1426,1,F,5,655.23,655.23,SA-16,,false
1426,2,F,5,817.33,817.33,SA-17,,false
1426,3,F,5,669.33,669.33,SA-18,,false
1426,4,F,5,1436.54,1436.54,SA-19,,false
1426,5,F,5,1064.41,1064.41,SA-20,,false
1427,0,T,2,-4761.80,-4761.80,,,false
1427,1,F,3,4761.80,4761.80,SA-30,,false
1428,0,T,2,-13382.40,-9744.38,,,false
1428,1,F,4,1923.47,1400.57,SA-11,,false
1428,2,F,4,2950.07,2148.09,SA-12,,false
1428,3,F,4,4140.06,3014.58,,,false
1428,4,F,4,2273.97,1655.79,SA-14,,false
1428,5,F,4,2094.83,1525.35,SA-15,,false
1429,0,T,2,-11434.16,-11434.16,,,false
1429,1,F,3,11434.16,11434.16,SA-07,,false
1430,0,T,2,-8710.09,-8710.09,,,false
1430,1,F,3,8369.42,8369.42,SA-12,,false
1430,2,F,8,340.67,340.67,,,false
1431,0,T,2,-8160.11,-8160.11,,,false
1431,1,F,3,7771.20,7771.20,SA-20,,false
1431,2,F,8,388.91,388.91,,,false
1432,0,T,2,-6085.61,-6085.61,,,false
1432,1,F,3,6085.61,6085.61,SA-27,,false
1433,0,T,2,-4000.58,-4000.58,,,false
1433,1,F,3,1204.29,1204.29,SA-26,,false
1433,2,F,3,776.84,776.84,SA-27,,false
1433,3,F,3,247.90,247.90,SA-28,,false
1433,4,F,3,1213.13,1213.13,SA-29,,false
1433,5,F,3,558.42,558.42,SA-30,,false
1434,0,T,2,-13929.37,-13929.37,,,false
1434,1,F,3,13195.63,13195.63,SA-22,,false
1434,2,F,8,733.74,733.74,,,false
1435,0,T,2,-13628.22,-13628.22,,,false
1435,1,F,3,13628.22,13628.22,SA-24,,false
1436,0,T,2,-9198.97,-9198.97,,,false
1436,1,F,3,9198.97,9198.97,SA-18,,false
1437,0,T,2,-7841.74,-7841.74,,,false
1437,1,F,3,7841.74,7841.74,SA-14,,false
1438,0,T,2,-12801.28,-9320.86,,,false
1438,1,F,4,1356.37,987.60,SA-21,,false
1438,2,F,4,4551.27,3313.87,SA-22,,false
1438,3,F,4,2596.20,1890.34,SA-23,,false
1438,4,F,4,3703.03,2696.25,SA-24,,false
1438,5,F,4,594.41,432.80,SA-25,,false
1439,0,T,2,-28958.23,-28958.23,,,false
1439,1,F,8,28958.23,28958.23,,,false
1440,0,T,2,-5338.36,-5338.36,,,false
1440,1,F,3,5338.36,5338.36,SA-05,,false
1441,0,T,2,-10905.93,-7929.20,,,false
1441,1,F,4,3243.03,2357.86,SA-26,,false
1441,2,F,4,1939.68,1410.25,SA-27,,false
1441,3,F,4,641.52,466.42,SA-28,,false
1441,4,F,4,3571.78,2596.88,SA-29,,false
1441,5,F,4,1509.92,1097.79,SA-30,,false
1442,0,T,2,-15915.19,-15915.19,,,false
1442,1,F,6,15915.19,15915.19,,,false
1443,0,T,2,-4583.69,-4583.69,,,false
1443,1,F,3,537.50,537.50,SA-21,,false
1443,2,F,3,1550.54,1550.54,SA-22,,false
1443,3,F,3,938.01,938.01,sa-23,,false
1443,4,F,3,1334.26,1334.26,SA-24,,false
1443,5,F,3,223.38,223.38,SA-25,,false
1444,0,T,2,-12216.89,-8865.90,,,false
1444,1,F,4,2374.51,1723.20,SA-01,,false
1444,2,F,4,2643.93,1918.72,SA-02,,false
1444,3,F,4,1372.75,996.22,SA-03,,false
1444,4,F,4,4028.05,2923.19,SA-04,,false
1444,5,F,4,1797.65,1304.57,SA-05,,false
1445,0,T,2,-5167.94,-5167.94,,,false
1445,1,F,3,623.36,623.36,SA-06,,false
1445,2,F,3,1329.92,1329.92,SA-07,,false
1445,3,F,3,1620.22,1620.22,SA-08,,false
1445,4,F,3,608.69,608.69,SA-09,,false
1445,5,F,3,985.75,985.75,SA-10,,false
1446,0,T,2,-1946.17,-1946.17,,,false
1446,1,F,3,1864.75,1864.75,SA-25,,false
1446,2,F,8,81.42,81.42,,,false
1447,0,T,2,-9738.20,-9738.20,,,false
1447,1,F,3,9738.20,9738.20,SA-02,,false
1448,0,T,2,-13629.66,-9840.68,,,false
1448,1,F,4,1435.06,1036.12,SA-06,,false
1448,2,F,4,3330.95,2404.96,,,false
1448,3,F,4,4926.09,3556.66,SA-08,,false
1448,4,F,4,1627.00,1174.70,SA-09,,false
1448,5,F,4,2310.56,1668.24,SA-10,,false
1449,0,T,2,-19215.22,-13873.48,,,false
1449,1,F,4,3641.73,2629.35,SA-16,,false
1449,2,F,4,5323.50,3843.59,SA-17,,false
1449,3,F,4,2908.60,2100.02,SA-18,,false
1449,4,F,4,4601.32,3322.18,SA-19,,false
1449,5,F,4,2740.07,1978.34,SA-20,,false
1450,0,T,2,-4101.87,-4101.87,,,false
1450,1,F,5,368.97,368.97,SA-11,,false
1450,2,F,5,655.31,655.31,SA-12,,false
1450,3,F,5,1856.39,1856.39,SA-13,,false
1450,4,F,5,651.86,651.86,SA-14,,false
1450,5,F,5,569.34,569.34,SA-15,,false
1451,0,T,2,-8232.52,-8232.52,,,false
1451,1,F,3,8232.52,8232.52,SA-23,,false
1452,0,T,2,-14595.17,-14595.17,,,false
1452,1,F,3,14595.17,14595.17,SA-04,,false
1453,0,T,2,-16671.21,-16671.21,,,false
1453,1,F,3,16671.21,16671.21,SA-08,,false
1454,0,T,2,-4434.46,-4434.46,,,false
1454,1,F,3,4434.46,4434.46,SA-03,,false
1455,0,T,2,-17558.21,-17558.21,,,false
1455,1,F,3,16606.53,16606.53,SA-17,,false
1455,2,F,8,951.68,951.68,,,false
1456,0,T,2,-10700.27,-10700.27,,,false
1456,1,F,3,10700.27,10700.27,SA-26,,false
1457,0,T,2,-12581.31,-12581.31,,,false
1457,1,F,3,12318.18,12318.18,SA-29,,false
1457,2,F,8,263.13,263.13,,,false
1458,0,T,2,-7021.73,-7021.73,,,false
1458,1,F,3,1221.03,1221.03,SA-16,,false
1458,2,F,3,1914.21,1914.21,SA-17,,false
1458,3,F,3,1046.47,1046.47,SA-18,,false
1458,4,F,3,1882.79,1882.79,SA-19,,false
1458,5,F,3,957.23,957.23,SA-20,,false
1459,0,T,2,-10731.74,-10731.74,,,false
1459,1,F,3,10731.74,10731.74,SA-16,,false
1460,0,T,2,-8112.67,-8112.67,,,false
1460,1,F,7,1220.59,1220.59,SA-01,,false
1460,2,F,7,991.31,991.31,SA-07,,false
1460,3,F,7,2268.69,2268.69,SA-13,,false
1460,4,F,7,1393.08,1393.08,SA-19,,false
1460,5,F,7,2239.00,2239.00,SA-25,,false
1461,0,T,2,-19808.98,-19808.98,,,false
1461,1,F,3,19808.98,19808.98,SA-13,,false
1462,0,T,2,-7902.80,-7902.80,,,false
1462,1,F,3,7902.80,7902.80,SA-30,,false
1463,0,T,2,-8016.42,-8016.42,,,false
1463,1,F,3,8016.42,8016.42,SA-12,,false
1464,0,T,2,-3370.23,-3370.23,,,false
1464,1,F,3,3370.23,3370.23,SA-05,,false
1465,0,T,2,-16914.92,-16914.92,,,false
1465,1,F,3,16914.92,16914.92,SA-19,,false
1466,0,T,2,-4115.03,-4115.03,,,false
1466,1,F,3,4115.03,4115.03,SA-23,,false
1467,0,T,2,-2736.78,-2736.78,,,false
1467,1,F,5,749.11,749.11,SA-01,,false
1467,2,F,5,634.61,634.61,SA-02,,false
1467,3,F,5,341.70,341.70,SA-03,,false
1467,4,F,5,491.39,491.39,SA-04,,false
1467,5,F,5,519.97,519.97,SA-05,,false
1468,0,T,2,-7100.95,-7100.95,,,false
1468,1,F,3,7100.95,7100.95,SA-21,,false
1469,0,T,2,-12124.45,-12124.45,,,false
1469,1,F,3,12124.45,12124.45,SA-20,,false
1470,0,T,2,-3322.40,-3322.40,,,false
1470,1,F,3,518.66,518.66,SA-26,,false
1470,2,F,3,842.54,842.54,SA-27,,false
1470,3,F,3,484.15,484.15,SA-28,,false
1470,4,F,3,636.24,636.24,SA-29,,false
1470,5,F,3,840.81,840.81,SA-30,,false
1471,0,T,2,-7740.10,-7740.10,,,false
1471,1,F,3,7740.10,7740.10,sa-27 ,,false
1472,0,T,2,-4668.33,-4668.33,,,false
1472,1,F,3,4668.33,4668.33,SA-28,,false
1473,0,T,2,-4115.03,-4115.03,,,false
1473,1,F,3,994.97,994.97,SA-21,,false
1473,2,F,3,858.84,858.84,SA-22,,false
1473,3,F,3,525.24,525.24,,,false
1473,4,F,3,1059.04,1059.04,sa-24,,false
1473,5,F,3,676.94,676.94,SA-25,,false
1474,0,T,2,-4591.95,-4591.95,,,false
1474,1,F,5,596.49,596.49,SA-06,,false
1474,2,F,5,1198.56,1198.56,SA-07,,false
1474,3,F,5,1515.04,1515.04,SA-08,,false
1474,4,F,5,748.74,748.74,SA-09,,false
1474,5,F,5,533.12,533.12,SA-10,,false
1475,0,T,2,-6893.52,-6893.52,,,false
1475,1,F,3,6893.52,6893.52,sa-22 ,,false
1476,0,T,2,-8870.69,-8870.69,,,false
1476,1,F,3,8870.69,8870.69,SA-06,,false
1477,0,T,2,-4478.78,-4478.78,,,false
1477,1,F,3,4478.78,4478.78,SA-26,,false
1478,0,T,2,-14491.16,-10323.45,,,false
1478,1,F,4,1147.69,817.61,,,false
1478,2,F,4,2176.58,1550.59,SA-12,,false
1478,3,F,4,6308.50,4494.15,SA-13,,false
1478,4,F,4,2972.83,2117.83,SA-14,,false
1478,5,F,4,1885.56,1343.27,SA-15,,false
1479,0,T,2,-4728.89,-4728.89,,,false
1479,1,F,5,759.61,759.61,SA-11,,false
1479,2,F,5,379.91,379.91,SA-12,,false
1479,3,F,5,2463.33,2463.33,sa-13 ,,false
1479,4,F,5,554.66,554.66,SA-14,,false
1479,5,F,5,571.38,571.38,SA-15,,false
1480,0,T,2,-17819.46,-12694.35,,,false
1480,1,F,4,2984.75,2126.30,SA-16,,false
1480,2,F,4,2933.14,2089.53,SA-17,,false
1480,3,F,4,2758.64,1965.22,SA-18,,false
1480,4,F,4,5739.93,4089.05,SA-19,,false
1480,5,F,4,3403.00,2424.25,SA-20,,false
1481,0,T,2,-7849.27,-7849.27,,,false
1481,1,F,3,7849.27,7849.27,SA-18,,false
1482,0,T,2,-12087.45,-12087.45,,,false
1482,1,F,3,12087.45,12087.45,SA-08,,false
1483,0,T,2,-5626.67,-5626.67,,,false
1483,1,F,5,967.94,967.94,SA-16,,false
1483,2,F,5,1322.73,1322.73,SA-17,,false
1483,3,F,5,1138.01,1138.01,SA-18,,false
1483,4,F,5,1262.87,1262.87,SA-19,,false
1483,5,F,5,935.12,935.12,SA-20,,false
1484,0,T,2,-8059.77,-8059.77,,,false
1484,1,F,3,8059.77,8059.77,SA-17,,false
1485,0,T,2,-6155.64,-6155.64,,,false
1485,1,F,3,1115.10,1115.10,SA-16,,false
1485,2,F,3,1146.30,1146.30,,,false
1485,3,F,3,856.69,856.69,SA-18,,false
1485,4,F,3,1766.58,1766.58,SA-19,,false
1485,5,F,3,1270.97,1270.97,SA-20,,false
1486,0,T,2,-13404.68,-9532.12,,,false
1486,1,F,4,2762.60,1964.50,sa-06 ,,false
1486,2,F,4,2245.41,1596.72,SA-07,,false
1486,3,F,4,4492.43,3194.58,SA-08,,false
1486,4,F,4,1171.38,832.97,SA-09,,false
1486,5,F,4,2732.86,1943.35,SA-10,,false
1487,0,T,2,-5236.96,-5236.96,,,false
1487,1,F,3,5236.96,5236.96,SA-15,,false
1488,0,T,2,-9557.86,-6786.08,,,false
1488,1,F,4,1411.81,1002.39,SA-26,,false
1488,2,F,4,2365.07,1679.20,SA-27,,false
1488,3,F,4,1480.30,1051.01,SA-28,,false
1488,4,F,4,1618.54,1149.16,SA-29,,false
1488,5,F,4,2682.14,1904.32,SA-30,,false
1489,0,T,2,-4934.87,-4934.87,,,false
1489,1,F,3,4934.87,4934.87,SA-25,,false
1490,0,T,2,-15667.77,-15667.77,,,false
1490,1,F,3,15667.77,15667.77,SA-04,,false
1491,0,T,2,-6239.16,-6239.16,,,false
1491,1,F,3,6239.16,6239.16,SA-07,,false
1492,0,T,2,-4492.78,-4492.78,,,false
1492,1,F,3,977.04,977.04,SA-06,,false
1492,2,F,3,718.06,718.06,SA-07,,false
1492,3,F,3,1477.39,1477.39,SA-08,,false
1492,4,F,3,479.77,479.77,SA-09,,false
1492,5,F,3,840.52,840.52,SA-10,,false
1493,0,T,2,-4217.37,-4217.37,,,false
1493,1,F,3,4131.36,4131.36,SA-11,,false
1493,2,F,8,86.01,86.01,,,false
1494,0,T,2,-3791.66,-3791.66,,,false
1494,1,F,5,821.33,821.33,SA-21,,false
1494,2,F,5,504.54,504.54,SA-22,,false
1494,3,F,5,754.19,754.19,SA-23,,false
1494,4,F,5,1081.11,1081.11,,,false
1494,5,F,5,630.49,630.49,SA-25,,false
1495,0,T,2,-17586.53,-17586.53,,,false
1495,1,F,6,17586.53,17586.53,,,false
1496,0,T,2,-11597.71,-8308.89,,,false
1496,1,F,4,3110.36,2228.34,SA-01,,false
1496,2,F,4,1921.99,1376.96,SA-02,,false
1496,3,F,4,1449.18,1038.23,SA-03,,false
1496,4,F,4,4059.50,2908.33,,,false
1496,5,F,4,1056.68,757.03,SA-05,,false
1497,0,T,2,-11675.80,-8364.85,,,false
1497,1,F,4,2749.40,1969.74,SA-21,,false
1497,2,F,4,2450.66,1755.72,SA-22,,false
1497,3,F,4,1328.40,951.70,SA-23,,false
1497,4,F,4,3497.00,2505.34,SA-24,,false
1497,5,F,4,1650.34,1182.35,SA-25,,false
1498,0,T,2,-3684.41,-3684.41,,,false
1498,1,F,5,697.71,697.71,SA-26,,false
1498,2,F,5,769.20,769.20,SA-27,,false
1498,3,F,5,1121.08,1121.08,SA-28,,false
1498,4,F,5,489.19,489.19,sa-29 ,,false
1498,5,F,5,607.23,607.23,SA-30,,false
1499,0,T,2,-10243.56,-10243.56,,,false
1499,1,F,3,9826.17,9826.17,SA-01,,false
1499,2,F,8,417.39,417.39,,,false
1500,0,T,2,-12369.89,-12369.89,,,false
1500,1,F,8,12369.89,12369.89,,,false
1501,0,T,2,-9021.99,-9021.99,,,false
1501,1,F,3,9021.99,9021.99,SA-16,,false
1502,0,T,2,-6944.24,-6944.24,,,false
1502,1,F,3,6944.24,6944.24,SA-10,,false
1503,0,T,2,-8240.51,-8240.51,,,false
1503,1,F,3,8240.51,8240.51,SA-14,,false
1504,0,T,2,-6460.75,-6460.75,,,false
1504,1,F,3,6460.75,6460.75,SA-02,,false
1505,0,T,2,-4413.46,-4413.46,,,false
1505,1,F,3,4413.46,4413.46,SA-03,,false
1506,0,T,2,-4037.30,-4037.30,,,false
1506,1,F,3,4037.30,4037.30,SA-09,,false
1507,0,T,2,-6162.69,-6162.69,,,false
1507,1,F,3,6162.69,6162.69,SA-29,,false
1508,0,T,2,-5071.87,-5071.87,,,false
1508,1,F,3,423.84,423.84,SA-11,,false
1508,2,F,3,905.83,905.83,SA-12,,false
1508,3,F,3,2038.02,2038.02,SA-13,,false
1508,4,F,3,969.01,969.01,SA-14,,false
1508,5,F,3,735.17,735.17,SA-15,,false
1509,0,T,2,-4312.03,-4312.03,,,false
1509,1,F,3,1173.02,1173.02,SA-01,,false
1509,2,F,3,622.00,622.00,SA-02,,false
1509,3,F,3,609.69,609.69,SA-03,,false
1509,4,F,3,1532.83,1532.83,SA-04,,false
1509,5,F,3,374.49,374.49,SA-05,,false
1510,0,T,2,-10325.87,-10325.87,,,false
1510,1,F,3,10325.87,10325.87,SA-24,,false
1511,0,T,2,-21075.46,-15174.09,,,false
1511,1,F,4,3593.38,2587.19,SA-16,,false
1511,2,F,4,4980.51,3585.91,SA-17,,false
1511,3,F,4,4310.08,3103.21,SA-18,,false
1511,4,F,4,4096.62,2949.52,SA-19,,false
1511,5,F,4,4094.87,2948.26,SA-20,,false
1512,0,T,2,-8914.09,-8914.09,,,false
1512,1,F,7,1735.24,1735.24,SA-01,,false
1512,2,F,7,1841.41,1841.41,SA-07,,false
1512,3,F,7,1987.51,1987.51,SA-13,,false
1512,4,F,7,1111.85,1111.85,SA-19,,false
1512,5,F,7,2238.08,2238.08,SA-25,,false
1513,0,T,2,-6565.70,-6565.70,,,false
1513,1,F,3,6565.70,6565.70,SA-05,,false
1514,0,T,2,-13251.91,-9573.47,,,false
1514,1,F,4,3278.17,2368.22,SA-21,,false
1514,2,F,4,2208.09,1595.17,SA-22,,false
1514,3,F,4,2196.04,1586.47,SA-23,,false
1514,4,F,4,3643.48,2632.13,SA-24,,false
1514,5,F,4,1926.13,1391.48,SA-25,,false
1515,0,T,2,-17748.75,-12822.08,,,false
1515,1,F,4,1916.91,1384.82,SA-06,,false
1515,2,F,4,4353.21,3144.85,SA-07,,false
1515,3,F,4,5705.81,4122.00,SA-08,,false
1515,4,F,4,3353.39,2422.56,sa-09,,false
1515,5,F,4,2419.43,1747.85,SA-10,,false
1516,0,T,2,-8453.94,-8453.94,,,false
1516,1,F,3,8453.94,8453.94,SA-14,,false
1517,0,T,2,-10090.43,-10090.43,,,false
1517,1,F,3,10090.43,10090.43,SA-28,,false
1518,0,T,2,-5421.56,-5421.56,,,false
1518,1,F,5,963.55,963.55,SA-16,,false
1518,2,F,5,1498.88,1498.88,SA-17,,false
1518,3,F,5,592.79,592.79,SA-18,,false
1518,4,F,5,1354.42,1354.42,SA-19,,false
1518,5,F,5,1011.92,1011.92,SA-20,,false
1519,0,T,2,-13545.88,-13545.88,,,false
1519,1,F,3,13545.88,13545.88,SA-07,,false
1520,0,T,2,-6827.10,-6827.10,,,false
1520,1,F,3,6827.10,6827.10,SA-29,,false
1521,0,T,2,-20697.64,-20697.64,,,false
1521,1,F,6,20697.64,20697.64,,,false
1522,0,T,2,-9968.94,-9968.94,,,false
1522,1,F,3,9968.94,9968.94,SA-27,,false
1523,0,T,2,-4136.21,-4136.21,,,false
1523,1,F,5,416.11,416.11,SA-06,,false
1523,2,F,5,386.04,386.04,sa-07 ,,false
1523,3,F,5,2345.09,2345.09,SA-08,,false
1523,4,F,5,564.26,564.26,SA-09,,false
1523,5,F,5,424.71,424.71,SA-10,,false
1524,0,T,2,-2587.32,-2587.32,,,false
1524,1,F,5,1199.58,1199.58,SA-26,,false
1524,2,F,5,349.12,349.12,SA-27,,false
1524,3,F,5,328.57,328.57,SA-28,,false
1524,4,F,5,440.39,440.39,sa-29,,false
1524,5,F,5,269.66,269.66,SA-30,,false
1525,0,T,2,-11559.98,-11559.98,,,false
1525,1,F,3,11559.98,11559.98,SA-16,,false
1526,0,T,2,-7859.51,-7859.51,,,false
1526,1,F,3,7859.51,7859.51,SA-26,,false
1527,0,T,2,-8043.74,-8043.74,,,false
1527,1,F,3,8043.74,8043.74,SA-11,,false
1528,0,T,2,-12746.54,-9210.96,,,false
1528,1,F,4,2307.24,1667.27,SA-26,,false
1528,2,F,4,2540.01,1835.47,SA-27,,false
1528,3,F,4,3605.76,2605.61,SA-28,,false
1528,4,F,4,1983.73,1433.49,SA-29 ,,false
1528,5,F,4,2309.80,1669.12,SA-30 ,,false
1529,0,T,2,-17546.65,-12662.55,,,false
1529,1,F,4,2216.04,1599.21,SA-11,,false
1529,2,F,4,1560.13,1125.87,SA-12,,false
1529,3,F,4,9356.01,6751.77,SA-13,,false
1529,4,F,4,2238.15,1615.16,SA-14,,false
1529,5,F,4,2176.32,1570.54,SA-15,,false
1530,0,T,2,-4510.94,-4510.94,,,false
1530,1,F,3,4510.94,4510.94,SA-03,,false
1531,0,T,2,-14393.05,-14393.05,,,false
1531,1,F,3,14393.05,14393.05,SA-08,,false
1532,0,T,2,-6949.68,-6949.68,,,false
1532,1,F,3,6949.68,6949.68,SA-30,,false
1533,0,T,2,-9523.17,-6887.21,,,false
1533,1,F,4,2560.70,1851.91,SA-01,,false
1533,2,F,4,2111.75,1527.23,SA-02,,false
1533,3,F,4,1286.17,930.17,SA-03,,false
1533,4,F,4,1654.84,1196.79,SA-04,,false
1533,5,F,4,1909.71,1381.11,SA-05,,false
1534,0,T,2,-14274.57,-14274.57,,,false
1534,1,F,3,13628.98,13628.98,SA-18,,false
1534,2,F,8,645.59,645.59,,,false
1535,0,T,2,-4604.23,-4604.23,,,false
1535,1,F,3,898.66,898.66,SA-26,,false
1535,2,F,3,1062.95,1062.95,SA-27,,false
1535,3,F,3,1152.09,1152.09,SA-28,,false
1535,4,F,3,761.45,761.45,SA-29,,false
1535,5,F,3,729.08,729.08,SA-30,,false
1536,0,T,2,-8263.95,-8263.95,,,false
1536,1,F,3,8263.95,8263.95,SA-01,,false
1537,0,T,2,-12401.49,-12401.49,,,false
1537,1,F,3,12401.49,12401.49,SA-19,,false
1538,0,T,2,-6211.50,-6211.50,,,false
1538,1,F,3,924.39,924.39,SA-11,,false
1538,2,F,3,583.71,583.71,SA-12,,false
1538,3,F,3,3062.78,3062.78,SA-13,,false
1538,4,F,3,872.51,872.51,SA-14,,false
1538,5,F,3,768.11,768.11,SA-15,,false
1539,0,T,2,-3785.89,-3785.89,,,false
1539,1,F,5,1033.94,1033.94,SA-21,,false
1539,2,F,5,767.57,767.57,SA-22,,false
1539,3,F,5,548.28,548.28,SA-23,,false
1539,4,F,5,884.19,884.19, SA-24,,false
1539,5,F,5,551.91,551.91,SA-25,,false
1540,0,T,2,-6292.63,-6292.63,,,false
1540,1,F,3,6292.63,6292.63,SA-15,,false
1541,0,T,2,-6184.84,-6184.84,,,false
1541,1,F,3,734.03,734.03,SA-06,,false
1541,2,F,3,1531.89,1531.89,,,false
1541,3,F,3,2099.26,2099.26,SA-08,,false
1541,4,F,3,1090.79,1090.79,SA-09,,false
1541,5,F,3,728.87,728.87,SA-10,,false
1542,0,T,2,-6220.37,-6220.37,,,false
1542,1,F,3,6051.40,6051.40,SA-02,,false
1542,2,F,8,168.97,168.97,,,false
1543,0,T,2,-6292.23,-6292.23,,,false
1543,1,F,3,6292.23,6292.23,SA-06,,false
1544,0,T,2,-7838.73,-7838.73,,,false
1544,1,F,3,1326.04,1326.04,SA-16,,false
1544,2,F,3,1678.77,1678.77,SA-17,,false
1544,3,F,3,1475.51,1475.51,SA-18,,false
1544,4,F,3,1730.96,1730.96,SA-19,,false
1544,5,F,3,1627.45,1627.45,SA-20,,false
1545,0,T,2,-16751.50,-16751.50,,,false
1545,1,F,8,16751.50,16751.50,,,false
1546,0,T,2,-11702.43,-11702.43,,,false
1546,1,F,3,11702.43,11702.43,SA-24,,false
1547,0,T,2,-6785.25,-6785.25,,,false
1547,1,F,3,6785.25,6785.25,SA-10,,false
1548,0,T,2,-3691.31,-3691.31,,,false
1548,1,F,5,897.51,897.51,SA-01,,false
1548,2,F,5,703.33,703.33,SA-02,,false
1548,3,F,5,418.14,418.14,SA-03,,false
1548,4,F,5,1147.94,1147.94,SA-04,,false
1548,5,F,5,524.39,524.39,SA-05,,false
1549,0,T,2,-15002.93,-15002.93,,,false
1549,1,F,3,15002.93,15002.93,SA-17,,false
1550,0,T,2,-15263.20,-15263.20,,,false
1550,1,F,3,15263.20,15263.20,SA-20,,false
1551,0,T,2,-3428.38,-3428.38,,,false
1551,1,F,5,422.37,422.37,SA-11,,false
1551,2,F,5,342.15,342.15,SA-12,,false
1551,3,F,5,1024.73,1024.73,SA-13,,false
1551,4,F,5,1137.16,1137.16,,,false
1551,5,F,5,501.97,501.97,SA-15,,false
1552,0,T,2,-7772.51,-7772.51,,,false
1552,1,F,3,7496.44,7496.44,SA-22,,false
1552,2,F,8,276.07,276.07,,,false
1553,0,T,2,-6681.23,-6681.23,,,false
1553,1,F,3,6681.23,6681.23,SA-25,,false
1554,0,T,2,-9380.56,-9380.56,,,false
1554,1,F,3,9380.56,9380.56,SA-09,,false
1555,0,T,2,-4371.01,-4371.01,,,false
1555,1,F,3,4371.01,4371.01,SA-12,,false
1556,0,T,2,-24048.26,-24048.26,,,false
1556,1,F,3,24048.26,24048.26,SA-13,,false
1557,0,T,2,-4869.22,-4869.22,,,false
1557,1,F,3,1040.16,1040.16,SA-21,,false
1557,2,F,3,821.20,821.20,SA-22,,false
1557,3,F,3,914.72,914.72,SA-23,,false
1557,4,F,3,1423.88,1423.88,SA-24,,false
1557,5,F,3,669.26,669.26,SA-25,,false
1558,0,T,2,-5122.30,-5122.30,,,false
1558,1,F,3,4895.49,4895.49,SA-04,,false
1558,2,F,8,226.81,226.81,,,false
1559,0,T,2,-3365.57,-3365.57,,,false
1559,1,F,3,856.52,856.52,SA-01,,false
1559,2,F,3,685.35,685.35,SA-02,,false
1559,3,F,3,451.55,451.55,SA-03,,false
1559,4,F,3,612.41,612.41,SA-04,,false
1559,5,F,3,759.74,759.74,SA-05,,false
1560,0,T,2,-9972.66,-9972.66,,,false
1560,1,F,3,9972.66,9972.66,SA-21,,false
1561,0,T,2,-6622.64,-6622.64,,,false
1561,1,F,3,6622.64,6622.64,SA-23,,false
1562,0,T,2,-8660.98,-8660.98,,,false
1562,1,F,7,2304.16,2304.16,SA-01,,false
1562,2,F,7,1002.20,1002.20,SA-07,,false
1562,3,F,7,1518.98,1518.98,SA-13,,false
1562,4,F,7,1654.42,1654.42,SA-19,,false
1562,5,F,7,2181.22,2181.22,SA-25,,false
1563,0,T,2,-12734.14,-12734.14,,,false
1563,1,F,3,12734.14,12734.14,SA-20,,false
1564,0,T,2,-5267.00,-5267.00,,,false
1564,1,F,3,5267.00,5267.00,SA-12,,false
1565,0,T,2,-7584.03,-7584.03,,,false
1565,1,F,3,7584.03,7584.03,SA-05,,false
1566,0,T,2,-12774.77,-12774.77,,,false
1566,1,F,3,12774.77,12774.77,SA-16,,false
1567,0,T,2,-3710.73,-3710.73,,,false
1567,1,F,3,3504.46,3504.46,SA-30,,false
1567,2,F,8,206.27,206.27,,,false
1568,0,T,2,-4921.42,-4921.42,,,false
1568,1,F,3,4921.42,4921.42,SA-06,,false
1569,0,T,2,-9145.87,-6493.57,,,false
1569,1,F,4,4110.13,2918.19,SA-26,,false
1569,2,F,4,1398.33,992.81,sa-27,,false
1569,3,F,4,976.94,693.63,SA-28,,false
1569,4,F,4,1564.91,1111.09,,,false
1569,5,F,4,1095.56,777.85,,,false
1570,0,T,2,-4321.95,-4321.95,,,false
1570,1,F,5,1319.02,1319.02,SA-21,,false
1570,2,F,5,868.12,868.12,SA-22,,false
1570,3,F,5,727.31,727.31,SA-23,,false
1570,4,F,5,1025.07,1025.07,SA-24,,false
1570,5,F,5,382.43,382.43,,,false
1571,0,T,2,-6183.92,-6183.92,,,false
1571,1,F,3,6183.92,6183.92,SA-25,,false
1572,0,T,2,-13592.07,-9669.77,,,false
1572,1,F,4,1624.17,1155.48,SA-11,,false
1572,2,F,4,1695.25,1206.05,SA-12,,false
1572,3,F,4,3988.84,2837.77,SA-13,,false
1572,4,F,4,4410.60,3137.82,,,false
1572,5,F,4,1873.21,1332.65,SA-15,,false
1573,0,T,2,-3777.68,-3777.68,,,false
1573,1,F,5,1058.07,1058.07,SA-01,,false
1573,2,F,5,934.47,934.47,SA-02,,false
1573,3,F,5,410.64,410.64,SA-03,,false
1573,4,F,5,1007.10,1007.10,SA-04,,false
1573,5,F,5,367.40,367.40,SA-05,,false
1574,0,T,2,-4149.92,-4149.92,,,false
1574,1,F,3,4149.92,4149.92,SA-29,,false
1575,0,T,2,-5724.50,-5724.50,,,false
1575,1,F,3,5724.50,5724.50,SA-18,,false
1576,0,T,2,-15031.35,-10747.04,,,false
1576,1,F,4,1534.09,1096.84,SA-06,,false
1576,2,F,4,1276.37,912.57,SA-07,,false
1576,3,F,4,8534.41,6101.89,SA-08,,false
1576,4,F,4,1951.70,1395.42,SA-09,,false
1576,5,F,4,1734.78,1240.32,SA-10,,false
1577,0,T,2,-10648.88,-10648.88,,,false
1577,1,F,3,10648.88,10648.88,SA-13,,false
1578,0,T,2,-3494.86,-3494.86,,,false
1578,1,F,3,3388.50,3388.50,SA-07,,false
1578,2,F,8,106.36,106.36,,,false
1579,0,T,2,-6285.80,-6285.80,,,false
1579,1,F,3,6285.80,6285.80,SA-09,,false
1580,0,T,2,-17463.40,-17463.40,,,false
1580,1,F,6,17463.40,17463.40,,,false
1581,0,T,2,-13435.88,-13435.88,,,false
1581,1,F,3,13013.11,13013.11,SA-04,,false
1581,2,F,8,422.77,422.77,,,false
1582,0,T,2,-13948.07,-13948.07,,,false
1582,1,F,3,13948.07,13948.07,SA-19,,false
1583,0,T,2,-11220.48,-11220.48,,,false
1583,1,F,3,11220.48,11220.48,SA-24,,false
1584,0,T,2,-13141.83,-9517.47,,,false
1584,1,F,4,2749.11,1990.94,SA-01,,false
1584,2,F,4,2204.59,1596.59,SA-02,,false
1584,3,F,4,1288.51,933.15,SA-03,,false
1584,4,F,4,4609.38,3338.17,SA-04,,false
1584,5,F,4,2290.24,1658.62,SA-05,,false
1585,0,T,2,-5501.63,-5501.63,,,false
1585,1,F,3,5501.63,5501.63,SA-11,,false
1586,0,T,2,-13922.86,-13922.86,,,false
1586,1,F,3,13922.86,13922.86,SA-21,,false
1587,0,T,2,-5592.74,-5592.74,,,false
1587,1,F,3,612.21,612.21,SA-06,,false
1587,2,F,3,476.97,476.97,,,false
1587,3,F,3,3228.20,3228.20,SA-08,,false
1587,4,F,3,731.05,731.05,SA-09,,false
1587,5,F,3,544.31,544.31,SA-10,,false
1588,0,T,2,-3221.14,-3221.14,,,false
1588,1,F,3,1405.82,1405.82,SA-26,,false
1588,2,F,3,480.79,480.79,SA-27,,false
1588,3,F,3,412.23,412.23,SA-28,,false
1588,4,F,3,530.11,530.11,SA-29,,false
1588,5,F,3,392.19,392.19,SA-30,,false
1589,0,T,2,-4457.15,-4457.15,,,false
1589,1,F,5,755.66,755.66,SA-06,,false
1589,2,F,5,613.94,613.94,SA-07,,false
1589,3,F,5,1502.29,1502.29,SA-08,,false
1589,4,F,5,649.58,649.58,SA-09,,false
1589,5,F,5,935.68,935.68,SA-10,,false
1590,0,T,2,-5322.06,-5322.06,,,false
1590,1,F,3,5322.06,5322.06, SA-15,,false
1591,0,T,2,-4992.85,-4992.85,,,false
1591,1,F,3,551.24,551.24,SA-11,,false
1591,2,F,3,617.11,617.11,SA-12,,false
1591,3,F,3,1466.00,1466.00,SA-13,,false
1591,4,F,3,1649.83,1649.83,SA-14,,false
1591,5,F,3,708.67,708.67,SA-15,,false
1592,0,T,2,-3342.07,-3342.07,,,false
1592,1,F,5,914.02,914.02,SA-26,,false
1592,2,F,5,412.98,412.98,SA-27,,false
1592,3,F,5,677.97,677.97,SA-28,,false
1592,4,F,5,795.07,795.07,SA-29,,false
1592,5,F,5,542.03,542.03,SA-30,,false
1593,0,T,2,-11418.92,-11418.92,,,false
1593,1,F,3,11418.92,11418.92,SA-22,,false
1594,0,T,2,-15966.55,-11526.51,,,false
1594,1,F,4,3920.43,2830.22,SA-21,,false
1594,2,F,4,3596.51,2596.38,SA-22,,false
1594,3,F,4,2137.72,1543.25,SA-23,,false
1594,4,F,4,4384.66,3165.36,SA-24,,false
1594,5,F,4,1927.23,1391.30,SA-25,,false
1595,0,T,2,-19285.47,-13922.48,,,false
1595,1,F,4,3357.86,2424.09, SA-16,,false
1595,2,F,4,4981.81,3596.45,SA-17,,false
1595,3,F,4,2289.30,1652.68,SA-18,,false
1595,4,F,4,5049.55,3645.35,SA-19,,false
1595,5,F,4,3606.95,2603.91,SA-20,,false
1596,0,T,2,-23265.69,-23265.69,,,false
1596,1,F,8,23265.69,23265.69,,,false
1597,0,T,2,-6023.34,-6023.34,,,false
1597,1,F,3,6023.34,6023.34,SA-23,,false
1598,0,T,2,-5047.96,-5047.96,,,false
1598,1,F,3,5047.96,5047.96,SA-27,,false
1599,0,T,2,-6486.21,-6486.21,,,false
1599,1,F,3,6486.21,6486.21,SA-02,,false
1600,0,T,2,-24478.77,-24478.77,,,false
1600,1,F,3,24478.77,24478.77,SA-08,,false
1601,0,T,2,-3091.43,-3091.43,,,false
1601,1,F,3,3091.43,3091.43,SA-28,,false
1602,0,T,2,-5600.21,-5600.21,,,false
1602,1,F,5,686.00,686.00,,,false
1602,2,F,5,732.91,732.91,SA-17,,false
1602,3,F,5,1556.95,1556.95,SA-18,,false
1602,4,F,5,1484.40,1484.40,SA-19,,false
1602,5,F,5,1139.95,1139.95,SA-20,,false
1603,0,T,2,-9187.49,-9187.49,,,false
1603,1,F,3,9187.49,9187.49,SA-01,,false
1604,0,T,2,-5086.40,-5086.40,,,false
1604,1,F,5,614.52,614.52,sa-11 ,,false
1604,2,F,5,1030.61,1030.61,SA-12,,false
1604,3,F,5,1883.61,1883.61,SA-13,,false
1604,4,F,5,698.84,698.84,SA-14,,false
1604,5,F,5,858.82,858.82,SA-15,,false
1605,0,T,2,-4207.84,-4207.84,,,false
1605,1,F,3,4207.84,4207.84,SA-03,,false
1606,0,T,2,-5734.68,-5734.68,,,false
1606,1,F,3,5485.46,5485.46,SA-10,,false
1606,2,F,8,249.22,249.22,,,false
1607,0,T,2,-4978.81,-4978.81,,,false
1607,1,F,3,1119.76,1119.76,SA-01,,false
1607,2,F,3,862.81,862.81,SA-02,,false
1607,3,F,3,440.32,440.32,SA-03,,false
1607,4,F,3,1709.29,1709.29,SA-04,,false
1607,5,F,3,846.63,846.63,SA-05,,false
1608,0,T,2,-12207.65,-12207.65,,,false
1608,1,F,3,12207.65,12207.65,SA-26,,false
1609,0,T,2,-7027.96,-7027.96,,,false
1609,1,F,3,1329.61,1329.61,sa-16,,false
1609,2,F,3,1742.57,1742.57,SA-17,,false
1609,3,F,3,810.01,810.01,SA-18,,false
1609,4,F,3,1762.70,1762.70,SA-19,,false
1609,5,F,3,1383.07,1383.07,SA-20,,false
1610,0,T,2,-5717.07,-5717.07,,,false
1610,1,F,3,1417.11,1417.11,SA-21,,false
1610,2,F,3,1303.85,1303.85,sa-22,,false
1610,3,F,3,794.49,794.49,SA-23,,false
1610,4,F,3,1494.70,1494.70,SA-24,,false
1610,5,F,3,706.92,706.92,SA-25,,false
1611,0,T,2,-18499.70,-18499.70,,,false
1611,1,F,3,17766.04,17766.04,SA-17,,false
1611,2,F,8,733.66,733.66,,,false
1612,0,T,2,-15825.91,-15825.91,,,false
1612,1,F,3,15825.91,15825.91,SA-14,,false
1613,0,T,2,-7045.23,-7045.23,,,false
1613,1,F,7,1493.47,1493.47,SA-01,,false
1613,2,F,7,1209.83,1209.83,SA-07,,false
1613,3,F,7,1961.66,1961.66,SA-13,,false
1613,4,F,7,1155.49,1155.49,SA-19,,false
1613,5,F,7,1224.78,1224.78,SA-25,,false
1614,0,T,2,-8099.61,-8099.61,,,false
1614,1,F,3,8099.61,8099.61,SA-09,,false
1615,0,T,2,-7460.74,-7460.74,,,false
1615,1,F,3,7209.25,7209.25,SA-23,,false
1615,2,F,8,251.49,251.49,,,false
1616,0,T,2,-5240.04,-5240.04,,,false
1616,1,F,3,5240.04,5240.04,SA-03,,false
1617,0,T,2,-10236.18,-10236.18,,,false
1617,1,F,3,9744.39,9744.39,SA-29,,false
1617,2,F,8,491.79,491.79,,,false
1618,0,T,2,-11814.93,-8429.33,,,false
1618,1,F,4,2962.42,2113.53,SA-26,,false
1618,2,F,4,1518.28,1083.21,SA-27,,false
1618,3,F,4,2734.71,1951.07,SA-28,,false
1618,4,F,4,2949.22,2104.12,SA-29 ,,false
1618,5,F,4,1650.30,1177.40,sa-30,,false
1619,0,T,2,-4933.11,-4933.11,,,false
1619,1,F,5,725.32,725.32,SA-06,,false
1619,2,F,5,1371.80,1371.80,SA-07,,false
1619,3,F,5,1579.49,1579.49,,,false
1619,4,F,5,777.05,777.05,SA-09,,false
1619,5,F,5,479.45,479.45,SA-10,,false
1620,0,T,2,-14524.81,-10387.53,,,false
1620,1,F,4,4052.99,2898.53,SA-01,,false
1620,2,F,4,2716.76,1942.91,SA-02,,false
1620,3,F,4,1950.90,1395.20,SA-03,,false
1620,4,F,4,4259.82,3046.44,SA-04,,false
1620,5,F,4,1544.34,1104.45,SA-05,,false
1621,0,T,2,-12090.03,-12090.03,,,false
1621,1,F,6,12090.03,12090.03,,,false
1622,0,T,2,-15399.49,-11010.73,,,false
1622,1,F,4,3012.01,2153.61,SA-06,,false
1622,2,F,4,2420.76,1730.86,SA-07,,false
1622,3,F,4,4412.22,3154.76,SA-08,,false
1622,4,F,4,2617.06,1871.21,SA-09,,false
1622,5,F,4,2937.44,2100.29,SA-10,,false
1623,0,T,2,-4152.82,-4152.82,,,false
1623,1,F,5,979.66,979.66,SA-01,,false
1623,2,F,5,847.43,847.43,SA-02,,false
1623,3,F,5,731.21,731.21,SA-03,,false
1623,4,F,5,1093.54,1093.54,sa-04 ,,false
1623,5,F,5,500.98,500.98,SA-05,,false
1624,0,T,2,-9007.54,-9007.54,,,false
1624,1,F,3,9007.54,9007.54,SA-17,,false
1625,0,T,2,-8728.40,-8728.40,,,false
1625,1,F,3,8728.40,8728.40,SA-26,,false
1626,0,T,2,-16011.75,-11537.52,,,false
1626,1,F,4,4277.39,3082.14,sa-21 ,,false
1626,2,F,4,2991.32,2155.44,SA-22,,false
1626,3,F,4,2869.68,2067.79,SA-23,,false
1626,4,F,4,4442.39,3201.04,SA-24,,false
1626,5,F,4,1430.97,1031.11,SA-25,,false
1627,0,T,2,-9850.13,-9850.13,,,false
1627,1,F,3,9850.13,9850.13,SA-22,,false
1628,0,T,2,-4732.55,-4732.55,,,false
1628,1,F,3,4732.55,4732.55,SA-25,,false
1629,0,T,2,-8218.37,-8218.37,,,false
1629,1,F,3,8218.37,8218.37,SA-06,,false
1630,0,T,2,-9979.67,-9979.67,,,false
1630,1,F,3,9979.67,9979.67,SA-12,,false
1631,0,T,2,-4207.18,-4207.18,,,false
1631,1,F,3,1047.44,1047.44,SA-26,,false
1631,2,F,3,522.57,522.57,SA-27,,false
1631,3,F,3,1033.59,1033.59,SA-28,,false
1631,4,F,3,921.21,921.21,SA-29,,false
1631,5,F,3,682.37,682.37,SA-30,,false
1632,0,T,2,-10248.81,-10248.81,,,false
1632,1,F,3,10248.81,10248.81,SA-20,,false
1633,0,T,2,-6053.54,-6053.54,,,false
1633,1,F,3,6053.54,6053.54,SA-30,,false
1634,0,T,2,-7766.05,-7766.05,,,false
1634,1,F,3,1095.88,1095.88,SA-16,,false
1634,2,F,3,1224.95,1224.95,SA-17,,false
1634,3,F,3,2003.07,2003.07,SA-18,,false
1634,4,F,3,2101.10,2101.10,SA-19,,false
1634,5,F,3,1341.05,1341.05,SA-20,,false
1635,0,T,2,-12783.15,-12783.15,,,false
1635,1,F,3,12783.15,12783.15,SA-21,,false
1636,0,T,2,-15851.96,-15851.96,,,false
1636,1,F,3,15061.02,15061.02,SA-19,,false
1636,2,F,8,790.94,790.94,,,false
1637,0,T,2,-18512.00,-18512.00,,,false
1637,1,F,3,17595.50,17595.50,SA-13,,false
1637,2,F,8,916.50,916.50,,,false
1638,0,T,2,-5236.40,-5236.40,,,false
1638,1,F,5,1047.24,1047.24,SA-16,,false
1638,2,F,5,1130.37,1130.37,SA-17,,false
1638,3,F,5,983.13,983.13,SA-18,,false
1638,4,F,5,973.02,973.02,SA-19,,false
1638,5,F,5,1102.64,1102.64,SA-20,,false
1639,0,T,2,-17860.39,-12763.36,,,false
1639,1,F,4,2590.46,1851.19,SA-11,,false
1639,2,F,4,3286.31,2348.46,SA-12,,false
1639,3,F,4,6347.25,4535.86,SA-13,,false
1639,4,F,4,2713.86,1939.37,SA-14,,false
1639,5,F,4,2922.51,2088.48,SA-15,,false
1640,0,T,2,-20527.88,-14669.59,,,false
1640,1,F,4,2655.86,1897.93,SA-16,,false
1640,2,F,4,3368.08,2406.89,SA-17,,false
1640,3,F,4,5061.85,3617.29,SA-18,,false
1640,4,F,4,5718.74,4086.71,SA-19,,false
1640,5,F,4,3723.35,2660.77,SA-20,,false
1641,0,T,2,-4197.68,-4197.68,,,false
1641,1,F,5,749.88,749.88,SA-11,,false
1641,2,F,5,659.23,659.23,SA-12,,false
1641,3,F,5,1283.74,1283.74,SA-13,,false
1641,4,F,5,1168.04,1168.04,SA-14,,false
1641,5,F,5,336.79,336.79,SA-15,,false
1642,0,T,2,-5446.01,-5446.01,,,false
1642,1,F,3,5446.01,5446.01,SA-05,,false
1643,0,T,2,-5576.11,-5576.11,,,false
1643,1,F,3,1075.93,1075.93,SA-06,,false
1643,2,F,3,751.96,751.96,SA-07,,false
1643,3,F,3,1675.88,1675.88,SA-08,,false
1643,4,F,3,969.51,969.51,SA-09,,false
1643,5,F,3,1102.83,1102.83,SA-10,,false
1644,0,T,2,-4399.38,-4399.38,,,false
1644,1,F,5,675.91,675.91,SA-21,,false
1644,2,F,5,1144.95,1144.95,SA-22,,false
1644,3,F,5,758.43,758.43,SA-23,,false
1644,4,F,5,885.06,885.06,SA-24,,false
1644,5,F,5,935.03,935.03,SA-25,,false
1645,0,T,2,-6531.50,-6531.50,,,false
1645,1,F,3,948.85,948.85,SA-11,,false
1645,2,F,3,1313.66,1313.66,SA-12,,false
1645,3,F,3,2191.19,2191.19,SA-13,,false
1645,4,F,3,1026.43,1026.43, SA-14,,false
1645,5,F,3,1051.37,1051.37,SA-15,,false
1646,0,T,2,-3903.56,-3903.56,,,false
1646,1,F,5,525.52,525.52,SA-26,,false
1646,2,F,5,376.64,376.64,SA-27,,false
1646,3,F,5,833.24,833.24,SA-28,,false
1646,4,F,5,926.99,926.99,SA-29,,false
1646,5,F,5,1241.17,1241.17,SA-30,,false
1647,0,T,2,-4983.69,-4983.69,,,false
1647,1,F,3,4813.38,4813.38,SA-27,,false
1647,2,F,8,170.31,170.31,,,false
1648,0,T,2,-9863.65,-9863.65,,,false
1648,1,F,3,9863.65,9863.65,SA-02,,false
1649,0,T,2,-13562.66,-13562.66,,,false
1649,1,F,3,13562.66,13562.66,SA-04,,false
1650,0,T,2,-8901.26,-8901.26,,,false
1650,1,F,3,8901.26,8901.26,sa-16,,false
1651,0,T,2,-10085.41,-10085.41,,,false
1651,1,F,3,10085.41,10085.41,SA-28,,false
1652,0,T,2,-16131.70,-16131.70,,,false
1652,1,F,3,16131.70,16131.70,SA-18,,false
1653,0,T,2,-5589.25,-5589.25,,,false
1653,1,F,3,1526.07,1526.07,SA-21,,false
1653,2,F,3,1064.00,1064.00,SA-22,,false
1653,3,F,3,877.45,877.45,SA-23,,false
1653,4,F,3,1551.60,1551.60,SA-24,,false
1653,5,F,3,570.13,570.13,SA-25,,false
1654,0,T,2,-12864.50,-12864.50,,,false
1654,1,F,3,12864.50,12864.50,SA-01,,false
1655,0,T,2,-9485.26,-9485.26,,,false
1655,1,F,3,9485.26,9485.26,sa-10 ,,false
1656,0,T,2,-8087.66,-8087.66,,,false
1656,1,F,3,8087.66,8087.66,SA-14,,false
1657,0,T,2,-4964.53,-4964.53,,,false
1657,1,F,3,1365.32,1365.32,SA-01,,false
1657,2,F,3,1085.85,1085.85,SA-02,,false
1657,3,F,3,631.62,631.62,SA-03,,false
1657,4,F,3,1369.50,1369.50,SA-04,,false
1657,5,F,3,512.24,512.24,SA-05,,false
1658,0,T,2,-27633.49,-27633.49,,,false
1658,1,F,8,27633.49,27633.49,,,false
1659,0,T,2,-12854.50,-12854.50,,,false
1659,1,F,3,12854.50,12854.50,SA-08,,false
1660,0,T,2,-7675.78,-7675.78,,,false
1660,1,F,3,7675.78,7675.78,SA-11,,false
1661,0,T,2,-8475.75,-8475.75,,,false
1661,1,F,3,8475.75,8475.75,,,false
1662,0,T,2,-12484.00,-12484.00,,,false
1662,1,F,3,12484.00,12484.00,sa-24,,false
1663,0,T,2,-6322.69,-6322.69,,,false
1663,1,F,3,6322.69,6322.69,SA-07,,false
1664,0,T,2,-17838.79,-12865.91,,,false
1664,1,F,4,2775.01,2001.43,SA-06,,false
1664,2,F,4,5113.57,3688.07,SA-07,,false
1664,3,F,4,5344.27,3854.46,SA-08,,false
1664,4,F,4,2450.11,1767.10,SA-09,,false
1664,5,F,4,2155.83,1554.85,sa-10,,false
1665,0,T,2,-7586.25,-7586.25,,,false
1665,1,F,7,1527.68,1527.68,SA-01,,false
1665,2,F,7,2188.48,2188.48,SA-07,,false
1665,3,F,7,1375.82,1375.82,SA-13,,false
1665,4,F,7,1218.87,1218.87,SA-19,,false
1665,5,F,7,1275.40,1275.40,SA-25,,false
1666,0,T,2,-12169.58,-12169.58,,,false
1666,1,F,3,12169.58,12169.58,SA-29,,false
1667,0,T,2,-12618.91,-12618.91,,,false
1667,1,F,3,12618.91,12618.91,SA-04,,false
1668,0,T,2,-11663.24,-11663.24,,,false
1668,1,F,3,11663.24,11663.24,SA-30,,false
1669,0,T,2,-5172.09,-5172.09,,,false
1669,1,F,3,5172.09,5172.09,SA-26,,false
1670,0,T,2,-10385.45,-10385.45,,,false
1670,1,F,3,10385.45,10385.45,SA-28,,false
1671,0,T,2,-15215.43,-10897.91,,,false
1671,1,F,4,2528.75,1811.19,SA-11,,false
1671,2,F,4,2203.99,1578.59,SA-12,,false
1671,3,F,4,4671.22,3345.72,SA-13,,false
1671,4,F,4,4741.56,3396.10,SA-14,,false
1671,5,F,4,1069.91,766.31,SA-15,,false
1672,0,T,2,-16176.98,-11586.62,,,false
1672,1,F,4,2599.93,1862.18,SA-21,,false
1672,2,F,4,4816.61,3449.85,SA-22,,false
1672,3,F,4,3113.81,2230.24,SA-23,,false
1672,4,F,4,2890.26,2070.12,SA-24,,false
1672,5,F,4,2756.37,1974.23,SA-25,,false
1673,0,T,2,-7722.40,-7722.40,,,false
1673,1,F,3,7722.40,7722.40,SA-12,,false
1674,0,T,2,-3882.75,-3882.75,,,false
1674,1,F,5,976.85,976.85,SA-01,,false
1674,2,F,5,492.95,492.95,,,false
1674,3,F,5,549.53,549.53,SA-03,,false
1674,4,F,5,1176.20,1176.20,SA-04,,false
1674,5,F,5,687.22,687.22,SA-05,,false
1675,0,T,2,-3175.90,-3175.90,,,false
1675,1,F,5,648.92,648.92,SA-26,,false
1675,2,F,5,856.65,856.65,SA-27,,false
1675,3,F,5,512.84,512.84,SA-28,,false
1675,4,F,5,608.40,608.40,SA-29,,false
1675,5,F,5,549.09,549.09,SA-30,,false
1676,0,T,2,-9433.24,-9433.24,,,false
1676,1,F,3,9433.24,9433.24,SA-21,,false
1677,0,T,2,-4221.67,-4221.67,,,false
1677,1,F,3,4107.45,4107.45,SA-27,,false
1677,2,F,8,114.22,114.22,,,false
1678,0,T,2,-6760.42,-6760.42,,,false
1678,1,F,3,6760.42,6760.42,SA-11,,false
1679,0,T,2,-13684.17,-9786.26,,,false
1679,1,F,4,1900.80,1359.36,SA-26,,false
1679,2,F,4,1436.62,1027.40,SA-27,,false
1679,3,F,4,3088.98,2209.09,SA-28,,false
1679,4,F,4,3669.08,2623.95,SA-29,,false
1679,5,F,4,3588.69,2566.46,SA-30,,false
1680,0,T,2,-12744.48,-12744.48,,,false
1680,1,F,3,12744.48,12744.48,SA-16,,false
1681,0,T,2,-14428.48,-10324.53,,,false
1681,1,F,4,3625.87,2594.55,SA-01,,false
1681,2,F,4,2814.25,2013.78,SA-02,,false
1681,3,F,4,2380.71,1703.56,SA-03,,false
1681,4,F,4,3874.66,2772.57,SA-04,,false
1681,5,F,4,1732.99,1240.07,SA-05,,false
1682,0,T,2,-18551.06,-18551.06,,,false
1682,1,F,6,18551.06,18551.06,,,false
1683,0,T,2,-4776.19,-4776.19,,,false
1683,1,F,5,737.15,737.15,SA-11,,false
1683,2,F,5,626.83,626.83,SA-12,,false
1683,3,F,5,1212.34,1212.34,SA-13,,false
1683,4,F,5,1176.69,1176.69,SA-14,,false
1683,5,F,5,1023.18,1023.18,SA-15,,false
1684,0,T,2,-5665.16,-5665.16,,,false
1684,1,F,3,5665.16,5665.16,SA-05,,false
1685,0,T,2,-7600.57,-7600.57,,,false
1685,1,F,3,7600.57,7600.57,SA-09,,false
1686,0,T,2,-13510.14,-13510.14,,,false
1686,1,F,3,13510.14,13510.14,SA-13,,false
1687,0,T,2,-6400.98,-6400.98,,,false
1687,1,F,3,971.74,971.74,SA-06,,false
1687,2,F,3,1943.54,1943.54,SA-07,,false
1687,3,F,3,1844.47,1844.47,SA-08,,false
1687,4,F,3,871.64,871.64,SA-09,,false
1687,5,F,3,769.59,769.59,SA-10,,false
1688,0,T,2,-4841.76,-4841.76,,,false
1688,1,F,3,606.78,606.78,SA-26,,false
1688,2,F,3,493.05,493.05,SA-27,,false
1688,3,F,3,1113.27,1113.27,SA-28,,false
1688,4,F,3,1272.18,1272.18,SA-29,,false
1688,5,F,3,1356.48,1356.48,SA-30,,false
1689,0,T,2,-18094.86,-18094.86,,,false
1689,1,F,3,18094.86,18094.86,,,false
1690,0,T,2,-16775.75,-16775.75,,,false
1690,1,F,3,16775.75,16775.75,SA-08,,false
1691,0,T,2,-15901.68,-15901.68,,,false
1691,1,F,3,15901.68,15901.68,SA-14,,false
1692,0,T,2,-7872.79,-7872.79,,,false
1692,1,F,3,7872.79,7872.79,SA-02,,false
1693,0,T,2,-14412.50,-14412.50,,,false
1693,1,F,3,14412.50,14412.50,SA-07,,false
1694,0,T,2,-5902.65,-5902.65,,,false
1694,1,F,5,1117.46,1117.46,SA-21,,false
1694,2,F,5,1274.53,1274.53,SA-22,,false
1694,3,F,5,1174.44,1174.44,SA-23,,false
1694,4,F,5,1467.87,1467.87,SA-24,,false
1694,5,F,5,868.35,868.35,SA-25,,false
1695,0,T,2,-16958.18,-16958.18,,,false
1695,1,F,8,16958.18,16958.18,,,false
1696,0,T,2,-8268.05,-8268.05,,,false
1696,1,F,3,8268.05,8268.05,SA-24,,false
1697,0,T,2,-9286.58,-9286.58,,,false
1697,1,F,3,9086.27,9086.27,SA-06,,false
1697,2,F,8,200.31,200.31,,,false
1698,0,T,2,-5956.56,-5956.56,,,false
1698,1,F,3,949.52,949.52,SA-21,,false
1698,2,F,3,1813.61,1813.61,SA-22,,false
1698,3,F,3,1056.28,1056.28,SA-23,,false
1698,4,F,3,1013.86,1013.86,SA-24,,false
1698,5,F,3,1123.29,1123.29,SA-25,,false
1699,0,T,2,-22823.97,-16314.82,,,false
1699,1,F,4,5107.41,3650.83,SA-16,,false
1699,2,F,4,4791.42,3424.96,SA-17,,false
1699,3,F,4,3978.10,2843.59,SA-18,,false
1699,4,F,4,4675.64,3342.20,SA-19,,false
1699,5,F,4,4271.40,3053.24,SA-20,,false
1700,0,T,2,-11382.18,-11382.18,,,false
1700,1,F,3,11382.18,11382.18,SA-18,,false
1701,0,T,2,-9308.56,-9308.56,,,false
1701,1,F,3,9308.56,9308.56,SA-01,,false
1702,0,T,2,-5171.68,-5171.68,,,false
1702,1,F,3,1223.31,1223.31,SA-01,,false
1702,2,F,3,939.85,939.85,SA-02,,false
1702,3,F,3,834.28,834.28,SA-03,,false
1702,4,F,3,1504.65,1504.65,,,false
1702,5,F,3,669.59,669.59,SA-05,,false
1703,0,T,2,-5552.98,-5552.98,,,false
1703,1,F,3,888.25,888.25,SA-11,,false
1703,2,F,3,902.88,902.88,SA-12,,false
1703,3,F,3,1801.32,1801.32,SA-13,,false
1703,4,F,3,1526.79,1526.79,SA-14,,false
1703,5,F,3,433.74,433.74,SA-15,,false
1704,0,T,2,-12829.84,-12829.84,,,false
1704,1,F,3,12829.84,12829.84,,,false
1705,0,T,2,-4574.76,-4574.76,,,false
1705,1,F,5,592.99,592.99,SA-06,,false
1705,2,F,5,777.11,777.11,SA-07,,false
1705,3,F,5,2012.27,2012.27,SA-08,,false
1705,4,F,5,669.71,669.71,SA-09,,false
1705,5,F,5,522.68,522.68,SA-10,,false
1706,0,T,2,-6670.79,-6670.79,,,false
1706,1,F,3,6670.79,6670.79,SA-10,,false
1707,0,T,2,-8024.55,-8024.55,,,false
1707,1,F,3,8024.55,8024.55,SA-23,,false
1708,0,T,2,-8770.94,-8770.94,,,false
1708,1,F,3,8770.94,8770.94,SA-25,,false
1709,0,T,2,-13609.13,-13609.13,,,false
1709,1,F,3,13609.13,13609.13,SA-19,,false
1710,0,T,2,-4211.05,-4211.05,,,false
1710,1,F,3,4211.05,4211.05,SA-15,,false
1711,0,T,2,-8270.59,-8270.59,,,false
1711,1,F,3,8270.59,8270.59,SA-03,,false
1712,0,T,2,-15029.19,-15029.19,,,false
1712,1,F,3,15029.19,15029.19,SA-17,,false
1713,0,T,2,-5809.57,-5809.57,,,false
1713,1,F,5,927.83,927.83,SA-16,,false
1713,2,F,5,1151.62,1151.62,SA-17,,false
1713,3,F,5,921.46,921.46,SA-18,,false
1713,4,F,5,1765.93,1765.93,SA-19,,false
1713,5,F,5,1042.73,1042.73,SA-20,,false
1714,0,T,2,-7542.42,-7542.42,,,false
1714,1,F,3,1547.05,1547.05,SA-16,,false
1714,2,F,3,1653.05,1653.05,SA-17,,false
1714,3,F,3,1383.73,1383.73,SA-18,,false
1714,4,F,3,1429.83,1429.83,SA-19,,false
1714,5,F,3,1528.76,1528.76,SA-20,,false
1715,0,T,2,-16088.60,-11617.15,,,false
1715,1,F,4,2241.12,1618.25,SA-06,,false
1715,2,F,4,3008.10,2172.07,SA-07,,false
1715,3,F,4,6140.55,4433.93,SA-08,,false
1715,4,F,4,2421.07,1748.19,SA-09,,false
1715,5,F,4,2277.76,1644.71,SA-10,,false
1716,0,T,2,-12765.11,-9217.34,,,false
1716,1,F,4,2338.17,1688.33,SA-26,,false
1716,2,F,4,3428.55,2475.66,SA-27,,false
1716,3,F,4,1916.10,1383.56,SA-28,,false
1716,4,F,4,2476.45,1788.18,SA-29,,false
1716,5,F,4,2605.84,1881.61,SA-30,,false
1717,0,T,2,-9354.98,-9354.98,,,false
1717,1,F,7,2381.06,2381.06,SA-01,,false
1717,2,F,7,2134.34,2134.34,SA-07,,false
1717,3,F,7,1113.69,1113.69,SA-13,,false
1717,4,F,7,2273.94,2273.94,SA-19,,false
1717,5,F,7,1451.95,1451.95,SA-25,,false
1718,0,T,2,-7555.30,-7555.30,,,false
1718,1,F,3,7555.30,7555.30,SA-02,,false
1719,0,T,2,-7201.56,-7201.56,,,false
1719,1,F,3,7201.56,7201.56,SA-06,,false
1720,0,T,2,-18780.63,-18780.63,,,false
1720,1,F,3,18780.63,18780.63,SA-19,,false
1721,0,T,2,-9111.50,-9111.50,,,false
1721,1,F,3,9111.50,9111.50,SA-09,,false
1722,0,T,2,-18193.46,-13078.17,,,false
1722,1,F,4,2524.06,1814.39,SA-11,,false
1722,2,F,4,2514.74,1807.69,SA-12,,false
1722,3,F,4,4505.76,3238.92,SA-13,,false
1722,4,F,4,4697.63,3376.84,SA-14,,false
1722,5,F,4,3951.27,2840.33,SA-15,,false
1723,0,T,2,-14831.41,-14831.41,,,false
1723,1,F,3,14831.41,14831.41,SA-14,,false
1724,0,T,2,-8485.15,-8485.15,,,false
1724,1,F,3,8485.15,8485.15,SA-26,,false
1725,0,T,2,-9453.82,-9453.82,,,false
1725,1,F,3,9453.82,9453.82,SA-27,,false
1726,0,T,2,-8982.70,-8982.70,,,false
1726,1,F,3,8586.84,8586.84,SA-30,,false
1726,2,F,8,395.86,395.86,,,false
1727,0,T,2,-6158.04,-6158.04,,,false
1727,1,F,3,6158.04,6158.04,SA-10,,false
1728,0,T,2,-18373.13,-13236.46,,,false
1728,1,F,4,3145.60,2266.17,SA-21,,false
1728,2,F,4,4018.26,2894.85,SA-22,,false
1728,3,F,4,3507.07,2526.58,SA-23,,false
1728,4,F,4,4809.88,3465.16,SA-24,,false
1728,5,F,4,2892.32,2083.70,SA-25,,false
1729,0,T,2,-5658.59,-5658.59,,,false
1729,1,F,5,1408.89,1408.89,SA-21,,false
1729,2,F,5,1467.86,1467.86,SA-22,,false
1729,3,F,5,840.45,840.45,SA-23,,false
1729,4,F,5,1004.06,1004.06,SA-24,,false
1729,5,F,5,937.33,937.33,SA-25,,false
1730,0,T,2,-10456.93,-10456.93,,,false
1730,1,F,3,10456.93,10456.93,SA-01,,false
1731,0,T,2,-9405.41,-9405.41,,,false
1731,1,F,3,9405.41,9405.41,SA-16,,false
1732,0,T,2,-14514.74,-10459.58,,,false
1732,1,F,4,3204.82,2309.45,SA-01,,false
1732,2,F,4,2172.81,1565.77,SA-02,,false
1732,3,F,4,1817.83,1309.96,SA-03,,false
1732,4,F,4,4306.21,3103.13,SA-04,,false
1732,5,F,4,3013.07,2171.27,SA-05,,false
1733,0,T,2,-24762.82,-24762.82,,,false
1733,1,F,8,24762.82,24762.82,,,false
1734,0,T,2,-11398.75,-11398.75,,,false
1734,1,F,3,11398.75,11398.75,SA-23,,false
1735,0,T,2,-9337.71,-9337.71,,,false
1735,1,F,3,9337.71,9337.71,SA-20,,false
1736,0,T,2,-3958.58,-3958.58,,,false
1736,1,F,5,812.12,812.12,SA-26,,false
1736,2,F,5,909.10,909.10,SA-27,,false
1736,3,F,5,779.96,779.96,SA-28,,false
1736,4,F,5,685.62,685.62,SA-29,,false
1736,5,F,5,771.78,771.78,SA-30,,false
1737,0,T,2,-13312.09,-13312.09,,,false
1737,1,F,3,13312.09,13312.09,SA-13,,false
1738,0,T,2,-5170.42,-5170.42,,,false
1738,1,F,3,1347.07,1347.07,SA-01,,false
1738,2,F,3,746.93,746.93,SA-02,,false
1738,3,F,3,667.64,667.64,SA-03,,false
1738,4,F,3,1465.40,1465.40,,,false
1738,5,F,3,943.38,943.38,SA-05,,false
1739,0,T,2,-6946.94,-6946.94,,,false
1739,1,F,3,1278.17,1278.17,SA-21,,false
1739,2,F,3,1346.86,1346.86,SA-22,,false
1739,3,F,3,1316.97,1316.97,,,false
1739,4,F,3,1829.56,1829.56,SA-24,,false
1739,5,F,3,1175.38,1175.38,SA-25,,false
1740,0,T,2,-20610.85,-14846.04,,,false
1740,1,F,4,3184.15,2293.55,SA-16,,false
1740,2,F,4,4823.03,3474.04,SA-17,,false
1740,3,F,4,3590.62,2586.33,SA-18,,false
1740,4,F,4,5731.90,4128.70,SA-19,,false
1740,5,F,4,3281.15,2363.42,SA-20,,false
1741,0,T,2,-4280.76,-4280.76,,,false
1741,1,F,5,587.34,587.34,SA-01,,false
1741,2,F,5,746.18,746.18,,,false
1741,3,F,5,597.86,597.86,SA-03,,false
1741,4,F,5,1426.06,1426.06,SA-04,,false
1741,5,F,5,923.32,923.32,SA-05,,false
1742,0,T,2,-7423.81,-7423.81,,,false
1742,1,F,3,7423.81,7423.81,SA-11,,false
1743,0,T,2,-5910.13,-5910.13,,,false
1743,1,F,5,903.09,903.09,SA-06,,false
1743,2,F,5,1656.96,1656.96,SA-07,,false
1743,3,F,5,1947.82,1947.82,SA-08,,false
1743,4,F,5,713.82,713.82,SA-09,,false
1743,5,F,5,688.44,688.44,SA-10,,false
1744,0,T,2,-7807.37,-7807.37,,,false
1744,1,F,3,7807.37,7807.37,SA-05,,false
1745,0,T,2,-7388.48,-7388.48,,,false
1745,1,F,3,991.90,991.90,SA-16,,false
1745,2,F,3,1590.52,1590.52,SA-17,,false
1745,3,F,3,1344.32,1344.32,SA-18,,false
1745,4,F,3,2191.00,2191.00,SA-19,,false
1745,5,F,3,1270.74,1270.74,SA-20,,false
1746,0,T,2,-4654.25,-4654.25,,,false
1746,1,F,3,866.77,866.77,SA-26,,false
1746,2,F,3,1184.23,1184.23,sa-27,,false
1746,3,F,3,695.93,695.93,SA-28,,false
1746,4,F,3,936.17,936.17,SA-29,,false
1746,5,F,3,971.15,971.15,SA-30,,false
1747,0,T,2,-10484.20,-10484.20,,,false
1747,1,F,6,10484.20,10484.20,,,false
1748,0,T,2,-6394.77,-6394.77,,,false
1748,1,F,3,928.80,928.80,SA-11,,false
1748,2,F,3,799.26,799.26,SA-12,,false
1748,3,F,3,1552.84,1552.84,SA-13,,false
1748,4,F,3,1617.30,1617.30,SA-14,,false
1748,5,F,3,1496.57,1496.57,SA-15,,false
1749,0,T,2,-9364.22,-9364.22,,,false
1749,1,F,3,9364.22,9364.22,SA-07,,false
1750,0,T,2,-6093.49,-6093.49,,,false
1750,1,F,3,813.81,813.81,SA-06,,false
1750,2,F,3,1103.82,1103.82,SA-07,,false
1750,3,F,3,2455.61,2455.61,SA-08,,false
1750,4,F,3,970.05,970.05,SA-09,,false
1750,5,F,3,750.20,750.20,SA-10,,false
1751,0,T,2,-14557.21,-14557.21,,,false
1751,1,F,3,14557.21,14557.21,SA-17,,false
1752,0,T,2,-14152.12,-14152.12,,,false
1752,1,F,3,13693.55,13693.55,SA-15,,false
1752,2,F,8,458.57,458.57,,,false
1753,0,T,2,-11989.47,-11989.47,,,false
1753,1,F,3,11989.47,11989.47,SA-18,,false
1754,0,T,2,-5478.19,-5478.19,,,false
1754,1,F,3,5478.19,5478.19,SA-28,,false
1755,0,T,2,-8378.97,-8378.97,,,false
1755,1,F,3,8378.97,8378.97,SA-12,,false
1756,0,T,2,-11748.83,-11748.83,,,false
1756,1,F,3,11748.83,11748.83,SA-21,,false
1757,0,T,2,-8584.01,-8584.01,,,false
1757,1,F,3,8584.01,8584.01,SA-25,,false
1758,0,T,2,-5220.06,-5220.06,,,false
1758,1,F,3,5220.06,5220.06,SA-03,,false
1759,0,T,2,-11450.72,-11450.72,,,false
1759,1,F,3,11450.72,11450.72,SA-22,,false
1760,0,T,2,-13516.23,-13516.23,,,false
1760,1,F,3,13516.23,13516.23,SA-04,,false
1761,0,T,2,-22836.49,-22836.49,,,false
1761,1,F,3,21660.68,21660.68,SA-08,,false
1761,2,F,8,1175.81,1175.81,,,false
1762,0,T,2,-4776.36,-4776.36,,,false
1762,1,F,5,923.69,923.69,SA-16,,false
1762,2,F,5,1030.01,1030.01,SA-17,,false
1762,3,F,5,990.56,990.56,SA-18,,false
1762,4,F,5,1101.95,1101.95,SA-19,,false
1762,5,F,5,730.15,730.15,SA-20,,false
1763,0,T,2,-5555.93,-5555.93,,,false
1763,1,F,5,1097.78,1097.78,SA-11,,false
1763,2,F,5,338.91,338.91,SA-12,,false
1763,3,F,5,2042.47,2042.47,SA-13,,false
1763,4,F,5,716.70,716.70,SA-14,,false
1763,5,F,5,1360.07,1360.07,SA-15,,false
1764,0,T,2,-16837.62,-16837.62,,,false
1764,1,F,3,16837.62,16837.62,SA-24,,false
1765,0,T,2,-6676.77,-6676.77,,,false
1765,1,F,3,6676.77,6676.77,SA-29,,false
1766,0,T,2,-21846.96,-15669.12,,,false
1766,1,F,4,2568.65,1842.29,SA-06,,false
1766,2,F,4,7220.43,5178.65,SA-07,,false
1766,3,F,4,6684.07,4793.96,SA-08,,false
1766,4,F,4,3045.12,2184.03,SA-09,,false
1766,5,F,4,2328.69,1670.19,SA-10,,false
1767,0,T,2,-18551.40,-13377.46,,,false
1767,1,F,4,3748.61,2703.13,SA-16,,false
1767,2,F,4,4231.00,3050.98,SA-17,,false
1767,3,F,4,3831.27,2762.74,SA-18,,false
1767,4,F,4,3732.35,2691.41,SA-19,,false
1767,5,F,4,3008.17,2169.20,SA-20,,false
1768,0,T,2,-15501.81,-11178.39,,,false
1768,1,F,4,3451.13,2488.62,,,false
1768,2,F,4,2574.96,1856.81,SA-27,,false
1768,3,F,4,2636.39,1901.11,SA-28,,false
1768,4,F,4,2969.04,2140.98,SA-29,,false
1768,5,F,4,3870.29,2790.87,SA-30,,false
1769,0,T,2,-8238.85,-8238.85,,,false
1769,1,F,7,1215.41,1215.41,SA-01,,false
1769,2,F,7,2184.05,2184.05,SA-07,,false
1769,3,F,7,904.39,904.39,SA-13,,false
1769,4,F,7,2121.01,2121.01,SA-19,,false
1769,5,F,7,1813.99,1813.99,SA-25,,false
1770,0,T,2,-12856.88,-12856.88,,,false
1770,1,F,3,12856.88,12856.88,SA-16,,false
1771,0,T,2,-3427.14,-3427.14,,,false
1771,1,F,3,3427.14,3427.14,SA-12,,false
1772,0,T,2,-9947.50,-9947.50,,,false
1772,1,F,3,9947.50,9947.50,SA-19,,false
1773,0,T,2,-17520.02,-17520.02,,,false
1773,1,F,3,17520.02,17520.02,SA-15,,false
1774,0,T,2,-8628.96,-8628.96,,,false
1774,1,F,3,8628.96,8628.96,SA-27,,false
1775,0,T,2,-19426.53,-13951.99,,,false
1775,1,F,4,4424.16,3177.40,SA-21,,false
1775,2,F,4,4626.64,3322.82,SA-22,,false
1775,3,F,4,3088.55,2218.17,SA-23,,false
1775,4,F,4,3977.50,2856.61,,,false
1775,5,F,4,3309.68,2376.99,SA-25,,false
1776,0,T,2,-8685.73,-8685.73,,,false
1776,1,F,3,8685.73,8685.73,SA-09,,false
1777,0,T,2,-11131.47,-11131.47,,,false
1777,1,F,3,11131.47,11131.47,SA-30,,false
1778,0,T,2,-4992.78,-4992.78,,,false
1778,1,F,5,1307.25,1307.25,SA-21,,false
1778,2,F,5,966.49,966.49,SA-22,,false
1778,3,F,5,1078.41,1078.41,SA-23,,false
1778,4,F,5,1169.06,1169.06,SA-24,,false
1778,5,F,5,471.57,471.57,SA-25,,false
1779,0,T,2,-7369.42,-7369.42,,,false
1779,1,F,3,6973.52,6973.52,SA-03,,false
1779,2,F,8,395.90,395.90,,,false
1780,0,T,2,-7899.94,-7899.94,,,false
1780,1,F,3,7899.94,7899.94,SA-10,,false
1781,0,T,2,-9056.49,-9056.49,,,false
1781,1,F,3,9056.49,9056.49,SA-26,,false
1782,0,T,2,-13709.27,-13709.27,,,false
1782,1,F,3,13125.60,13125.60,SA-21,,false
1782,2,F,8,583.67,583.67,,,false
1783,0,T,2,-8310.27,-8310.27,,,false
1783,1,F,3,8310.27,8310.27,SA-23,,false
1784,0,T,2,-11594.55,-11594.55,,,false
1784,1,F,3,11594.55,11594.55,SA-05,,false
1785,0,T,2,-26683.11,-26683.11,,,false
1785,1,F,3,26683.11,26683.11,SA-13,,false
1786,0,T,2,-6838.87,-6838.87,,,false
1786,1,F,3,1301.75,1301.75,SA-11,,false
1786,2,F,3,399.08,399.08,sa-12 ,,false
1786,3,F,3,2555.77,2555.77,SA-13,,false
1786,4,F,3,887.08,887.08,SA-14,,false
1786,5,F,3,1695.19,1695.19,SA-15,,false
1787,0,T,2,-7040.28,-7040.28,,,false
1787,1,F,5,1175.57,1175.57,SA-16,,false
1787,2,F,5,1255.30,1255.30,SA-17,,false
1787,3,F,5,1103.30,1103.30,SA-18,,false
1787,4,F,5,2182.76,2182.76,SA-19,,false
1787,5,F,5,1323.35,1323.35,SA-20,,false
1788,0,T,2,-3678.17,-3678.17,,,false
1788,1,F,5,743.65,743.65,SA-26,,false
1788,2,F,5,809.33,809.33,SA-27,,false
1788,3,F,5,679.66,679.66,SA-28,,false
1788,4,F,5,1013.24,1013.24,SA-29,,false
1788,5,F,5,432.29,432.29,SA-30,,false
1789,0,T,2,-8305.51,-8305.51,,,false
1789,1,F,3,8305.51,8305.51,SA-02,,false
1790,0,T,2,-11482.11,-11482.11,,,false
1790,1,F,3,11482.11,11482.11,SA-20,,false
1791,0,T,2,-5485.45,-5485.45,,,false
1791,1,F,3,1058.04,1058.04,SA-26,,false
1791,2,F,3,1072.30,1072.30,SA-27,,false
1791,3,F,3,1041.60,1041.60,SA-28,,false
1791,4,F,3,939.69,939.69,SA-29,,false
1791,5,F,3,1373.82,1373.82,SA-30,,false
1792,0,T,2,-6787.83,-6787.83,,,false
1792,1,F,5,492.12,492.12,SA-11,,false
1792,2,F,5,920.86,920.86,SA-12,,false
1792,3,F,5,2604.12,2604.12,SA-13,,false
1792,4,F,5,1193.00,1193.00,SA-14,,false
1792,5,F,5,1577.73,1577.73,SA-15,,false
1793,0,T,2,-9376.18,-9376.18,,,false
1793,1,F,3,9376.18,9376.18,SA-14,,false
1794,0,T,2,-5578.12,-5578.12,,,false
1794,1,F,3,952.32,952.32,sa-01 ,,false
1794,2,F,3,905.93,905.93, SA-02,,false
1794,3,F,3,746.16,746.16,SA-03,,false
1794,4,F,3,1630.14,1630.14,SA-04,,false
1794,5,F,3,1343.57,1343.57,SA-05,,false
1795,0,T,2,-4640.03,-4640.03,,,false
1795,1,F,5,713.45,713.45,SA-01,,false
1795,2,F,5,972.41,972.41,SA-02,,false
1795,3,F,5,595.24,595.24,SA-03,,false
1795,4,F,5,1652.91,1652.91,SA-04,,false
1795,5,F,5,706.02,706.02,SA-05,,false
1796,0,T,2,-7322.26,-7322.26,,,false
1796,1,F,3,1841.33,1841.33,SA-21,,false
1796,2,F,3,1677.10,1677.10,SA-22,,false
1796,3,F,3,1076.42,1076.42,SA-23,,false
1796,4,F,3,1634.68,1634.68,SA-24,,false
1796,5,F,3,1092.73,1092.73,SA-25,,false
1797,0,T,2,-15016.53,-10823.38,,,false
1797,1,F,4,2374.94,1711.77,SA-01,,false
1797,2,F,4,2584.51,1862.82,SA-02,,false
1797,3,F,4,2003.90,1444.34,SA-03,,false
1797,4,F,4,4661.59,3359.91,SA-04,,false
1797,5,F,4,3391.59,2444.54,SA-05,,false
1798,0,T,2,-16264.36,-16264.36,,,false
1798,1,F,3,16264.36,16264.36,SA-04,,false
1799,0,T,2,-11859.31,-11859.31,,,false
1799,1,F,3,11859.31,11859.31,SA-18,,false
1800,0,T,2,-20164.12,-14532.99,,,false
1800,1,F,4,4091.92,2949.19,SA-11,,false
1800,2,F,4,1198.69,863.94,SA-12,,false
1800,3,F,4,7487.37,5396.41,SA-13,,false
1800,4,F,4,2731.75,1968.87,SA-14,,false
1800,5,F,4,4654.39,3354.58,SA-15,,false
1801,0,T,2,-17976.00,-17976.00,,,false
1801,1,F,3,17976.00,17976.00,SA-08,,false
1802,0,T,2,-8487.71,-8487.71,,,false
1802,1,F,3,8487.71,8487.71,SA-29,,false
1803,0,T,2,-22395.22,-22395.22,,,false
1803,1,F,8,22395.22,22395.22,,,false
1804,0,T,2,-9291.04,-9291.04,,,false
1804,1,F,3,9291.04,9291.04,SA-25,,false
1805,0,T,2,-9337.11,-9337.11,,,false
1805,1,F,3,8930.02,8930.02,SA-01,,false
1805,2,F,8,407.09,407.09,,,false
1806,0,T,2,-7852.83,-7852.83,,,false
1806,1,F,3,7852.83,7852.83,SA-28,,false
1807,0,T,2,-20140.48,-20140.48,,,false
1807,1,F,3,20140.48,20140.48,,,false
1808,0,T,2,-7085.90,-7085.90,,,false
1808,1,F,5,1598.87,1598.87,SA-06,,false
1808,2,F,5,1475.47,1475.47,SA-07,,false
1808,3,F,5,1896.64,1896.64,SA-08,,false
1808,4,F,5,1035.41,1035.41,SA-09,,false
1808,5,F,5,1079.51,1079.51,SA-10,,false
1809,0,T,2,-12297.93,-12297.93,,,false
1809,1,F,3,12297.93,12297.93,SA-11,,false
1810,0,T,2,-7882.60,-7882.60,,,false
1810,1,F,3,1041.28,1041.28,SA-06 ,,false
1810,2,F,3,2566.51,2566.51,SA-07,,false
1810,3,F,3,2505.57,2505.57,SA-08,,false
1810,4,F,3,958.02,958.02,SA-09,,false
1810,5,F,3,811.22,811.22,SA-10,,false
1811,0,T,2,-7159.71,-7159.71,,,false
1811,1,F,3,1225.89,1225.89,SA-16,,false
1811,2,F,3,1781.17,1781.17,SA-17,,false
1811,3,F,3,1589.88,1589.88,SA-18,,false
1811,4,F,3,1317.62,1317.62,SA-19,,false
1811,5,F,3,1245.15,1245.15,SA-20,,false
1812,0,T,2,-18088.39,-18088.39,,,false
1812,1,F,6,18088.39,18088.39,,,false
1813,0,T,2,-15592.71,-15592.71,,,false
1813,1,F,3,15592.71,15592.71,SA-24,,false
1814,0,T,2,-13064.65,-13064.65,,,false
1814,1,F,3,13064.65,13064.65,SA-17,,false
1815,0,T,2,-13560.00,-13560.00,,,false
1815,1,F,3,13560.00,13560.00,SA-22,,false
1816,0,T,2,-8307.13,-8307.13,,,false
1816,1,F,3,8307.13,8307.13,SA-06,,false
1817,0,T,2,-8669.57,-8669.57,,,false
1817,1,F,7,2246.85,2246.85,SA-01,,false
1817,2,F,7,2322.71,2322.71,SA-07,,false
1817,3,F,7,1223.92,1223.92,SA-13,,false
1817,4,F,7,1483.78,1483.78,SA-19,,false
1817,5,F,7,1392.31,1392.31,SA-25,,false
1818,0,T,2,-10695.73,-10695.73,,,false
1818,1,F,3,10695.73,10695.73,SA-27,,false
1819,0,T,2,-20536.25,-14646.47,,,false
1819,1,F,4,5713.75,4075.05,SA-21,,false
1819,2,F,4,4183.19,2983.46,SA-22,,false
1819,3,F,4,3730.09,2660.30,SA-23,,false
1819,4,F,4,5362.52,3824.55,SA-24,,false
1819,5,F,4,1546.70,1103.11,SA-25,,false
1820,0,T,2,-12833.05,-9152.54,,,false
1820,1,F,4,2320.33,1654.86,SA-26,,false
1820,2,F,4,3402.69,2426.80,SA-27,,false
1820,3,F,4,2617.51,1866.81,SA-28,,false
1820,4,F,4,3060.64,2182.85,SA-29,,false
1820,5,F,4,1431.88,1021.22,SA-30,,false
1821,0,T,2,-7632.23,-7632.23,,,false
1821,1,F,3,7632.23,7632.23,SA-26,,false
1822,0,T,2,-21789.26,-21789.26,,,false
1822,1,F,3,21789.26,21789.26,SA-08,,false
1823,0,T,2,-19440.83,-19440.83,,,false
1823,1,F,3,19440.83,19440.83,SA-15,,false
1824,0,T,2,-25026.09,-17896.78,,,false
1824,1,F,4,1561.64,1116.77,SA-11,,false
1824,2,F,4,3198.20,2287.11,SA-12,,false
1824,3,F,4,9762.53,6981.43,SA-13,,false
1824,4,F,4,5009.31,3582.28,SA-14,,false
1824,5,F,4,5494.41,3929.19,SA-15,,false
1825,0,T,2,-23426.79,-16804.07,,,false
1825,1,F,4,5005.54,3590.48,SA-06,,false
1825,2,F,4,4354.15,3123.24,SA-07,,false
1825,3,F,4,6348.71,4553.94,SA-08,,false
1825,4,F,4,3771.28,2705.14,SA-09,,false
1825,5,F,4,3947.11,2831.27,SA-10,,false
1826,0,T,2,-6201.08,-6201.08,,,false
1826,1,F,5,1085.68,1085.68,SA-21,,false
1826,2,F,5,1747.27,1747.27,SA-22,,false
1826,3,F,5,1335.17,1335.17,SA-23,,false
1826,4,F,5,1260.64,1260.64, SA-24,,false
1826,5,F,5,772.32,772.32,SA-25,,false
1827,0,T,2,-6595.98,-6595.98,,,false
1827,1,F,3,6595.98,6595.98,SA-03,,false
1828,0,T,2,-14407.13,-14407.13,,,false
1828,1,F,3,14407.13,14407.13,SA-20,,false
1829,0,T,2,-12632.41,-12632.41,,,false
1829,1,F,3,12006.66,12006.66,SA-09,,false
1829,2,F,8,625.75,625.75,,,false
1830,0,T,2,-10661.35,-10661.35,,,false
1830,1,F,3,10661.35,10661.35,SA-29,,false
1831,0,T,2,-10380.14,-10380.14,,,false
1831,1,F,3,10380.14,10380.14,SA-12,,false
1832,0,T,2,-17305.42,-12414.59,,,false
1832,1,F,4,2928.29,2100.70,SA-01,,false
1832,2,F,4,3601.24,2583.46,SA-02,,false
1832,3,F,4,2080.09,1492.22,SA-03,,false
1832,4,F,4,5905.82,4236.73,SA-04,,false
1832,5,F,4,2789.98,2001.48,SA-05,,false
1833,0,T,2,-7024.28,-7024.28,,,false
1833,1,F,3,7024.28,7024.28,,,false
1834,0,T,2,-6417.23,-6417.23,,,false
1834,1,F,3,1086.17,1086.17,SA-01,,false
1834,2,F,3,1258.52,1258.52,SA-02,,false
1834,3,F,3,760.41,760.41,SA-03,,false
1834,4,F,3,2359.39,2359.39,SA-04,,false
1834,5,F,3,952.74,952.74,SA-05,,false
1835,0,T,2,-4592.44,-4592.44,,,false
1835,1,F,5,823.13,823.13,SA-06,,false
1835,2,F,5,1254.08,1254.08,SA-07,,false
1835,3,F,5,1302.54,1302.54,SA-08,,false
1835,4,F,5,903.14,903.14,SA-09,,false
1835,5,F,5,309.55,309.55,SA-10,,false
1836,0,T,2,-14976.61,-14976.61,,,false
1836,1,F,3,14976.61,14976.61,SA-22,,false
1837,0,T,2,-11409.00,-11409.00,,,false
1837,1,F,3,11409.00,11409.00,SA-23,,false
1838,0,T,2,-5349.55,-5349.55,,,false
1838,1,F,3,5134.93,5134.93,SA-25,,false
1838,2,F,8,214.62,214.62,,,false
1839,0,T,2,-8794.87,-8794.87,,,false
1839,1,F,3,8794.87,8794.87,SA-01,,false
1840,0,T,2,-11285.01,-11285.01,,,false
1840,1,F,3,10671.11,10671.11,SA-02,,false
1840,2,F,8,613.90,613.90,,,false
1841,0,T,2,-6349.86,-6349.86,,,false
1841,1,F,5,719.71,719.71,SA-16,,false
1841,2,F,5,1834.56,1834.56,,,false
1841,3,F,5,820.22,820.22,SA-18,,false
1841,4,F,5,1675.11,1675.11,SA-19,,false
1841,5,F,5,1300.26,1300.26,sa-20 ,,false
1842,0,T,2,-30769.02,-30769.02,,,false
1842,1,F,3,30769.02,30769.02,SA-13,,false
1843,0,T,2,-27576.25,-19614.82,,,false
1843,1,F,4,5776.14,4108.53,SA-16,,false
1843,2,F,4,6095.67,4335.81,SA-17,,false
1843,3,F,4,3176.55,2259.46,SA-18,,false
1843,4,F,4,7976.02,5673.30,SA-19,,false
1843,5,F,4,4551.87,3237.72,SA-20,,false
1844,0,T,2,-26779.63,-26779.63,,,false
1844,1,F,3,25961.58,25961.58,SA-19,,false
1844,2,F,8,818.05,818.05,,,false
1845,0,T,2,-16101.59,-16101.59,,,false
1845,1,F,3,16101.59,16101.59,SA-07,,false
1846,0,T,2,-4095.54,-4095.54,,,false
1846,1,F,3,3932.08,3932.08,SA-30,,false
1846,2,F,8,163.46,163.46,,,false
1847,0,T,2,-4398.90,-4398.90,,,false
1847,1,F,5,1096.59,1096.59,SA-26,,false
1847,2,F,5,954.31,954.31,SA-27,,false
1847,3,F,5,1080.29,1080.29,SA-28,,false
1847,4,F,5,722.89,722.89,SA-29,,false
1847,5,F,5,544.82,544.82,SA-30,,false
1848,0,T,2,-12759.52,-12759.52,,,false
1848,1,F,6,12759.52,12759.52,,,false
1849,0,T,2,-6872.02,-6872.02,,,false
1849,1,F,5,611.99,611.99,,,false
1849,2,F,5,660.35,660.35,SA-12,,false
1849,3,F,5,2354.59,2354.59,SA-13,,false
1849,4,F,5,2054.99,2054.99,SA-14,,false
1849,5,F,5,1190.10,1190.10,SA-15,,false
1850,0,T,2,-17252.58,-17252.58,,,false
1850,1,F,3,17252.58,17252.58,SA-04,,false
1851,0,T,2,-9363.21,-9363.21,,,false
1851,1,F,3,562.69,562.69,SA-11,,false
1851,2,F,3,1159.61,1159.61,SA-12,,false
1851,3,F,3,3562.54,3562.54,SA-13,,false
1851,4,F,3,1891.62,1891.62,SA-14,,false
1851,5,F,3,2186.75,2186.75,SA-15,,false
1852,0,T,2,-4767.04,-4767.04,,,false
1852,1,F,3,919.88,919.88,SA-26,,false
1852,2,F,3,1242.93,1242.93,SA-27,,false
1852,3,F,3,918.83,918.83,SA-28,,false
1852,4,F,3,1205.48,1205.48,SA-29,,false
1852,5,F,3,479.92,479.92,SA-30,,false
1853,0,T,2,-18841.44,-18841.44,,,false
1853,1,F,3,18841.44,18841.44,SA-17,,false
1854,0,T,2,-18888.53,-18888.53,,,false
1854,1,F,8,18888.53,18888.53,,,false
1855,0,T,2,-16920.77,-16920.77,,,false
1855,1,F,3,16920.77,16920.77,SA-24,,false
1856,0,T,2,-9377.68,-9377.68,,,false
1856,1,F,3,9377.68,9377.68,SA-18,,false
1857,0,T,2,-5031.66,-5031.66,,,false
1857,1,F,5,1187.57,1187.57,SA-01,,false
1857,2,F,5,806.34,806.34,SA-02,,false
1857,3,F,5,1059.67,1059.67,SA-03,,false
1857,4,F,5,1563.31,1563.31,SA-04,,false
1857,5,F,5,414.77,414.77,SA-05,,false
1858,0,T,2,-14621.04,-14621.04,,,false
1858,1,F,3,14621.04,14621.04,SA-16,,false
1859,0,T,2,-18134.18,-18134.18,,,false
1859,1,F,3,18134.18,18134.18,SA-14,,false
1860,0,T,2,-7474.47,-7474.47,,,false
1860,1,F,3,1951.27,1951.27,SA-21,,false
1860,2,F,3,1725.16,1725.16,SA-22,,false
1860,3,F,3,1466.45,1466.45,SA-23,,false
1860,4,F,3,1769.97,1769.97,SA-24,,false
1860,5,F,3,561.62,561.62,SA-25,,false
1861,0,T,2,-16973.11,-16973.11,,,false
1861,1,F,3,16973.11,16973.11,SA-21,,false
1862,0,T,2,-13213.32,-13213.32,,,false
1862,1,F,3,13213.32,13213.32,SA-10,,false
1863,0,T,2,-9859.92,-9859.92,,,false
1863,1,F,3,1971.23,1971.23,SA-16,,false
1863,2,F,3,2190.91,2190.91,SA-17,,false
1863,3,F,3,1256.91,1256.91,SA-18,,false
1863,4,F,3,2795.66,2795.66,SA-19,,false
1863,5,F,3,1645.21,1645.21,sa-20,,false
1864,0,T,2,-18713.90,-18713.90,,,false
1864,1,F,3,18713.90,18713.90,SA-06,,false
1865,0,T,2,-4900.55,-4900.55,,,false
1865,1,F,3,4900.55,4900.55,SA-11,,false
1866,0,T,2,-8880.94,-8880.94,,,false
1866,1,F,3,1966.44,1966.44,SA-06,,false
1866,2,F,3,1570.34,1570.34,SA-07,,false
1866,3,F,3,2741.36,2741.36,SA-08,,false
1866,4,F,3,1323.68,1323.68,SA-09,,false
1866,5,F,3,1279.12,1279.12,SA-10,,false
1867,0,T,2,-8948.54,-8948.54,,,false
1867,1,F,3,8948.54,8948.54,SA-05,,false
1868,0,T,2,-8419.65,-8419.65,,,false
1868,1,F,7,2205.05,2205.05,SA-01,,false
1868,2,F,7,1297.79,1297.79,SA-07,,false
1868,3,F,7,1161.95,1161.95,SA-13,,false
1868,4,F,7,1450.64,1450.64,SA-19,,false
1868,5,F,7,2304.22,2304.22,SA-25,,false
1869,0,T,2,-9117.43,-9117.43,,,false
1869,1,F,3,9117.43,9117.43,SA-06,,false
1870,0,T,2,-15513.66,-11172.04,,,false
1870,1,F,4,4286.20,3086.67,SA-26,,false
1870,2,F,4,3240.67,2333.74,SA-27,,false
1870,3,F,4,3487.55,2511.53,SA-28,,false
1870,4,F,4,2715.89,1955.83,,,false
1870,5,F,4,1783.35,1284.27,SA-30,,false
1871,0,T,2,-8969.99,-8969.99,,,false
1871,1,F,3,8969.99,8969.99,SA-16,,false
1872,0,T,2,-10274.82,-10274.82,,,false
1872,1,F,3,10274.82,10274.82,SA-27,,false
1873,0,T,2,-22439.51,-16116.93,,,false
1873,1,F,4,4422.28,3176.25,SA-21,,false
1873,2,F,4,5366.70,3854.57,SA-22,,false
1873,3,F,4,4865.41,3494.53,SA-23 ,,false
1873,4,F,4,4577.74,3287.91,SA-24,,false
1873,5,F,4,3207.38,2303.67,SA-25,,false
1874,0,T,2,-8969.49,-8969.49,,,false
1874,1,F,3,8969.49,8969.49,SA-02,,false
1875,0,T,2,-20556.16,-20556.16,,,false
1875,1,F,3,19559.50,19559.50,SA-19,,false
1875,2,F,8,996.66,996.66,,,false
1876,0,T,2,-7777.84,-7777.84,,,false
1876,1,F,3,7777.84,7777.84,SA-09,,false
1877,0,T,2,-4301.11,-4301.11,,,false
1877,1,F,3,4301.11,4301.11,SA-10,,false
1878,0,T,2,-14049.71,-14049.71,,,false
1878,1,F,3,14049.71,14049.71,SA-04,,false
1879,0,T,2,-24782.14,-17804.90,,,false
1879,1,F,4,2539.23,1824.33,SA-11,,false
1879,2,F,4,2426.91,1743.63,SA-12,,false
1879,3,F,4,8818.43,6335.66,SA-13,,false
1879,4,F,4,7336.06,5270.64,SA-14,,false
1879,5,F,4,3661.51,2630.64,SA-15,,false
1880,0,T,2,-17357.07,-12492.45,,,false
1880,1,F,4,3003.85,2161.97,SA-06,,false
1880,2,F,4,4329.61,3116.16,SA-07,,false
1880,3,F,4,5996.45,4315.84,SA-08,,false
1880,4,F,4,2884.04,2075.74,SA-09,,false
1880,5,F,4,1143.12,822.74,SA-10,,false
1881,0,T,2,-12232.50,-12232.50,,,false
1881,1,F,3,12232.50,12232.50,SA-03,,false
1882,0,T,2,-12732.69,-12732.69,,,false
1882,1,F,3,12732.69,12732.69,SA-07,,false
1883,0,T,2,-25000.71,-17989.37,,,false
1883,1,F,4,2959.51,2129.53,SA-16,,false
1883,2,F,4,6656.27,4789.55,SA-17,,false
1883,3,F,4,3744.87,2694.64,SA-18,,false
1883,4,F,4,6618.88,4762.64,SA-19,,false
1883,5,F,4,5021.18,3613.01,SA-20,,false
1884,0,T,2,-14716.76,-14716.76,,,false
1884,1,F,3,14716.76,14716.76,SA-01,,false
1885,0,T,2,-9127.71,-9127.71,,,false
1885,1,F,3,909.03,909.03,SA-11,,false
1885,2,F,3,873.93,873.93,SA-12,,false
1885,3,F,3,3081.99,3081.99,SA-13,,false
1885,4,F,3,2817.38,2817.38,SA-14,,false
1885,5,F,3,1445.38,1445.38,SA-15,,false
1886,0,T,2,-8443.90,-8443.90,,,false
1886,1,F,3,1054.81,1054.81,SA-16,,false
1886,2,F,3,2250.51,2250.51,SA-17,,false
1886,3,F,3,1147.19,1147.19,SA-18,,false
1886,4,F,3,2060.62,2060.62,SA-19,,false
1886,5,F,3,1930.77,1930.77,SA-20,,false
1887,0,T,2,-5555.30,-5555.30,,,false
1887,1,F,3,1601.87,1601.87,SA-26,,false
1887,2,F,3,1138.18,1138.18,SA-27,,false
1887,3,F,3,1380.39,1380.39,SA-28,,false
1887,4,F,3,838.92,838.92,SA-29,,false
1887,5,F,3,595.94,595.94,SA-30,,false
1888,0,T,2,-18169.13,-13023.36,,,false
1888,1,F,4,4288.40,3073.86,SA-01,,false
1888,2,F,4,3409.07,2443.57,SA-02,,false
1888,3,F,4,3662.79,2625.43,SA-03,,false
1888,4,F,4,4920.41,3526.88,,,false
1888,5,F,4,1888.46,1353.62,SA-05,,false
1889,0,T,2,-18899.95,-18899.95,,,false
1889,1,F,3,18899.95,18899.95,SA-08,,false
1890,0,T,2,-10574.09,-10574.09,,,false
1890,1,F,3,10574.09,10574.09,SA-25,,false
1891,0,T,2,-18876.82,-18876.82,,,false
1891,1,F,3,18876.82,18876.82,SA-17,,false
1892,0,T,2,-3350.21,-3350.21,,,false
1892,1,F,5,517.62,517.62,SA-26,,false
1892,2,F,5,512.34,512.34,SA-27,,false
1892,3,F,5,970.79,970.79,,,false
1892,4,F,5,857.19,857.19,SA-29,,false
1892,5,F,5,492.27,492.27,SA-30,,false
1893,0,T,2,-14549.29,-14549.29,,,false
1893,1,F,3,14549.29,14549.29,SA-21,,false
1894,0,T,2,-6480.66,-6480.66,,,false
1894,1,F,3,1013.10,1013.10,SA-06,,false
1894,2,F,3,1708.93,1708.93,SA-07,,false
1894,3,F,3,2214.00,2214.00,SA-08,,false
1894,4,F,3,1069.39,1069.39,SA-09,,false
1894,5,F,3,475.24,475.24,SA-10,,false
1895,0,T,2,-19143.40,-19143.40,,,false
1895,1,F,3,19143.40,19143.40,,,false
1896,0,T,2,-7977.99,-7977.99,,,false
1896,1,F,3,7977.99,7977.99,SA-11,,false
1897,0,T,2,-4966.19,-4966.19,,,false
1897,1,F,5,1127.71,1127.71,SA-01,,false
1897,2,F,5,929.09,929.09,SA-02,,false
1897,3,F,5,507.04,507.04,SA-03,,false
1897,4,F,5,1826.66,1826.66,SA-04,,false
1897,5,F,5,575.69,575.69,SA-05,,false
1898,0,T,2,-6321.15,-6321.15,,,false
1898,1,F,5,873.45,873.45,SA-21,,false
1898,2,F,5,1626.67,1626.67,SA-22,,false
1898,3,F,5,1030.06,1030.06,SA-23,,false
1898,4,F,5,1831.49,1831.49,SA-24,,false
1898,5,F,5,959.48,959.48,SA-25,,false
1899,0,T,2,-11498.74,-11498.74,,,false
1899,1,F,3,11498.74,11498.74,SA-18,,false
1900,0,T,2,-22325.37,-22325.37,,,false
1900,1,F,3,22325.37,22325.37,SA-14,,false
1901,0,T,2,-6556.97,-6556.97,,,false
1901,1,F,3,1661.26,1661.26,SA-01,,false
1901,2,F,3,1204.86,1204.86,SA-02,,false
1901,3,F,3,1164.38,1164.38,SA-03,,false
1901,4,F,3,1827.11,1827.11,SA-04,,false
1901,5,F,3,699.36,699.36,SA-05,,false
1902,0,T,2,-8363.25,-8363.25,,,false
1902,1,F,3,1378.56,1378.56,SA-21,,false
1902,2,F,3,1937.47,1937.47,,,false
1902,3,F,3,1925.37,1925.37,sa-23 ,,false
1902,4,F,3,1883.84,1883.84,SA-24,,false
1902,5,F,3,1238.01,1238.01,SA-25,,false
1903,0,T,2,-6057.74,-6057.74,,,false
1903,1,F,5,817.29,817.29,SA-06,,false
1903,2,F,5,1793.55,1793.55,SA-07,,false
1903,3,F,5,1317.66,1317.66,SA-08,,false
1903,4,F,5,975.03,975.03,SA-09,,false
1903,5,F,5,1154.21,1154.21,SA-10,,false
1904,0,T,2,-15779.73,-15779.73,,,false
1904,1,F,3,15779.73,15779.73,SA-20,,false
1905,0,T,2,-8696.70,-8696.70,,,false
1905,1,F,3,8696.70,8696.70,SA-29,,false
1906,0,T,2,-5728.84,-5728.84,,,false
1906,1,F,5,1074.94,1074.94,SA-16,,false
1906,2,F,5,967.12,967.12,SA-17,,false
1906,3,F,5,1123.31,1123.31,SA-18,,false
1906,4,F,5,1546.44,1546.44,sa-19 ,,false
1906,5,F,5,1017.03,1017.03,SA-20,,false
1907,0,T,2,-5565.06,-5565.06,,,false
1907,1,F,5,795.43,795.43,SA-11,,false
1907,2,F,5,865.31,865.31,SA-12,,false
1907,3,F,5,979.44,979.44,SA-13,,false
1907,4,F,5,1215.12,1215.12,SA-14,,false
1907,5,F,5,1709.76,1709.76,SA-15,,false
1908,0,T,2,-15518.85,-15518.85,,,false
1908,1,F,3,15518.85,15518.85,SA-23,,false
1909,0,T,2,-10641.52,-10641.52,,,false
1909,1,F,6,10641.52,10641.52,,,false
1910,0,T,2,-13884.65,-13884.65,,,false
1910,1,F,3,13884.65,13884.65,SA-26,,false
1911,0,T,2,-17014.43,-17014.43,,,false
1911,1,F,3,17014.43,17014.43,SA-24,,false
1912,0,T,2,-25951.05,-25951.05,,,false
1912,1,F,3,25951.05,25951.05,SA-13,,false
1913,0,T,2,-12012.01,-12012.01,,,false
1913,1,F,3,12012.01,12012.01,,,false
1914,0,T,2,-14131.46,-14131.46,,,false
1914,1,F,3,14131.46,14131.46,SA-15,,false
1915,0,T,2,-12737.29,-12737.29,,,false
1915,1,F,8,12737.29,12737.29,,,false
1916,0,T,2,-5133.72,-5133.72,,,false
1916,1,F,3,4991.47,4991.47,SA-05,,false
1916,2,F,8,142.25,142.25,,,false
1917,0,T,2,-5608.64,-5608.64,,,false
1917,1,F,3,5608.64,5608.64,SA-30,,false
1918,0,T,2,-7193.39,-7193.39,,,false
1918,1,F,3,7193.39,7193.39,SA-12,,false
1919,0,T,2,-21380.74,-15413.77,,,false
1919,1,F,4,3204.27,2310.02,SA-06,,false
1919,2,F,4,5969.33,4303.40,,,false
1919,3,F,4,5246.77,3782.49,SA-08,,false
1919,4,F,4,3198.03,2305.52,SA-09,,false
1919,5,F,4,3762.34,2712.34,SA-10,,false
1920,0,T,2,-7721.98,-7721.98,,,false
1920,1,F,7,1324.93,1324.93,SA-01,,false
1920,2,F,7,1275.57,1275.57,SA-07,,false
1920,3,F,7,2042.78,2042.78,SA-13,,false
1920,4,F,7,1703.69,1703.69,SA-19,,false
1920,5,F,7,1375.01,1375.01,SA-25,,false
1921,0,T,2,-11520.56,-11520.56,,,false
1921,1,F,3,11520.56,11520.56,SA-02,,false
1922,0,T,2,-5558.67,-5558.67,,,false
1922,1,F,3,5265.25,5265.25,SA-03,,false
1922,2,F,8,293.42,293.42,,,false
1923,0,T,2,-19710.39,-19710.39,,,false
1923,1,F,3,19710.39,19710.39,SA-04,,false
1924,0,T,2,-20464.09,-20464.09,,,false
1924,1,F,3,20464.09,20464.09,SA-07,,false
1925,0,T,2,-8105.55,-8105.55,,,false
1925,1,F,3,8105.55,8105.55,,,false
1926,0,T,2,-6258.29,-6258.29,,,false
1926,1,F,3,6258.29,6258.29,SA-05,,false
1927,0,T,2,-12900.94,-12900.94,,,false
1927,1,F,6,12900.94,12900.94,,,false
1928,0,T,2,-22574.88,-16334.10,,,false
1928,1,F,4,3591.66,2598.75,SA-21,,false
1928,2,F,4,6065.96,4389.04,SA-22,,false
1928,3,F,4,3863.38,2795.36,SA-23,,false
1928,4,F,4,5762.50,4169.47,,,false
1928,5,F,4,3291.38,2381.48,SA-25,,false
1929,0,T,2,-9291.25,-9291.25,,,false
1929,1,F,3,9291.25,9291.25,SA-09,,false
1930,0,T,2,-6215.37,-6215.37,,,false
1930,1,F,3,6215.37,6215.37,,,false
1931,0,T,2,-11674.63,-8424.50,,,false
1931,1,F,4,1717.48,1239.35,SA-26,,false
1931,2,F,4,1723.10,1243.40,SA-27,,false
1931,3,F,4,2865.03,2067.43,SA-28,,false
1931,4,F,4,3052.27,2202.54,SA-29,,false
1931,5,F,4,2316.75,1671.78,SA-30,,false
1932,0,T,2,-4921.79,-4921.79,,,false
1932,1,F,5,1352.07,1352.07,SA-01,,false
1932,2,F,5,786.14,786.14,SA-02,,false
1932,3,F,5,770.37,770.37,SA-03,,false
1932,4,F,5,1216.83,1216.83,SA-04,,false
1932,5,F,5,796.38,796.38,SA-05,,false
1933,0,T,2,-7069.56,-7069.56,,,false
1933,1,F,5,1122.74,1122.74,SA-11,,false
1933,2,F,5,805.69,805.69,SA-12,,false
1933,3,F,5,2350.28,2350.28,SA-13,,false
1933,4,F,5,1703.47,1703.47,SA-14,,false
1933,5,F,5,1087.38,1087.38,SA-15,,false
1934,0,T,2,-8651.21,-8651.21,,,false
1934,1,F,3,8651.21,8651.21,SA-06,,false
1935,0,T,2,-17222.19,-17222.19,,,false
1935,1,F,3,17222.19,17222.19,SA-15,,false
1936,0,T,2,-17984.26,-12939.10,,,false
1936,1,F,4,4313.56,3103.47,SA-01,,false
1936,2,F,4,3832.22,2757.16,SA-02,,false
1936,3,F,4,1716.91,1235.26,SA-03,,false
1936,4,F,4,6122.97,4405.28,SA-04,,false
1936,5,F,4,1998.60,1437.93,SA-05,,false
1937,0,T,2,-19668.93,-14151.16,,,false
1937,1,F,4,3391.31,2439.94,SA-11,,false
1937,2,F,4,2843.25,2045.63,SA-12,,false
1937,3,F,4,4008.91,2884.28,SA-13,,false
1937,4,F,4,3763.05,2707.39,SA-14,,false
1937,5,F,4,5662.41,4073.92,SA-15,,false
1938,0,T,2,-7412.47,-7412.47,,,false
1938,1,F,5,1413.06,1413.06,SA-21,,false
1938,2,F,5,1642.49,1642.49,SA-22,,false
1938,3,F,5,1382.27,1382.27,SA-23,,false
1938,4,F,5,1652.46,1652.46,SA-24,,false
1938,5,F,5,1322.19,1322.19,SA-25,,false
1939,0,T,2,-19822.36,-19822.36,,,false
1939,1,F,3,19822.36,19822.36,SA-08,,false
1940,0,T,2,-14080.32,-14080.32,,,false
1940,1,F,3,14080.32,14080.32,SA-19,,false
1941,0,T,2,-13822.84,-13822.84,,,false
1941,1,F,3,13822.84,13822.84,SA-14,,false
1942,0,T,2,-6525.23,-6525.23,,,false
1942,1,F,5,1163.97,1163.97,SA-06,,false
1942,2,F,5,1505.45,1505.45,SA-07,,false
1942,3,F,5,2312.81,2312.81,SA-08,,false
1942,4,F,5,593.82,593.82,SA-09,,false
1942,5,F,5,949.18,949.18,SA-10,,false
1943,0,T,2,-25496.51,-25496.51,,,false
1943,1,F,8,25496.51,25496.51,,,false
1944,0,T,2,-11817.22,-11817.22,,,false
1944,1,F,3,11192.94,11192.94,,,false
1944,2,F,8,624.28,624.28,,,false
1945,0,T,2,-10372.98,-10372.98,,,false
1945,1,F,3,10372.98,10372.98,SA-28,,false
1946,0,T,2,-8236.16,-8236.16,,,false
1946,1,F,3,1097.11,1097.11,SA-06,,false
1946,2,F,3,2231.34,2231.34,SA-07,,false
1946,3,F,3,2144.29,2144.29,SA-08,,false
1946,4,F,3,1203.41,1203.41,SA-09,,false
1946,5,F,3,1560.01,1560.01,SA-10,,false
1947,0,T,2,-9408.75,-9408.75,,,false
1947,1,F,3,9122.52,9122.52,SA-25,,false
1947,2,F,8,286.23,286.23,,,false
1948,0,T,2,-12203.76,-12203.76,,,false
1948,1,F,3,12203.76,12203.76,SA-18,,false
1949,0,T,2,-6324.38,-6324.38,,,false
1949,1,F,3,1613.25,1613.25,SA-01,,false
1949,2,F,3,1385.21,1385.21,SA-02,,false
1949,3,F,3,545.17,545.17,SA-03,,false
1949,4,F,3,1964.13,1964.13,SA-04,,false
1949,5,F,3,816.62,816.62,SA-05,,false
1950,0,T,2,-16208.12,-16208.12,,,false
1950,1,F,3,16208.12,16208.12,SA-01,,false
1951,0,T,2,-5150.38,-5150.38,,,false
1951,1,F,3,5150.38,5150.38,SA-27,,false
1952,0,T,2,-10399.10,-10399.10,,,false
1952,1,F,3,10399.10,10399.10,SA-12,,false
1953,0,T,2,-20818.78,-14914.23,,,false
1953,1,F,4,3971.78,2845.32,SA-16,,false
1953,2,F,4,4192.39,3003.36,SA-17,,false
1953,3,F,4,4252.79,3046.63,SA-18,,false
1953,4,F,4,5352.04,3834.11, SA-19,,false
1953,5,F,4,3049.78,2184.81,SA-20,,false
1954,0,T,2,-22107.34,-22107.34,,,false
1954,1,F,3,22107.34,22107.34,SA-22,,false
1955,0,T,2,-3571.92,-3571.92,,,false
1955,1,F,5,1030.93,1030.93,SA-26,,false
1955,2,F,5,393.98,393.98,SA-27,,false
1955,3,F,5,652.26,652.26,SA-28,,false
1955,4,F,5,859.12,859.12,SA-29,,false
1955,5,F,5,635.63,635.63,SA-30,,false
1956,0,T,2,-6197.43,-6197.43,,,false
1956,1,F,3,6197.43,6197.43,SA-26,,false
1957,0,T,2,-13018.18,-13018.18,,,false
1957,1,F,3,13018.18,13018.18,SA-23,,false
1958,0,T,2,-12374.64,-12374.64,,,false
1958,1,F,3,11706.58,11706.58,SA-16,,false
1958,2,F,8,668.06,668.06,,,false
1959,0,T,2,-11777.96,-11777.96,,,false
1959,1,F,3,11777.96,11777.96,SA-11,,false
1960,0,T,2,-13618.91,-13618.91,,,false
1960,1,F,3,13618.91,13618.91,SA-13,,false
1961,0,T,2,-8879.51,-8879.51,,,false
1961,1,F,3,1390.80,1390.80,SA-21,,false
1961,2,F,3,2231.09,2231.09,SA-22,,false
1961,3,F,3,1595.74,1595.74,SA-23,,false
1961,4,F,3,2397.35,2397.35,SA-24,,false
1961,5,F,3,1264.53,1264.53,SA-25,,false
1962,0,T,2,-6247.19,-6247.19,,,false
1962,1,F,5,1223.23,1223.23,sa-16 ,,false
1962,2,F,5,1619.87,1619.87,SA-17,,false
1962,3,F,5,922.89,922.89,SA-18,,false
1962,4,F,5,1407.15,1407.15,SA-19,,false
1962,5,F,5,1074.05,1074.05,SA-20,,false
1963,0,T,2,-7260.80,-7260.80,,,false
1963,1,F,3,1184.81,1184.81,SA-11,,false
1963,2,F,3,1192.62,1192.62,,,false
1963,3,F,3,1498.37,1498.37,SA-13,,false
1963,4,F,3,1337.80,1337.80,SA-14,,false
1963,5,F,3,2047.20,2047.20,SA-15,,false
1964,0,T,2,-19515.61,-19515.61,,,false
1964,1,F,3,19515.61,19515.61,SA-24,,false
1965,0,T,2,-4178.90,-4178.90,,,false
1965,1,F,3,635.82,635.82,SA-26,,false
1965,2,F,3,676.92,676.92,SA-27,,false
1965,3,F,3,1045.16,1045.16,SA-28,,false
1965,4,F,3,1030.82,1030.82,SA-29,,false
1965,5,F,3,790.18,790.18,SA-30,,false
1966,0,T,2,-11273.74,-11273.74,,,false
1966,1,F,3,11273.74,11273.74,SA-21,,false
1967,0,T,2,-7341.58,-7341.58,,,false
1967,1,F,3,1330.75,1330.75,SA-16,,false
1967,2,F,3,1269.69,1269.69,SA-17,,false
1967,3,F,3,1669.68,1669.68,SA-18,,false
1967,4,F,3,1947.97,1947.97,SA-19,,false
1967,5,F,3,1123.49,1123.49,SA-20,,false
1968,0,T,2,-11736.85,-11736.85,,,false
1968,1,F,3,11410.55,11410.55,SA-20 ,,false
1968,2,F,8,326.30,326.30,,,false
1969,0,T,2,-14660.14,-14660.14,,,false
1969,1,F,3,14660.14,14660.14,SA-10,,false
1970,0,T,2,-24340.53,-17473.07,,,false
1970,1,F,4,4377.41,3142.36,SA-06,,false
1970,2,F,4,4921.96,3533.27,SA-07,,false
1970,3,F,4,9259.89,6647.30,SA-08,,false
1970,4,F,4,1869.14,1341.78,SA-09 ,,false
1970,5,F,4,3912.13,2808.36,sa-10,,false
1971,0,T,2,-6299.01,-6299.01,,,false
1971,1,F,7,994.70,994.70,SA-01,,false
1971,2,F,7,1647.93,1647.93,SA-07,,false
1971,3,F,7,1360.36,1360.36,SA-13,,false
1971,4,F,7,1253.83,1253.83,SA-19,,false
1971,5,F,7,1042.19,1042.19,SA-25,,false
1972,0,T,2,-10715.19,-10715.19,,,false
1972,1,F,3,10715.19,10715.19,SA-12,,false
1973,0,T,2,-34246.10,-34246.10,,,false
1973,1,F,3,34246.10,34246.10,SA-13,,false
1974,0,T,2,-14298.25,-14298.25,,,false
1974,1,F,3,14298.25,14298.25,SA-21,,false
1975,0,T,2,-11891.31,-11891.31,,,false
1975,1,F,3,11891.31,11891.31,SA-02,,false
1976,0,T,2,-13780.71,-13780.71,,,false
1976,1,F,3,13780.71,13780.71,SA-26,,false
1977,0,T,2,-27151.69,-19422.94,,,false
1977,1,F,4,4621.52,3306.00,SA-21,,false
1977,2,F,4,5428.63,3883.37,SA-22,,false
1977,3,F,4,5263.07,3764.93,SA-23,,false
1977,4,F,4,6621.66,4736.80,SA-24,,false
1977,5,F,4,5216.81,3731.84,SA-25,,false
1978,0,T,2,-17627.35,-17627.35,,,false
1978,1,F,3,17627.35,17627.35,SA-22,,false
1979,0,T,2,-27656.08,-19779.04,,,false
1979,1,F,4,3637.00,2601.11,SA-11,,false
1979,2,F,4,3231.68,2311.23,SA-12,,false
1979,3,F,4,11648.22,8330.56,SA-13,,false
1979,4,F,4,5832.91,4171.57,SA-14,,false
1979,5,F,4,3306.27,2364.57,SA-15,,false
1980,0,T,2,-13607.19,-13607.19,,,false
1980,1,F,3,13607.19,13607.19,SA-16,,false
1981,0,T,2,-15229.91,-15229.91,,,false
1981,1,F,3,14922.77,14922.77,SA-07,,false
1981,2,F,8,307.14,307.14,,,false
1982,0,T,2,-5295.90,-5295.90,,,false
1982,1,F,5,879.01,879.01,SA-26,,false
1982,2,F,5,1344.27,1344.27,SA-27,,false
1982,3,F,5,704.84,704.84,SA-28,,false
1982,4,F,5,1187.79,1187.79,SA-29,,false
1982,5,F,5,1179.99,1179.99,SA-30,,false
1983,0,T,2,-17125.15,-17125.15,,,false
1983,1,F,6,17125.15,17125.15,,,false
1984,0,T,2,-10571.01,-10571.01,,,false
1984,1,F,3,10571.01,10571.01,SA-10,,false
1985,0,T,2,-6397.95,-6397.95,,,false
1985,1,F,3,6397.95,6397.95,SA-27,,false
1986,0,T,2,-4329.72,-4329.72,,,false
1986,1,F,5,1002.88,1002.88,SA-01,,false
1986,2,F,5,1136.95,1136.95,SA-02,,false
1986,3,F,5,659.08,659.08,SA-03,,false
1986,4,F,5,1006.48,1006.48,SA-04,,false
1986,5,F,5,524.33,524.33,SA-05,,false
1987,0,T,2,-11541.93,-11541.93,,,false
1987,1,F,3,11541.93,11541.93,SA-20,,false
1988,0,T,2,-14553.49,-14553.49,,,false
1988,1,F,3,14553.49,14553.49,SA-06,,false
1989,0,T,2,-12488.03,-12488.03,,,false
1989,1,F,3,12488.03,12488.03,SA-18,,false
1990,0,T,2,-28225.68,-28225.68,,,false
1990,1,F,8,28225.68,28225.68,,,false
1991,0,T,2,-14267.84,-14267.84,,,false
1991,1,F,3,14267.84,14267.84,SA-25,,false
1992,0,T,2,-8929.89,-8929.89,,,false
1992,1,F,3,8929.89,8929.89,SA-03,,false
1993,0,T,2,-7544.36,-7544.36,,,false
1993,1,F,3,7544.36,7544.36,SA-28,,false
1994,0,T,2,-22148.34,-22148.34,,,false
1994,1,F,3,22148.34,22148.34,SA-14,,false
1995,0,T,2,-9498.22,-9498.22,,,false
1995,1,F,3,9498.22,9498.22,SA-15,,false
1996,0,T,2,-6775.88,-6775.88,,,false
1996,1,F,3,1852.95,1852.95,SA-01,,false
1996,2,F,3,1236.93,1236.93,SA-02,,false
1996,3,F,3,981.65,981.65,SA-03,,false
1996,4,F,3,1568.38,1568.38,SA-04,,false
1996,5,F,3,1135.97,1135.97,SA-05,,false
1997,0,T,2,-8298.77,-8298.77,,,false
1997,1,F,3,1429.93,1429.93,SA-06,,false
1997,2,F,3,1729.92,1729.92,SA-07,,false
1997,3,F,3,3095.05,3095.05,SA-08,,false
1997,4,F,3,615.92,615.92,SA-09,,false
1997,5,F,3,1427.95,1427.95,SA-10,,false
1998,0,T,2,-18143.99,-13249.40,,,false
1998,1,F,4,4447.16,3247.48,SA-01,,false
1998,2,F,4,3097.17,2261.67,SA-02,,false
1998,3,F,4,2703.72,1974.35,SA-03,,false
1998,4,F,4,4601.71,3360.33,SA-04,,false
1998,5,F,4,3294.23,2405.57,SA-05,,false
1999,0,T,2,-5875.69,-5875.69,,,false
1999,1,F,5,945.04,945.04,SA-06,,false
1999,2,F,5,1202.60,1202.60,SA-07,,false
1999,3,F,5,2236.18,2236.18,SA-08,,false
1999,4,F,5,726.67,726.67,SA-09,,false
1999,5,F,5,765.20,765.20,SA-10,,false
2000,0,T,2,-11495.33,-11495.33,,,false
2000,1,F,3,11495.33,11495.33,sa-29 ,,false
2001,0,T,2,-23442.41,-17124.69,,,false
2001,1,F,4,3531.24,2579.57,SA-16,,false
2001,2,F,4,5954.23,4349.57,SA-17,,false
2001,3,F,4,3403.56,2486.30,SA-18,,false
2001,4,F,4,6299.27,4601.62,SA-19,,false
2001,5,F,4,4254.11,3107.63,SA-20,,false
2002,0,T,2,-5869.43,-5869.43,,,false
2002,1,F,5,458.70,458.70,SA-11,,false
2002,2,F,5,748.98,748.98,SA-12,,false
2002,3,F,5,2469.26,2469.26,SA-13,,false
2002,4,F,5,1255.94,1255.94,SA-14,,false
2002,5,F,5,936.55,936.55,SA-15,,false
2003,0,T,2,-9054.12,-9054.12,,,false
2003,1,F,3,9054.12,9054.12,SA-05,,false
2004,0,T,2,-13665.53,-9978.87,,,false
2004,1,F,4,3818.72,2788.51,SA-26,,false
2004,2,F,4,1744.23,1273.68,SA-27,,false
2004,3,F,4,2269.12,1656.96,SA-28,,false
2004,4,F,4,3755.91,2742.65,SA-29,,false
2004,5,F,4,2077.55,1517.07,SA-30,,false
2005,0,T,2,-13184.11,-13184.11,,,false
2005,1,F,3,13184.11,13184.11,SA-01,,false
2006,0,T,2,-6727.20,-6727.20,,,false
2006,1,F,3,6727.20,6727.20,SA-09,,false
2007,0,T,2,-10316.68,-10316.68,,,false
2007,1,F,3,10316.68,10316.68,SA-11,,false
2008,0,T,2,-6156.42,-6156.42,,,false
2008,1,F,5,1392.35,1392.35,SA-21,,false
2008,2,F,5,862.29,862.29,SA-22,,false
2008,3,F,5,1341.20,1341.20,SA-23,,false
2008,4,F,5,1914.61,1914.61,SA-24,,false
2008,5,F,5,645.97,645.97,SA-25,,false
2009,0,T,2,-18732.29,-18732.29,,,false
2009,1,F,3,18732.29,18732.29,SA-17,,false
2010,0,T,2,-19483.36,-19483.36,,,false
2010,1,F,3,19483.36,19483.36,SA-19,,false
2011,0,T,2,-8599.49,-8599.49,,,false
2011,1,F,3,1383.75,1383.75,SA-16,,false
2011,2,F,3,2029.04,2029.04,SA-17,,false
2011,3,F,3,1182.04,1182.04,SA-18,,false
2011,4,F,3,2405.36,2405.36,SA-19,,false
2011,5,F,3,1599.30,1599.30,SA-20,,false
2012,0,T,2,-4910.56,-4910.56,,,false
2012,1,F,3,1466.04,1466.04,SA-26,,false
2012,2,F,3,644.75,644.75,SA-27,,false
2012,3,F,3,705.63,705.63,SA-28,,false
2012,4,F,3,1289.56,1289.56,SA-29,,false
2012,5,F,3,804.58,804.58,SA-30,,false
2013,0,T,2,-16425.25,-16425.25,,,false
2013,1,F,3,16425.25,16425.25,SA-04,,false
2014,0,T,2,-9581.25,-9581.25,,,false
2014,1,F,3,1466.26,1466.26,SA-21,,false
2014,2,F,3,1852.44,1852.44,SA-22,,false
2014,3,F,3,1707.29,1707.29,SA-23,,false
2014,4,F,3,2866.83,2866.83,SA-24,,false
2014,5,F,3,1688.43,1688.43,SA-25,,false
2015,0,T,2,-8183.10,-8183.10,,,false
2015,1,F,5,1076.33,1076.33,,,false
2015,2,F,5,1721.43,1721.43,SA-17,,false
2015,3,F,5,1501.02,1501.02,SA-18,,false
2015,4,F,5,2138.86,2138.86,SA-19,,false
2015,5,F,5,1745.46,1745.46,SA-20,,false
2016,0,T,2,-17657.95,-17657.95,,,false
2016,1,F,3,17657.95,17657.95,SA-23,,false
2017,0,T,2,-9592.33,-9592.33,,,false
2017,1,F,3,1149.93,1149.93,SA-11 ,,false
2017,2,F,3,1138.99,1138.99,SA-12,,false
2017,3,F,3,3817.87,3817.87,SA-13,,false
2017,4,F,3,2158.45,2158.45,SA-14,,false
2017,5,F,3,1327.09,1327.09,SA-15,,false
2018,0,T,2,-25842.17,-25842.17,,,false
2018,1,F,3,25842.17,25842.17,SA-08,,false
2019,0,T,2,-6619.76,-6619.76,,,false
2019,1,F,3,6619.76,6619.76,SA-30,,false
2020,0,T,2,-20068.46,-20068.46,,,false
2020,1,F,3,20068.46,20068.46,SA-24,,false
2021,0,T,2,-8622.14,-8622.14,,,false
2021,1,F,7,1884.54,1884.54,SA-01,,false
2021,2,F,7,1865.98,1865.98,SA-07,,false
2021,3,F,7,1417.30,1417.30,SA-13,,false
2021,4,F,7,2132.01,2132.01,SA-19,,false
2021,5,F,7,1322.31,1322.31,SA-25,,false
2022,0,T,2,-7518.63,-7518.63,,,false
2022,1,F,3,7279.58,7279.58,SA-10,,false
2022,2,F,8,239.05,239.05,,,false
2023,0,T,2,-8133.14,-8133.14,,,false
2023,1,F,3,8133.14,8133.14,SA-12,,false
2024,0,T,2,-17743.69,-12792.56,,,false
2024,1,F,4,2787.75,2009.87,SA-26,,false
2024,2,F,4,4205.51,3032.02,SA-27,,false
2024,3,F,4,2932.91,2114.52,SA-28,,false
2024,4,F,4,3674.51,2649.19,SA-29,,false
2024,5,F,4,4143.01,2986.96,SA-30,,false
2025,0,T,2,-12079.63,-12079.63,,,false
2025,1,F,3,12079.63,12079.63,SA-04,,false
2026,0,T,2,-6319.51,-6319.51,,,false
2026,1,F,5,1355.09,1355.09,SA-21,,false
2026,2,F,5,1572.62,1572.62,SA-22,,false
2026,3,F,5,867.79,867.79,SA-23,,false
2026,4,F,5,1743.41,1743.41,SA-24,,false
2026,5,F,5,780.60,780.60,SA-25,,false
2027,0,T,2,-14936.08,-14936.08,,,false
2027,1,F,3,14936.08,14936.08,SA-02,,false
2028,0,T,2,-6387.63,-6387.63,,,false
2028,1,F,3,6387.63,6387.63,SA-11,,false
2029,0,T,2,-11874.31,-11874.31,,,false
2029,1,F,3,11874.31,11874.31,SA-01,,false
2030,0,T,2,-31708.48,-31708.48,,,false
2030,1,F,3,31708.48,31708.48,SA-13,,false
2031,0,T,2,-5701.95,-5701.95,,,false
2031,1,F,5,1110.49,1110.49,SA-16,,false
2031,2,F,5,1278.08,1278.08,SA-17,,false
2031,3,F,5,874.46,874.46,SA-18,,false
2031,4,F,5,1864.74,1864.74,SA-19,,false
2031,5,F,5,574.18,574.18,SA-20,,false
2032,0,T,2,-15716.96,-15716.96,,,false
2032,1,F,3,15716.96,15716.96,SA-23,,false
2033,0,T,2,-20330.80,-20330.80,,,false
2033,1,F,3,20330.80,20330.80,SA-17,,false
2034,0,T,2,-21892.39,-21892.39,,,false
2034,1,F,3,21892.39,21892.39,SA-19,,false
2035,0,T,2,-13638.43,-13638.43,,,false
2035,1,F,3,13638.43,13638.43,SA-27,,false
2036,0,T,2,-22065.54,-22065.54,,,false
2036,1,F,3,21471.82,21471.82,SA-20,,false
2036,2,F,8,593.72,593.72,,,false
2037,0,T,2,-17532.66,-12593.32,,,false
2037,1,F,4,4554.24,3271.21,SA-01,,false
2037,2,F,4,4649.37,3339.54,SA-02,,false
2037,3,F,4,2837.39,2038.03,SA-03,,false
2037,4,F,4,3465.68,2489.32,SA-04,,false
2037,5,F,4,2025.98,1455.22,SA-05,,false
2038,0,T,2,-30159.10,-21662.61,,,false
2038,1,F,4,3764.34,2703.84,SA-16 ,,false
2038,2,F,4,6943.75,4987.54,SA-17,,false
2038,3,F,4,4999.60,3591.10,SA-18,,false
2038,4,F,4,7929.10,5695.30,SA-19,,false
2038,5,F,4,6522.31,4684.83,SA-20,,false
2039,0,T,2,-9586.61,-9586.61,,,false
2039,1,F,3,9586.61,9586.61,SA-06,,false
2040,0,T,2,-19590.65,-19590.65,,,false
2040,1,F,3,19590.65,19590.65,SA-08,,false
2041,0,T,2,-11019.01,-11019.01,,,false
2041,1,F,3,11019.01,11019.01,SA-30,,false
2042,0,T,2,-11434.06,-11434.06,,,false
2042,1,F,6,11434.06,11434.06,,,false
2043,0,T,2,-7935.60,-7935.60,,,false
2043,1,F,3,636.45,636.45,SA-11,,false
2043,2,F,3,1016.14,1016.14,SA-12,,false
2043,3,F,3,3439.61,3439.61,SA-13,,false
2043,4,F,3,1776.67,1776.67,SA-14,,false
2043,5,F,3,1066.73,1066.73,SA-15,,false
2044,0,T,2,-5185.44,-5185.44,,,false
2044,1,F,5,690.22,690.22,SA-01,,false
2044,2,F,5,1040.55,1040.55,SA-02,,false
2044,3,F,5,996.63,996.63,SA-03,,false
2044,4,F,5,2021.75,2021.75,SA-04,,false
2044,5,F,5,436.29,436.29,SA-05,,false
2045,0,T,2,-8189.18,-8189.18,,,false
2045,1,F,3,8189.18,8189.18,SA-25,,false
2046,0,T,2,-16517.63,-16517.63,,,false
2046,1,F,3,16517.63,16517.63,SA-18,,false
2047,0,T,2,-7266.38,-7266.38,,,false
2047,1,F,3,7266.38,7266.38,SA-05,,false
2048,0,T,2,-7843.58,-7843.58,,,false
2048,1,F,3,7843.58,7843.58,SA-22,,false
2049,0,T,2,-14218.43,-14218.43,,,false
2049,1,F,3,14218.43,14218.43,SA-16,,false
2050,0,T,2,-10761.35,-10761.35,,,false
2050,1,F,3,10761.35,10761.35,SA-29,,false
2051,0,T,2,-10406.08,-10406.08,,,false
2051,1,F,3,1423.51,1423.51,SA-16,,false
2051,2,F,3,2211.74,2211.74,SA-17,,false
2051,3,F,3,1576.74,1576.74,SA-18,,false
2051,4,F,3,2841.19,2841.19,SA-19,,false
2051,5,F,3,2352.90,2352.90,SA-20,,false
2052,0,T,2,-8764.32,-8764.32,,,false
2052,1,F,3,1966.20,1966.20,SA-21,,false
2052,2,F,3,1098.71,1098.71,SA-22,,false
2052,3,F,3,1858.49,1858.49,SA-23,,false
2052,4,F,3,2841.51,2841.51,SA-24,,false
2052,5,F,3,999.41,999.41,SA-25,,false
2053,0,T,2,-15604.23,-15604.23,,,false
2053,1,F,3,15604.23,15604.23,SA-14,,false
2054,0,T,2,-22569.21,-16153.22,,,false
2054,1,F,4,2009.56,1438.28,SA-11,,false
2054,2,F,4,2771.35,1983.51,SA-12,,false
2054,3,F,4,9875.48,7068.07,SA-13,,false
2054,4,F,4,4860.20,3478.54,SA-14,,false
2054,5,F,4,3052.62,2184.82,SA-15,,false
2055,0,T,2,-22727.18,-16266.27,,,false
2055,1,F,4,4948.01,3541.38,SA-21,,false
2055,2,F,4,3094.86,2215.05,SA-22,,false
2055,3,F,4,4775.68,3418.04,SA-23,,false
2055,4,F,4,7034.98,5035.07,SA-24,,false
2055,5,F,4,2873.65,2056.73,SA-25,,false
2056,0,T,2,-21226.56,-15192.25,,,false
2056,1,F,4,3401.68,2434.65,SA-06,,false
2056,2,F,4,4476.60,3203.99,SA-07,,false
2056,3,F,4,7590.01,5432.31,SA-08,,false
2056,4,F,4,3338.14,2389.17,SA-09,,false
2056,5,F,4,2420.13,1732.13,SA-10,,false
2057,0,T,2,-24712.74,-24712.74,,,false
2057,1,F,8,24712.74,24712.74,,,false
2058,0,T,2,-6971.60,-6971.60,,,false
2058,1,F,5,1031.82,1031.82,SA-06,,false
2058,2,F,5,2307.23,2307.23,SA-07,,false
2058,3,F,5,2521.42,2521.42,SA-08,,false
2058,4,F,5,432.71,432.71,SA-09,,false
2058,5,F,5,678.42,678.42,SA-10,,false
2059,0,T,2,-8577.57,-8577.57,,,false
2059,1,F,3,8577.57,8577.57,SA-03,,false
2060,0,T,2,-10681.25,-10681.25,,,false
2060,1,F,3,10681.25,10681.25,SA-15,,false
2061,0,T,2,-6005.56,-6005.56,,,false
2061,1,F,3,1410.00,1410.00,SA-01,,false
2061,2,F,3,1729.52,1729.52,SA-02,,false
2061,3,F,3,849.85,849.85,SA-03,,false
2061,4,F,3,1317.10,1317.10,SA-04,,false
2061,5,F,3,699.09,699.09,SA-05,,false
2062,0,T,2,-6355.14,-6355.14,,,false
2062,1,F,5,748.67,748.67,SA-11,,false
2062,2,F,5,1043.28,1043.28,SA-12,,false
2062,3,F,5,2763.64,2763.64,SA-13,,false
2062,4,F,5,1355.64,1355.64,SA-14,,false
2062,5,F,5,443.91,443.91,SA-15,,false
2063,0,T,2,-8059.59,-8059.59,,,false
2063,1,F,3,8059.59,8059.59,SA-26,,false
2064,0,T,2,-15648.17,-15648.17,,,false
2064,1,F,3,15327.88,15327.88,SA-07,,false
2064,2,F,8,320.29,320.29,,,false
2065,0,T,2,-10033.65,-10033.65,,,false
2065,1,F,3,10033.65,10033.65,SA-09,,false
2066,0,T,2,-9817.07,-9817.07,,,false
2066,1,F,3,9817.07,9817.07,SA-28,,false
2067,0,T,2,-6393.76,-6393.76,,,false
2067,1,F,3,1071.27,1071.27,SA-26,,false
2067,2,F,3,1518.97,1518.97,SA-27,,false
2067,3,F,3,1006.41,1006.41,SA-28,,false
2067,4,F,3,1343.72,1343.72,SA-29,,false
2067,5,F,3,1453.39,1453.39,SA-30,,false
2068,0,T,2,-4694.95,-4694.95,,,false
2068,1,F,5,965.28,965.28,SA-26,,false
2068,2,F,5,906.17,906.17,SA-27,,false
2068,3,F,5,1148.05,1148.05,sa-28 ,,false
2068,4,F,5,1019.35,1019.35,SA-29,,false
2068,5,F,5,656.10,656.10,SA-30,,false
2069,0,T,2,-19194.86,-19194.86,,,false
2069,1,F,3,18129.68,18129.68,SA-21,,false
2069,2,F,8,1065.18,1065.18,,,false
2070,0,T,2,-24190.89,-24190.89,,,false
2070,1,F,3,24190.89,24190.89,SA-24,,false
2071,0,T,2,-7436.86,-7436.86,,,false
2071,1,F,3,1202.79,1202.79,SA-06,,false
2071,2,F,3,1626.25,1626.25,SA-07,,false
2071,3,F,3,2624.05,2624.05,,,false
2071,4,F,3,1039.78,1039.78,SA-09,,false
2071,5,F,3,943.99,943.99,SA-10,,false
2072,0,T,2,-7915.45,-7915.45,,,false
2072,1,F,7,2209.10,2209.10,SA-01,,false
2072,2,F,7,1274.20,1274.20,SA-07,,false
2072,3,F,7,1193.65,1193.65,SA-13,,false
2072,4,F,7,1244.17,1244.17,SA-19,,false
2072,5,F,7,1994.33,1994.33,SA-25,,false
2073,0,T,2,-7828.52,-7828.52,,,false
2073,1,F,3,7828.52,7828.52,SA-30,,false
2074,0,T,2,-18137.94,-12959.14,,,false
2074,1,F,4,3445.57,2461.78,SA-01,,false
2074,2,F,4,3155.97,2254.87,SA-02,,false
2074,3,F,4,3619.04,2585.72,SA-03,,false
2074,4,F,4,6251.15,4466.30,SA-04,,false
2074,5,F,4,1666.21,1190.47,SA-05,,false
2075,0,T,2,-8847.51,-8847.51,,,false
2075,1,F,3,8847.51,8847.51,SA-23,,false
2076,0,T,2,-33582.41,-33582.41,,,false
2076,1,F,3,31887.38,31887.38,SA-08,,false
2076,2,F,8,1695.03,1695.03,,,false
2077,0,T,2,-4545.63,-4545.63,,,false
2077,1,F,3,4545.63,4545.63,SA-15,,false
2078,0,T,2,-20796.63,-14864.98,,,false
2078,1,F,4,3693.97,2640.37,SA-16,,false
2078,2,F,4,4717.35,3371.86,SA-17,,false
2078,3,F,4,3725.73,2663.07,SA-18,,false
2078,4,F,4,6234.45,4456.25,SA-19,,false
2078,5,F,4,2425.13,1733.43,SA-20,,false
2079,0,T,2,-18649.62,-13274.43,,,false
2079,1,F,4,3401.08,2420.82,SA-26,,false
2079,2,F,4,3151.81,2243.40,SA-27,,false
2079,3,F,4,5307.21,3777.57,SA-28,,false
2079,4,F,4,4355.32,3100.03,SA-29,,false
2079,5,F,4,2434.20,1732.61,SA-30,,false
2080,0,T,2,-12093.81,-12093.81,,,false
2080,1,F,3,12093.81,12093.81,SA-06,,false
2081,0,T,2,-4860.49,-4860.49,,,false
2081,1,F,3,4860.49,4860.49,SA-09,,false
2082,0,T,2,-6907.43,-6907.43,,,false
2082,1,F,5,805.26,805.26,SA-06,,false
2082,2,F,5,1622.30,1622.30,SA-07,,false
2082,3,F,5,2429.37,2429.37,SA-08,,false
2082,4,F,5,1092.34,1092.34,SA-09,,false
2082,5,F,5,958.16,958.16,SA-10,,false
2083,0,T,2,-6171.51,-6171.51,,,false
2083,1,F,5,1026.26,1026.26,SA-16,,false
2083,2,F,5,1372.99,1372.99,SA-17,,false
2083,3,F,5,1035.04,1035.04,SA-18,,false
2083,4,F,5,1752.70,1752.70,SA-19,,false
2083,5,F,5,984.52,984.52,SA-20,,false
2084,0,T,2,-6546.94,-6546.94,,,false
2084,1,F,5,813.43,813.43, SA-11,,false
2084,2,F,5,743.94,743.94,SA-12,,false
2084,3,F,5,2006.05,2006.05,SA-13,,false
2084,4,F,5,1395.90,1395.90,SA-14,,false
2084,5,F,5,1587.62,1587.62,SA-15,,false
2085,0,T,2,-5955.33,-5955.33,,,false
2085,1,F,5,1404.30,1404.30,SA-01,,false
2085,2,F,5,1332.07,1332.07,SA-02,,false
2085,3,F,5,234.48,234.48,SA-03,,false
2085,4,F,5,2475.92,2475.92,SA-04,,false
2085,5,F,5,508.56,508.56,SA-05,,false
2086,0,T,2,-29189.66,-29189.66,,,false
2086,1,F,3,29189.66,29189.66,SA-13,,false
2087,0,T,2,-7444.30,-7444.30,,,false
2087,1,F,3,1411.89,1411.89,SA-16,,false
2087,2,F,3,1730.16,1730.16,SA-17,,false
2087,3,F,3,1282.58,1282.58,SA-18,,false
2087,4,F,3,2103.42,2103.42,SA-19,,false
2087,5,F,3,916.25,916.25,SA-20,,false
2088,0,T,2,-16006.84,-16006.84,,,false
2088,1,F,3,16006.84,16006.84,SA-19,,false
2089,0,T,2,-10263.72,-10263.72,,,false
2089,1,F,3,10263.72,10263.72,SA-02,,false
2090,0,T,2,-21840.14,-21840.14,,,false
2090,1,F,3,21840.14,21840.14,SA-04,,false
2091,0,T,2,-7254.55,-7254.55,,,false
2091,1,F,3,7027.37,7027.37,,,false
2091,2,F,8,227.18,227.18,,,false
2092,0,T,2,-8676.32,-8676.32,,,false
2092,1,F,3,8676.32,8676.32,SA-11,,false
2093,0,T,2,-19513.83,-19513.83,,,false
2093,1,F,6,19513.83,19513.83,,,false
2094,0,T,2,-14275.85,-14275.85,,,false
2094,1,F,3,14275.85,14275.85,SA-14,,false
2095,0,T,2,-6643.40,-6643.40,,,false
2095,1,F,3,1029.59,1029.59,SA-01,,false
2095,2,F,3,1104.63,1104.63,SA-02,,false
2095,3,F,3,1375.49,1375.49,SA-03,,false
2095,4,F,3,2531.76,2531.76,SA-04,,false
2095,5,F,3,601.93,601.93,SA-05,,false
2096,0,T,2,-8375.60,-8375.60,,,false
2096,1,F,3,7931.76,7931.76,SA-25,,false
2096,2,F,8,443.84,443.84,,,false
2097,0,T,2,-6570.75,-6570.75,,,false
2097,1,F,3,6570.75,6570.75,SA-20,,false
2098,0,T,2,-25598.04,-18174.60,,,false
2098,1,F,4,5624.26,3993.22,SA-21,,false
2098,2,F,4,6985.65,4959.81,SA-22,,false
2098,3,F,4,3431.11,2436.09,SA-23,,false
2098,4,F,4,6689.54,4749.57,SA-24,,false
2098,5,F,4,2867.48,2035.91,SA-25,,false
2099,0,T,2,-25881.36,-25881.36,,,false
2099,1,F,8,25881.36,25881.36,,,false
2100,0,T,2,-12658.69,-12658.69,,,false
2100,1,F,3,12658.69,12658.69,SA-16,,false
2101,0,T,2,-8687.72,-8687.72,,,false
2101,1,F,3,1256.39,1256.39,SA-06,,false
2101,2,F,3,2554.22,2554.22,SA-07,,false
2101,3,F,3,3488.44,3488.44,SA-08,,false
2101,4,F,3,539.81,539.81,SA-09,,false
2101,5,F,3,848.86,848.86,SA-10,,false
2102,0,T,2,-8640.78,-8640.78,,,false
2102,1,F,3,8640.78,8640.78,SA-27,,false
2103,0,T,2,-24276.41,-17244.87,,,false
2103,1,F,4,3804.50,2702.55,SA-06,,false
2103,2,F,4,8317.86,5908.63,SA-07,,false
2103,3,F,4,8427.14,5986.26,sa-08,,false
2103,4,F,4,1597.49,1134.79,SA-09,,false
2103,5,F,4,2129.42,1512.64,SA-10,,false
2104,0,T,2,-14650.26,-14650.26,,,false
2104,1,F,3,14650.26,14650.26,SA-17,,false
2105,0,T,2,-20160.79,-20160.79,,,false
2105,1,F,3,20160.79,20160.79,SA-22,,false
2106,0,T,2,-21482.77,-15252.77,,,false
2106,1,F,4,2718.99,1930.48,sa-11,,false
2106,2,F,4,3397.10,2411.94,SA-12,,false
2106,3,F,4,8079.60,5736.52,SA-13,,false
2106,4,F,4,5625.27,3993.94,SA-14,,false
2106,5,F,4,1661.81,1179.89,SA-15,,false
2107,0,T,2,-23349.23,-23349.23,,,false
2107,1,F,3,23349.23,23349.23,SA-07,,false
2108,0,T,2,-6530.90,-6530.90,,,false
2108,1,F,5,660.09,660.09,SA-21,,false
2108,2,F,5,1201.81,1201.81,SA-22,,false
2108,3,F,5,1474.22,1474.22,SA-23,,false
2108,4,F,5,1768.29,1768.29,SA-24,,false
2108,5,F,5,1426.49,1426.49,SA-25,,false
2109,0,T,2,-19334.68,-19334.68,,,false
2109,1,F,3,19334.68,19334.68,SA-24,,false
2110,0,T,2,-4571.62,-4571.62,,,false
2110,1,F,3,4571.62,4571.62,SA-05,,false
2111,0,T,2,-11179.78,-11179.78,,,false
2111,1,F,3,11179.78,11179.78,,,false
2112,0,T,2,-12300.14,-12300.14,,,false
2112,1,F,3,12300.14,12300.14,SA-12,,false
2113,0,T,2,-7836.00,-7836.00,,,false
2113,1,F,3,897.59,897.59,SA-11,,false
2113,2,F,3,1256.97,1256.97,SA-12,,false
2113,3,F,3,3181.78,3181.78,SA-13,,false
2113,4,F,3,1991.33,1991.33,SA-14,,false
2113,5,F,3,508.33,508.33,SA-15,,false
2114,0,T,2,-10042.40,-10042.40,,,false
2114,1,F,3,10042.40,10042.40,SA-01,,false
2115,0,T,2,-15352.85,-15352.85,,,false
2115,1,F,3,14743.19,14743.19,SA-28,,false
2115,2,F,8,609.66,609.66,,,false
2116,0,T,2,-9006.23,-9006.23,,,false
2116,1,F,3,2095.11,2095.11,,,false
2116,2,F,3,2507.66,2507.66,SA-22,,false
2116,3,F,3,1058.34,1058.34,SA-23,,false
2116,4,F,3,2389.87,2389.87,SA-24,,false
2116,5,F,3,955.25,955.25,SA-25,,false
2117,0,T,2,-6402.49,-6402.49,,,false
2117,1,F,3,1180.49,1180.49,SA-26,,false
2117,2,F,3,1055.70,1055.70,SA-27,,false
2117,3,F,3,1639.90,1639.90,SA-28,,false
2117,4,F,3,1549.19,1549.19,SA-29,,false
2117,5,F,3,977.21,977.21,SA-30,,false
2118,0,T,2,-5040.77,-5040.77,,,false
2118,1,F,5,1763.27,1763.27,SA-26,,false
2118,2,F,5,1132.74,1132.74,SA-27,,false
2118,3,F,5,767.67,767.67,SA-28,,false
2118,4,F,5,1213.57,1213.57,SA-29,,false
2118,5,F,5,163.52,163.52,SA-30,,false
2119,0,T,2,-11083.97,-11083.97,,,false
2119,1,F,3,11083.97,11083.97,SA-18,,false
2120,0,T,2,-13946.68,-13946.68,,,false
2120,1,F,3,13946.68,13946.68,SA-29,,false
2121,0,T,2,-11863.85,-11863.85,,,false
2121,1,F,3,11863.85,11863.85,SA-03,,false
2122,0,T,2,-17817.43,-17817.43,,,false
2122,1,F,3,17817.43,17817.43,SA-21,,false
2123,0,T,2,-6802.66,-6802.66,,,false
2123,1,F,7,1424.49,1424.49,SA-01,,false
2123,2,F,7,1478.65,1478.65,SA-07,,false
2123,3,F,7,1734.52,1734.52,SA-13,,false
2123,4,F,7,936.34,936.34,SA-19,,false
2123,5,F,7,1228.66,1228.66,SA-25,,false
2124,0,T,2,-17361.52,-17361.52,,,false
2124,1,F,3,17361.52,17361.52,SA-24,,false
2125,0,T,2,-2679.25,-2679.25,,,false
2125,1,F,3,2551.82,2551.82,SA-30,,false
2125,2,F,8,127.43,127.43,,,false
2126,0,T,2,-12980.03,-12980.03,,,false
2126,1,F,3,12980.03,12980.03,SA-02,,false
2127,0,T,2,-4631.79,-4631.79,,,false
2127,1,F,3,4631.79,4631.79,SA-05,,false
2128,0,T,2,-12276.95,-12276.95,,,false
2128,1,F,3,11886.74,11886.74,SA-16,,false
2128,2,F,8,390.21,390.21,,,false
2129,0,T,2,-17008.85,-17008.85,,,false
2129,1,F,3,17008.85,17008.85,SA-01,,false
2130,0,T,2,-21051.69,-15043.70,,,false
2130,1,F,4,5662.21,4046.26,SA-01,,false
2130,2,F,4,4051.20,2895.02,SA-02,,false
2130,3,F,4,1155.60,825.80,SA-03,,false
2130,4,F,4,8444.55,6034.54,SA-04,,false
2130,5,F,4,1738.13,1242.08,SA-05,,false
2131,0,T,2,-7129.53,-7129.53,,,false
2131,1,F,5,1059.73,1059.73,SA-16,,false
2131,2,F,5,1554.38,1554.38,SA-17,,false
2131,3,F,5,1206.74,1206.74,SA-18,,false
2131,4,F,5,1989.02,1989.02,SA-19,,false
2131,5,F,5,1319.66,1319.66,SA-20,,false
2132,0,T,2,-14671.70,-14671.70,,,false
2132,1,F,3,14671.70,14671.70,SA-29,,false
2133,0,T,2,-8306.24,-8306.24,,,false
2133,1,F,5,1335.88,1335.88,SA-21,,false
2133,2,F,5,2629.92,2629.92,SA-22,,false
2133,3,F,5,1548.99,1548.99,SA-23,,false
2133,4,F,5,1531.75,1531.75,SA-24,,false
2133,5,F,5,1259.70,1259.70,SA-25,,false
2134,0,T,2,-12644.72,-12644.72,,,false
2134,1,F,3,12644.72,12644.72,SA-25,,false
2135,0,T,2,-10864.55,-10864.55,,,false
2135,1,F,3,10864.55,10864.55,SA-27,,false
2136,0,T,2,-11528.77,-11528.77,,,false
2136,1,F,3,11278.58,11278.58,SA-12,,false
2136,2,F,8,250.19,250.19,,,false
2137,0,T,2,-8737.20,-8737.20,,,false
2137,1,F,3,951.18,951.18,SA-11,,false
2137,2,F,3,1140.43,1140.43,SA-12,,false
2137,3,F,3,2771.64,2771.64,SA-13,,false
2137,4,F,3,1707.63,1707.63,SA-14,,false
2137,5,F,3,2166.32,2166.32,SA-15,,false
2138,0,T,2,-23105.62,-16503.24,,,false
2138,1,F,4,2647.48,1890.97,SA-21,,false
2138,2,F,4,5057.75,3612.51,SA-22,,false
2138,3,F,4,4656.79,3326.12,SA-23 ,,false
2138,4,F,4,5662.52,4044.47,SA-24,,false
2138,5,F,4,5081.08,3629.17,SA-25,,false
2139,0,T,2,-17429.52,-12449.07,,,false
2139,1,F,4,6874.00,4909.77,SA-26,,false
2139,2,F,4,3218.37,2298.73,SA-27,,false
2139,3,F,4,2472.41,1765.92,SA-28,,false
2139,4,F,4,4133.65,2952.47,SA-29,,false
2139,5,F,4,731.09,522.18,SA-30,,false
2140,0,T,2,-12897.31,-12897.31,,,false
2140,1,F,3,12897.31,12897.31,SA-23,,false
2141,0,T,2,-12270.91,-12270.91,,,false
2141,1,F,3,12270.91,12270.91,SA-09,,false
2142,0,T,2,-20276.35,-20276.35,,,false
2142,1,F,3,20276.35,20276.35,SA-13,,false
2143,0,T,2,-7693.98,-7693.98,,,false
2143,1,F,3,1794.82,1794.82,SA-01,,false
2143,2,F,3,1533.97,1533.97,SA-02,,false
2143,3,F,3,414.95,414.95,SA-03,,false
2143,4,F,3,3349.08,3349.08,SA-04,,false
2143,5,F,3,601.16,601.16,SA-05,,false
2144,0,T,2,-21343.82,-15256.14,,,false
2144,1,F,4,3721.91,2660.35,SA-16,,false
2144,2,F,4,4486.24,3206.67,SA-17,,false
2144,3,F,4,4134.64,2955.36,SA-18,,false
2144,4,F,4,5621.59,4018.20,SA-19,,false
2144,5,F,4,3379.44,2415.56,SA-20,,false
2145,0,T,2,-14252.28,-14252.28,,,false
2145,1,F,6,14252.28,14252.28,,,false
2146,0,T,2,-27795.02,-27795.02,,,false
2146,1,F,3,27795.02,27795.02,SA-04,,false
2147,0,T,2,-11533.15,-11533.15,,,false
2147,1,F,3,11533.15,11533.15,SA-10,,false
2148,0,T,2,-20558.23,-20558.23,,,false
2148,1,F,3,20558.23,20558.23,SA-26,,false
2149,0,T,2,-5481.78,-5481.78,,,false
2149,1,F,5,924.75,924.75,SA-01,,false
2149,2,F,5,1186.24,1186.24,SA-02,,false
2149,3,F,5,538.39,538.39,SA-03,,false
2149,4,F,5,1987.57,1987.57,SA-04,,false
2149,5,F,5,844.83,844.83,SA-05,,false
2150,0,T,2,-19325.35,-19325.35,,,false
2150,1,F,8,19325.35,19325.35,,,false
2151,0,T,2,-3370.88,-3370.88,,,false
2151,1,F,3,3370.88,3370.88,SA-03,,false
2152,0,T,2,-11817.98,-11817.98,,,false
2152,1,F,3,11817.98,11817.98,SA-20,,false
2153,0,T,2,-9119.52,-9119.52,,,false
2153,1,F,3,9119.52,9119.52,SA-11,,false
2154,0,T,2,-9354.40,-9354.40,,,false
2154,1,F,3,1263.07,1263.07,SA-06,,false
2154,2,F,3,2304.24,2304.24,SA-07,,false
2154,3,F,3,3179.21,3179.21,SA-08,,false
2154,4,F,3,1342.97,1342.97,SA-09,,false
2154,5,F,3,1264.91,1264.91,SA-10,,false
2155,0,T,2,-27216.38,-19572.79,,,false
2155,1,F,4,3667.60,2637.57,SA-06,,false
2155,2,F,4,7114.37,5116.33, SA-07,,false
2155,3,F,4,9315.04,6698.96,SA-08,,false
2155,4,F,4,3610.23,2596.31,SA-09,,false
2155,5,F,4,3509.14,2523.62,SA-10,,false
2156,0,T,2,-8027.95,-8027.95,,,false
2156,1,F,3,1439.80,1439.80,SA-16,,false
2156,2,F,3,1677.90,1677.90,SA-17,,false
2156,3,F,3,1448.24,1448.24,,,false
2156,4,F,3,2235.67,2235.67,SA-19,,false
2156,5,F,3,1226.34,1226.34,SA-20,,false
2157,0,T,2,-14710.22,-14710.22,,,false
2157,1,F,3,14710.22,14710.22,SA-17,,false
2158,0,T,2,-18656.85,-18656.85,,,false
2158,1,F,3,18656.85,18656.85,SA-07,,false
2159,0,T,2,-8179.61,-8179.61,,,false
2159,1,F,3,8179.61,8179.61,SA-28,,false
2160,0,T,2,-8421.38,-8421.38,,,false
2160,1,F,3,906.52,906.52,SA-21,,false
2160,2,F,3,1912.45,1912.45,SA-22,,false
2160,3,F,3,1748.23,1748.23,SA-23,,false
2160,4,F,3,2146.46,2146.46,SA-24,,false
2160,5,F,3,1707.72,1707.72,SA-25,,false
2161,0,T,2,-20503.89,-20503.89,,,false
2161,1,F,3,20503.89,20503.89,SA-19,,false
2162,0,T,2,-11462.45,-11462.45,,,false
2162,1,F,3,11462.45,11462.45,SA-06,,false
2163,0,T,2,-23177.07,-16679.31,,,false
2163,1,F,4,2707.04,1948.11,SA-11,,false
2163,2,F,4,2909.02,2093.47,SA-12,,false
2163,3,F,4,7741.40,5571.08,,,false
2163,4,F,4,4330.50,3116.43,SA-14,,false
2163,5,F,4,5489.11,3950.22,SA-15,,false
2164,0,T,2,-32257.03,-32257.03,,,false
2164,1,F,3,31476.50,31476.50,SA-08,,false
2164,2,F,8,780.53,780.53,,,false
2165,0,T,2,-7361.90,-7361.90,,,false
2165,1,F,5,934.66,934.66,SA-11,,false
2165,2,F,5,1664.58,1664.58,,,false
2165,3,F,5,2596.94,2596.94,SA-13,,false
2165,4,F,5,1064.54,1064.54,SA-14,,false
2165,5,F,5,1101.18,1101.18,SA-15,,false
2166,0,T,2,-8200.94,-8200.94,,,false
2166,1,F,3,8200.94,8200.94,SA-21,,false
2167,0,T,2,-13894.34,-13894.34,,,false
2167,1,F,3,13894.34,13894.34,SA-22,,false
2168,0,T,2,-15438.84,-15438.84,,,false
2168,1,F,3,15438.84,15438.84,SA-18,,false
2169,0,T,2,-5737.05,-5737.05,,,false
2169,1,F,5,1112.79,1112.79,SA-06,,false
2169,2,F,5,1530.40,1530.40,SA-07,,false
2169,3,F,5,1483.99,1483.99,SA-08,,false
2169,4,F,5,711.54,711.54,SA-09,,false
2169,5,F,5,898.33,898.33,SA-10,,false
2170,0,T,2,-5683.21,-5683.21,,,false
2170,1,F,5,1190.70,1190.70,SA-26,,false
2170,2,F,5,1069.94,1069.94,SA-27,,false
2170,3,F,5,1104.14,1104.14,SA-28,,false
2170,4,F,5,1004.66,1004.66,SA-29,,false
2170,5,F,5,1313.77,1313.77,SA-30,,false
2171,0,T,2,-15144.30,-15144.30,,,false
2171,1,F,3,14323.46,14323.46,SA-14,,false
2171,2,F,8,820.84,820.84,,,false
2172,0,T,2,-17161.28,-17161.28,,,false
2172,1,F,3,17161.28,17161.28,SA-15,,false
2173,0,T,2,-6244.93,-6244.93,,,false
2173,1,F,3,2471.88,2471.88,SA-26,,false
2173,2,F,3,1155.48,1155.48,SA-27,,false
2173,3,F,3,934.80,934.80,SA-28,,false
2173,4,F,3,1417.69,1417.69,SA-29,,false
2173,5,F,3,265.08,265.08,SA-30,,false
2174,0,T,2,-8347.08,-8347.08,,,false
2174,1,F,7,1133.19,1133.19,SA-01,,false
2174,2,F,7,1447.14,1447.14,SA-07,,false
2174,3,F,7,1732.36,1732.36,SA-13,,false
2174,4,F,7,2031.93,2031.93,SA-19,,false
2174,5,F,7,2002.46,2002.46,SA-25,,false
2175,0,T,2,-23458.20,-23458.20,,,false
2175,1,F,3,23458.20,23458.20,SA-04,,false
2176,0,T,2,-10766.48,-10766.48,,,false
2176,1,F,3,10766.48,10766.48,SA-29,,false
2177,0,T,2,-16676.39,-16676.39,,,false
2177,1,F,3,16676.39,16676.39,SA-08,,false
2178,0,T,2,-6970.87,-6970.87,,,false
2178,1,F,5,1929.80,1929.80,SA-06,,false
2178,2,F,5,1059.69,1059.69,,,false
2178,3,F,5,2355.05,2355.05,SA-08,,false
2178,4,F,5,993.49,993.49,sa-09,,false
2178,5,F,5,632.84,632.84,SA-10,,false
2179,0,T,2,-14290.80,-14290.80,,,false
2179,1,F,3,14290.80,14290.80,SA-27,,false
2180,0,T,2,-16583.93,-16583.93,,,false
2180,1,F,3,16583.93,16583.93,SA-14,,false
2181,0,T,2,-25878.73,-18710.14,,,false
2181,1,F,4,4086.19,2954.29,SA-16,,false
2181,2,F,4,5298.30,3830.63,SA-17,,false
2181,3,F,4,4282.79,3096.43,SA-18,,false
2181,4,F,4,6570.05,4750.10,SA-19,,false
2181,5,F,4,5641.40,4078.69,SA-20,,false
2182,0,T,2,-12674.83,-12674.83,,,false
2182,1,F,3,12674.83,12674.83,SA-25,,false
2183,0,T,2,-15992.32,-15992.32,,,false
2183,1,F,3,15390.98,15390.98,SA-07,,false
2183,2,F,8,601.34,601.34,,,false
2184,0,T,2,-20069.63,-20069.63,,,false
2184,1,F,3,20069.63,20069.63,SA-12,,false
2185,0,T,2,-18638.61,-18638.61,,,false
2185,1,F,6,18638.61,18638.61,,,false
2186,0,T,2,-22043.62,-22043.62,,,false
2186,1,F,3,22043.62,22043.62,SA-19,,false
2187,0,T,2,-17325.59,-17325.59,,,false
2187,1,F,3,16942.72,16942.72,SA-15,,false
2187,2,F,8,382.87,382.87,,,false
2188,0,T,2,-27672.43,-19889.17,,,false
2188,1,F,4,3138.30,2255.61,SA-11,,false
2188,2,F,4,5359.04,3851.73,SA-12,,false
2188,3,F,4,8959.92,6439.82,SA-13,,false
2188,4,F,4,4713.67,3387.88,SA-14,,false
2188,5,F,4,5501.50,3954.13,SA-15,,false
2189,0,T,2,-20348.55,-20348.55,,,false
2189,1,F,3,19297.38,19297.38,SA-24,,false
2189,2,F,8,1051.17,1051.17,,,false
2190,0,T,2,-7151.87,-7151.87,,,false
2190,1,F,3,7151.87,7151.87,SA-03,,false
2191,0,T,2,-11332.52,-11332.52,,,false
2191,1,F,3,11332.52,11332.52,SA-01,,false
2192,0,T,2,-20877.99,-14997.08,,,false
2192,1,F,4,4187.11,3007.68,SA-26,,false
2192,2,F,4,4584.96,3293.47,SA-27,,false
2192,3,F,4,4131.36,2967.64,SA-28,,false
2192,4,F,4,3281.24,2356.98,SA-29,,false
2192,5,F,4,4693.32,3371.31,SA-30,,false
2193,0,T,2,-10516.73,-10516.73,,,false
2193,1,F,3,10273.95,10273.95,SA-05,,false
2193,2,F,8,242.78,242.78,,,false
2194,0,T,2,-13345.26,-13345.26,,,false
2194,1,F,3,13345.26,13345.26,SA-26,,false
2195,0,T,2,-5569.70,-5569.70,,,false
2195,1,F,5,1428.22,1428.22,SA-01,,false
2195,2,F,5,1095.93,1095.93,SA-02,,false
2195,3,F,5,654.62,654.62,SA-03,,false
2195,4,F,5,1679.25,1679.25,SA-04,,false
2195,5,F,5,711.68,711.68,SA-05,,false
2196,0,T,2,-9091.29,-9091.29,,,false
2196,1,F,5,1775.97,1775.97,SA-11,,false
2196,2,F,5,1369.38,1369.38,SA-12,,false
2196,3,F,5,3182.80,3182.80,SA-13,,false
2196,4,F,5,1765.39,1765.39,SA-14,,false
2196,5,F,5,997.75,997.75,SA-15,,false
2197,0,T,2,-13121.08,-13121.08,,,false
2197,1,F,8,13121.08,13121.08,,,false
2198,0,T,2,-16489.85,-16489.85,,,false
2198,1,F,3,16489.85,16489.85,SA-21,,false
2199,0,T,2,-16887.72,-16887.72,,,false
2199,1,F,3,16887.72,16887.72,SA-23,,false
2200,0,T,2,-24059.15,-24059.15,,,false
2200,1,F,3,24059.15,24059.15,SA-13,,false
2201,0,T,2,-7646.12,-7646.12,,,false
2201,1,F,3,1564.75,1564.75,SA-06,,false
2201,2,F,3,1857.48,1857.48,SA-07,,false
2201,3,F,3,2201.59,2201.59,SA-08,,false
2201,4,F,3,869.66,869.66,SA-09,,false
2201,5,F,3,1152.64,1152.64,SA-10,,false
2202,0,T,2,-16160.14,-16160.14,,,false
2202,1,F,3,16160.14,16160.14,SA-20,,false
2203,0,T,2,-29885.98,-21513.55,,,false
2203,1,F,4,4864.18,3501.50,SA-21,,false
2203,2,F,4,9043.55,6510.04,SA-22,,false
2203,3,F,4,4941.76,3557.35,SA-23,,false
2203,4,F,4,6217.91,4475.99,SA-24,,false
2203,5,F,4,4818.58,3468.67,SA-25,,false
2204,0,T,2,-15954.77,-15954.77,,,false
2204,1,F,3,15954.77,15954.77,,,false
2205,0,T,2,-6066.08,-6066.08,,,false
2205,1,F,3,6066.08,6066.08,SA-09,,false
2206,0,T,2,-9909.55,-9909.55,,,false
2206,1,F,3,1200.26,1200.26,SA-11,,false
2206,2,F,3,2103.11,2103.11,SA-12,,false
2206,3,F,3,2935.02,2935.02,SA-13,,false
2206,4,F,3,1658.76,1658.76,SA-14,,false
2206,5,F,3,2012.40,2012.40,SA-15,,false
2207,0,T,2,-19820.38,-14275.07,,,false
2207,1,F,4,4113.11,2962.35,,,false
2207,2,F,4,3642.82,2623.64,SA-02,,false
2207,3,F,4,2007.52,1445.86,SA-03,,false
2207,4,F,4,6983.61,5029.75,SA-04,,false
2207,5,F,4,3073.32,2213.47,SA-05,,false
2208,0,T,2,-20722.53,-14924.82,,,false
2208,1,F,4,4562.04,3285.68,SA-06,,false
2208,2,F,4,4765.94,3432.53,SA-07,,false
2208,3,F,4,5806.58,4182.03,SA-08,,false
2208,4,F,4,2285.27,1645.90,SA-09,,false
2208,5,F,4,3302.70,2378.68,SA-10,,false
2209,0,T,2,-16571.37,-16571.37,,,false
2209,1,F,3,16571.37,16571.37,SA-30,,false
2210,0,T,2,-9467.84,-9467.84,,,false
2210,1,F,3,9467.84,9467.84,SA-11,,false
2211,0,T,2,-7012.52,-7012.52,,,false
2211,1,F,3,1301.07,1301.07,SA-01,,false
2211,2,F,3,1325.44,1325.44,SA-02,,false
2211,3,F,3,742.00,742.00,SA-03,,false
2211,4,F,3,2403.33,2403.33,SA-04,,false
2211,5,F,3,1240.68,1240.68,SA-05,,false
2212,0,T,2,-9369.34,-9369.34,,,false
2212,1,F,3,1606.99,1606.99,SA-16,,false
2212,2,F,3,1891.90,1891.90,SA-17,,false
2212,3,F,3,1589.23,1589.23,SA-18,,false
2212,4,F,3,2395.18,2395.18,SA-19,,false
2212,5,F,3,1886.04,1886.04,SA-20,,false
2213,0,T,2,-7763.18,-7763.18,,,false
2213,1,F,5,1672.35,1672.35,SA-21,,false
2213,2,F,5,2011.25,2011.25,SA-22,,false
2213,3,F,5,1555.17,1555.17,SA-23,,false
2213,4,F,5,1631.11,1631.11,SA-24,,false
2213,5,F,5,893.30,893.30,SA-25,,false
2214,0,T,2,-10171.52,-10171.52,,,false
2214,1,F,3,1812.65,1812.65,SA-21,,false
2214,2,F,3,2941.47,2941.47,SA-22,,false
2214,3,F,3,1609.70,1609.70,SA-23,,false
2214,4,F,3,2260.99,2260.99,SA-24,,false
2214,5,F,3,1546.71,1546.71,SA-25,,false
2215,0,T,2,-12959.27,-12959.27,,,false
2215,1,F,3,12959.27,12959.27,SA-18,,false
2216,0,T,2,-5785.10,-5785.10,,,false
2216,1,F,5,988.98,988.98,SA-16,,false
2216,2,F,5,1180.14,1180.14,SA-17,,false
2216,3,F,5,854.51,854.51,SA-18,,false
2216,4,F,5,1690.22,1690.22,SA-19,,false
2216,5,F,5,1071.25,1071.25,SA-20,,false
2217,0,T,2,-6160.41,-6160.41,,,false
2217,1,F,5,1305.11,1305.11,SA-26,,false
2217,2,F,5,1341.77,1341.77,SA-27,,false
2217,3,F,5,1104.93,1104.93,SA-28,,false
2217,4,F,5,1137.97,1137.97,SA-29,,false
2217,5,F,5,1270.63,1270.63,SA-30,,false
2218,0,T,2,-7397.77,-7397.77,,,false
2218,1,F,3,1617.97,1617.97,SA-26,,false
2218,2,F,3,1665.50,1665.50,SA-27,,false
2218,3,F,3,1268.88,1268.88,sa-28,,false
2218,4,F,3,1218.75,1218.75,SA-29,,false
2218,5,F,3,1626.67,1626.67,SA-30,,false
2219,0,T,2,-16059.11,-16059.11,,,false
2219,1,F,3,16059.11,16059.11,SA-16,,false
2220,0,T,2,-15278.49,-15278.49,,,false
2220,1,F,3,15278.49,15278.49,SA-06,,false
2221,0,T,2,-31423.04,-31423.04,,,false
2221,1,F,3,31423.04,31423.04,SA-22,,false
2222,0,T,2,-12055.38,-12055.38,,,false
2222,1,F,3,12055.38,12055.38,SA-28,,false
2223,0,T,2,-11575.18,-11575.18,,,false
2223,1,F,3,11575.18,11575.18,SA-02,,false
2224,0,T,2,-11113.60,-11113.60,,,false
2224,1,F,3,11113.60,11113.60,SA-10,,false
2225,0,T,2,-8383.06,-8383.06,,,false
2225,1,F,7,1159.46,1159.46,SA-01,,false
2225,2,F,7,1207.98,1207.98,SA-07,,false
2225,3,F,7,1991.66,1991.66,SA-13,,false
2225,4,F,7,1996.56,1996.56,SA-19,,false
2225,5,F,7,2027.40,2027.40,SA-25,,false
2226,0,T,2,-15549.35,-15549.35,,,false
2226,1,F,3,15124.30,15124.30,SA-27,,false
2226,2,F,8,425.05,425.05,,,false
2227,0,T,2,-16288.28,-16288.28,,,false
2227,1,F,3,15531.46,15531.46,SA-12,,false
2227,2,F,8,756.82,756.82,,,false
2228,0,T,2,-38324.25,-38324.25,,,false
2228,1,F,3,38324.25,38324.25,SA-13,,false
2229,0,T,2,-11604.57,-11604.57,,,false
2229,1,F,3,11604.57,11604.57,SA-25,,false
2230,0,T,2,-9628.94,-9628.94,,,false
2230,1,F,3,9628.94,9628.94,SA-15,,false
2231,0,T,2,-22137.87,-15788.01,,,false
2231,1,F,4,4531.80,3231.93,SA-26,,false
2231,2,F,4,4155.15,2963.32,sa-27,,false
2231,3,F,4,4915.82,3505.80,SA-28,,false
2231,4,F,4,3642.17,2597.48,SA-29,,false
2231,5,F,4,4892.93,3489.48,SA-30,,false
2232,0,T,2,-5701.57,-5701.57,,,false
2232,1,F,3,5701.57,5701.57,SA-03,,false
2233,0,T,2,-14296.21,-14296.21,,,false
2233,1,F,3,14296.21,14296.21,SA-20,,false
2234,0,T,2,-31453.19,-22396.11,,,false
2234,1,F,4,7018.93,4997.80,SA-21,,false
2234,2,F,4,8135.01,5792.50,SA-22,,false
2234,3,F,4,5365.83,3820.72,SA-23,,false
2234,4,F,4,7301.08,5198.70,SA-24,,false
2234,5,F,4,3632.34,2586.39,SA-25,,false
2235,0,T,2,-6546.70,-6546.70,,,false
2235,1,F,5,762.26,762.26,SA-06,,false
2235,2,F,5,1149.95,1149.95,SA-07,,false
2235,3,F,5,2545.61,2545.61,SA-08,,false
2235,4,F,5,1041.33,1041.33,SA-09,,false
2235,5,F,5,1047.55,1047.55,SA-10,,false
2236,0,T,2,-19551.20,-19551.20,,,false
2236,1,F,3,19551.20,19551.20,SA-04,,false
2237,0,T,2,-11960.74,-11960.74,,,false
2237,1,F,3,11960.74,11960.74,SA-16,,false
2238,0,T,2,-13940.56,-13940.56,,,false
2238,1,F,3,13940.56,13940.56,SA-30,,false
2239,0,T,2,-25988.56,-25988.56,,,false
2239,1,F,3,25988.56,25988.56,SA-14,,false
2240,0,T,2,-19179.87,-13617.71,,,false
2240,1,F,4,5338.91,3790.63,SA-01,,false
2240,2,F,4,3694.90,2623.38,SA-02,,false
2240,3,F,4,2286.85,1623.66,SA-03,,false
2240,4,F,4,5622.11,3991.70,SA-04,,false
2240,5,F,4,2237.10,1588.34,SA-05,,false
2241,0,T,2,-22730.82,-16138.87,,,false
2241,1,F,4,3653.55,2594.02,SA-16,,false
2241,2,F,4,5134.23,3645.30,,,false
2241,3,F,4,3208.88,2278.30,SA-18,,false
2241,4,F,4,5863.26,4162.91,,,false
2241,5,F,4,4870.90,3458.34,SA-20,,false
2242,0,T,2,-7094.08,-7094.08,,,false
2242,1,F,5,1164.12,1164.12,SA-16,,false
2242,2,F,5,1476.72,1476.72,SA-17,,false
2242,3,F,5,1186.22,1186.22,SA-18,,false
2242,4,F,5,1613.17,1613.17,SA-19,,false
2242,5,F,5,1653.85,1653.85,sa-20 ,,false
2243,0,T,2,-7738.39,-7738.39,,,false
2243,1,F,3,1190.81,1190.81,SA-16,,false
2243,2,F,3,1781.99,1781.99,SA-17,,false
2243,3,F,3,1111.87,1111.87,SA-18,,false
2243,4,F,3,2132.43,2132.43,SA-19,,false
2243,5,F,3,1521.29,1521.29,SA-20,,false
2244,0,T,2,-16375.62,-16375.62,,,false
2244,1,F,3,15511.05,15511.05,SA-01,,false
2244,2,F,8,864.57,864.57,,,false
2245,0,T,2,-5079.23,-5079.23,,,false
2245,1,F,5,968.44,968.44,SA-26,,false
2245,2,F,5,1063.20,1063.20,SA-27,,false
2245,3,F,5,1317.46,1317.46,SA-28,,false
2245,4,F,5,920.35,920.35,SA-29,,false
2245,5,F,5,809.78,809.78,SA-30,,false
2246,0,T,2,-17076.23,-17076.23,,,false
2246,1,F,6,17076.23,17076.23,,,false
2247,0,T,2,-23974.11,-23974.11,,,false
2247,1,F,3,23974.11,23974.11,,,false
2248,0,T,2,-16485.93,-16485.93,,,false
2248,1,F,3,16485.93,16485.93,SA-23,,false
2249,0,T,2,-9659.98,-9659.98,,,false
2249,1,F,3,9325.54,9325.54,SA-18,,false
2249,2,F,8,334.44,334.44,,,false
2250,0,T,2,-6730.32,-6730.32,,,false
2250,1,F,3,6730.32,6730.32,SA-05,,false
2251,0,T,2,-9109.35,-9109.35,,,false
2251,1,F,3,2439.81,2439.81,SA-06,,false
2251,2,F,3,1605.02,1605.02,SA-07,,false
2251,3,F,3,2732.66,2732.66,SA-08,,false
2251,4,F,3,1566.16,1566.16,SA-09,,false
2251,5,F,3,765.70,765.70,SA-10,,false
2252,0,T,2,-11802.60,-11802.60,,,false
2252,1,F,3,1968.39,1968.39,SA-11,,false
2252,2,F,3,1539.03,1539.03,SA-12,,false
2252,3,F,3,4104.95,4104.95,SA-13,,false
2252,4,F,3,2968.64,2968.64,SA-14,,false
2252,5,F,3,1221.59,1221.59,SA-15,,false
2253,0,T,2,-16427.54,-16427.54,,,false
2253,1,F,3,16427.54,16427.54,SA-07,,false
2254,0,T,2,-25615.82,-25615.82,,,false
2254,1,F,3,25615.82,25615.82,SA-08,,false
2255,0,T,2,-14985.45,-14985.45,,,false
2255,1,F,3,14985.45,14985.45,SA-17,,false
2256,0,T,2,-26584.66,-18993.08,,,false
2256,1,F,4,7146.81,5105.95,SA-06,,false
2256,2,F,4,4894.93,3497.12,SA-07,,false
2256,3,F,4,7316.44,5227.14,SA-08,,false
2256,4,F,4,4833.80,3453.45,SA-09,,false
2256,5,F,4,2392.68,1709.42,SA-10,,false
2257,0,T,2,-20816.33,-20816.33,,,false
2257,1,F,8,20816.33,20816.33,,,false
2258,0,T,2,-19364.54,-19364.54,,,false
2258,1,F,3,19364.54,19364.54,SA-19,,false
2259,0,T,2,-14608.73,-14608.73,,,false
2259,1,F,3,14608.73,14608.73,SA-28,,false
2260,0,T,2,-32816.44,-23546.10,,,false
2260,1,F,4,5381.67,3861.40,SA-11,,false
2260,2,F,4,4613.40,3310.16,SA-12,,false
2260,3,F,4,11897.68,8536.69,SA-13,,false
2260,4,F,4,7256.73,5206.77,SA-14,,false
2260,5,F,4,3666.96,2631.08,SA-15,,false
2261,0,T,2,-15013.92,-15013.92,,,false
2261,1,F,3,15013.92,15013.92,SA-26,,false
2262,0,T,2,-26563.49,-26563.49,,,false
2262,1,F,3,26563.49,26563.49,SA-22,,false
2263,0,T,2,-7985.25,-7985.25,,,false
2263,1,F,5,1467.41,1467.41,SA-21,,false
2263,2,F,5,2161.60,2161.60,SA-22,,false
2263,3,F,5,1402.47,1402.47,SA-23,,false
2263,4,F,5,2219.40,2219.40,SA-24,,false
2263,5,F,5,734.37,734.37,SA-25,,false
2264,0,T,2,-14651.28,-14651.28,,,false
2264,1,F,3,14651.28,14651.28,SA-09,,false
2265,0,T,2,-10702.94,-10702.94,,,false
2265,1,F,3,10702.94,10702.94,SA-29,,false
2266,0,T,2,-10930.13,-10930.13,,,false
2266,1,F,3,2203.99,2203.99,SA-21,,false
2266,2,F,3,2470.60,2470.60,SA-22,,false
2266,3,F,3,1989.71,1989.71,SA-23,,false
2266,4,F,3,2782.40,2782.40,SA-24,,false
2266,5,F,3,1483.43,1483.43,SA-25,,false
2267,0,T,2,-7613.57,-7613.57,,,false
2267,1,F,3,1516.15,1516.15,SA-26,,false
2267,2,F,3,1469.52,1469.52,SA-27,,false
2267,3,F,3,1721.24,1721.24,SA-28,,false
2267,4,F,3,1175.30,1175.30,SA-29,,false
2267,5,F,3,1731.36,1731.36,SA-30,,false
2268,0,T,2,-4493.22,-4493.22,,,false
2268,1,F,5,1059.07,1059.07,SA-01,,false
2268,2,F,5,997.27,997.27,,,false
2268,3,F,5,413.84,413.84,SA-03,,false
2268,4,F,5,1394.48,1394.48,SA-04,,false
2268,5,F,5,628.56,628.56,SA-05,,false
2269,0,T,2,-8585.93,-8585.93,,,false
2269,1,F,5,1158.25,1158.25,SA-11,,false
2269,2,F,5,921.10,921.10,SA-12,,false
2269,3,F,5,3556.95,3556.95,,,false
2269,4,F,5,1971.82,1971.82,SA-14,,false
2269,5,F,5,977.81,977.81,SA-15,,false
2270,0,T,2,-12178.01,-12178.01,,,false
2270,1,F,3,11776.90,11776.90,SA-02,,false
2270,2,F,8,401.11,401.11,,,false
2271,0,T,2,-6677.91,-6677.91,,,false
2271,1,F,3,1618.73,1618.73,SA-01,,false
2271,2,F,3,1215.74,1215.74,SA-02,,false
2271,3,F,3,713.49,713.49,SA-03,,false
2271,4,F,3,2357.79,2357.79,SA-04,,false
2271,5,F,3,772.16,772.16,SA-05,,false
2272,0,T,2,-25248.15,-25248.15,,,false
2272,1,F,3,25248.15,25248.15,SA-24,,false
2273,0,T,2,-7392.86,-7392.86,,,false
2273,1,F,3,7392.86,7392.86,SA-10,,false
2274,0,T,2,-21208.99,-21208.99,,,false
2274,1,F,3,21208.99,21208.99,SA-11,,false
2275,0,T,2,-18917.96,-18917.96,,,false
2275,1,F,3,18917.96,18917.96,SA-06,,false
2276,0,T,2,-8663.03,-8663.03,,,false
2276,1,F,7,1415.06,1415.06,SA-01,,false
2276,2,F,7,2299.79,2299.79,SA-07,,false
2276,3,F,7,2045.67,2045.67,SA-13,,false
2276,4,F,7,975.95,975.95,SA-19,,false
2276,5,F,7,1926.56,1926.56,SA-25,,false
2277,0,T,2,-11757.91,-11757.91,,,false
2277,1,F,3,11757.91,11757.91,SA-26,,false
2278,0,T,2,-18997.68,-18997.68,,,false
2278,1,F,3,18997.68,18997.68,SA-22,,false
2279,0,T,2,-28415.62,-28415.62,,,false
2279,1,F,3,28415.62,28415.62,SA-08,,false
2280,0,T,2,-7104.94,-7104.94,,,false
2280,1,F,5,1846.69,1846.69,SA-21,,false
2280,2,F,5,1829.61,1829.61,SA-22,,false
2280,3,F,5,1276.78,1276.78,SA-23,,false
2280,4,F,5,1505.62,1505.62,SA-24,,false
2280,5,F,5,646.24,646.24,SA-25,,false
2281,0,T,2,-25543.27,-18224.95,,,false
2281,1,F,4,3434.62,2450.58,SA-06,,false
2281,2,F,4,4488.56,3202.56,SA-07,,false
2281,3,F,4,8877.14,6333.78,SA-08,,false
2281,4,F,4,4048.82,2888.80,SA-09,,false
2281,5,F,4,4694.13,3349.23,SA-10,,false
2282,0,T,2,-13534.92,-13534.92,,,false
2282,1,F,3,13534.92,13534.92,SA-04,,false
2283,0,T,2,-11246.79,-11246.79,,,false
2283,1,F,3,11246.79,11246.79,SA-29,,false
2284,0,T,2,-14279.30,-14279.30,,,false
2284,1,F,3,13777.95,13777.95,SA-10,,false
2284,2,F,8,501.35,501.35,,,false
2285,0,T,2,-2711.08,-2711.08,,,false
2285,1,F,5,878.44,878.44,SA-26,,false
2285,2,F,5,319.25,319.25,SA-27,,false
2285,3,F,5,179.50,179.50,SA-28,,false
2285,4,F,5,838.78,838.78,SA-29,,false
2285,5,F,5,495.11,495.11,SA-30,,false
2286,0,T,2,-14457.20,-14457.20,,,false
2286,1,F,3,14457.20,14457.20,SA-18,,false
2287,0,T,2,-26614.84,-26614.84,,,false
2287,1,F,3,25206.39,25206.39,SA-14,,false
2287,2,F,8,1408.45,1408.45,,,false
2288,0,T,2,-34687.09,-34687.09,,,false
2288,1,F,3,34687.09,34687.09,SA-13,,false
2289,0,T,2,-6686.87,-6686.87,,,false
2289,1,F,3,1362.22,1362.22,SA-26,,false
2289,2,F,3,1164.36,1164.36,sa-27,,false
2289,3,F,3,1596.51,1596.51,SA-28,,false
2289,4,F,3,1386.69,1386.69,SA-29,,false
2289,5,F,3,1177.09,1177.09,SA-30,,false
2290,0,T,2,-10318.12,-10318.12,,,false
2290,1,F,6,10318.12,10318.12,,,false
2291,0,T,2,-10988.00,-10988.00,,,false
2291,1,F,3,10988.00,10988.00,SA-12,,false
2292,0,T,2,-15411.66,-11081.57,,,false
2292,1,F,4,3938.66,2832.05,SA-01,,false
2292,2,F,4,2852.21,2050.85,SA-02,,false
2292,3,F,4,1696.80,1220.06,SA-03,,false
2292,4,F,4,4689.52,3371.94,SA-04,,false
2292,5,F,4,2234.47,1606.67,SA-05,,false
2293,0,T,2,-17558.47,-12625.21,,,false
2293,1,F,4,3555.89,2556.82,SA-26,,false
2293,2,F,4,3221.08,2316.08,SA-27,,false
2293,3,F,4,4176.87,3003.33,SA-28,,false
2293,4,F,4,3416.15,2456.34,SA-29,,false
2293,5,F,4,3188.48,2292.64,SA-30,,false
2294,0,T,2,-27524.76,-19851.89,,,false
2294,1,F,4,5366.43,3870.47,SA-16,,false
2294,2,F,4,4810.26,3469.34,,,false
2294,3,F,4,4936.00,3560.03,SA-18,,false
2294,4,F,4,6491.36,4681.81,SA-19,,false
2294,5,F,4,5920.71,4270.24,SA-20,,false
2295,0,T,2,-21067.63,-21067.63,,,false
2295,1,F,3,21067.63,21067.63,SA-19,,false
2296,0,T,2,-13779.56,-13779.56,,,false
2296,1,F,3,13779.56,13779.56,SA-11,,false
2297,0,T,2,-5696.27,-5696.27,,,false
2297,1,F,5,851.46,851.46,SA-06,,false
2297,2,F,5,924.45,924.45,SA-07,,false
2297,3,F,5,1836.70,1836.70,SA-08,,false
2297,4,F,5,836.85,836.85,SA-09,,false
2297,5,F,5,1246.81,1246.81,SA-10,,false
2298,0,T,2,-19293.17,-19293.17,,,false
2298,1,F,3,19293.17,19293.17,SA-17,,false
2299,0,T,2,-8652.17,-8652.17,,,false
2299,1,F,5,1320.89,1320.89,SA-11,,false
2299,2,F,5,1380.59,1380.59,SA-12,,false
2299,3,F,5,2260.05,2260.05,SA-13,,false
2299,4,F,5,2226.45,2226.45,SA-14,,false
2299,5,F,5,1464.19,1464.19,SA-15 ,,false
2300,0,T,2,-10847.84,-10847.84,,,false
2300,1,F,3,1476.92,1476.92,SA-11,,false
2300,2,F,3,1501.13,1501.13,SA-12,,false
2300,3,F,3,4057.42,4057.42,SA-13,,false
2300,4,F,3,2607.63,2607.63,SA-14,,false
2300,5,F,3,1204.74,1204.74,SA-15,,false
2301,0,T,2,-15464.58,-15464.58,,,false
2301,1,F,3,15464.58,15464.58,SA-23,,false
2302,0,T,2,-16264.26,-16264.26,,,false
2302,1,F,3,16264.26,16264.26,SA-20,,false
2303,0,T,2,-30417.18,-21963.25,,,false
2303,1,F,4,4132.34,2983.83,SA-11,,false
2303,2,F,4,3814.95,2754.65,SA-12,,false
2303,3,F,4,11933.00,8616.43,SA-13,,false
2303,4,F,4,7053.95,5093.42,SA-14,,false
2303,5,F,4,3482.94,2514.92,SA-15,,false
2304,0,T,2,-28916.09,-20879.36,,,false
2304,1,F,4,5076.05,3665.25,SA-21,,false
2304,2,F,4,6797.87,4908.52, SA-22,,false
2304,3,F,4,5302.36,3828.66,SA-23,,false
2304,4,F,4,8306.97,5998.19,SA-24,,false
2304,5,F,4,3432.84,2478.74,SA-25,,false
2305,0,T,2,-14680.00,-14680.00,,,false
2305,1,F,3,14680.00,14680.00,SA-07,,false
2306,0,T,2,-5512.58,-5512.58,,,false
2306,1,F,3,1424.04,1424.04,SA-01,,false
2306,2,F,3,1022.39,1022.39,SA-02,,false
2306,3,F,3,615.04,615.04,SA-03,,false
2306,4,F,3,1641.06,1641.06,SA-04,,false
2306,5,F,3,810.05,810.05,SA-05,,false
2307,0,T,2,-24770.56,-24770.56,,,false
2307,1,F,8,24770.56,24770.56,,,false
2308,0,T,2,-14008.89,-14008.89,,,false
2308,1,F,3,14008.89,14008.89,SA-01,,false
2309,0,T,2,-16600.46,-16600.46,,,false
2309,1,F,3,16600.46,16600.46,SA-16,,false
2310,0,T,2,-13647.44,-13647.44,,,false
2310,1,F,3,13647.44,13647.44,SA-28,,false
2311,0,T,2,-17869.09,-17869.09,,,false
2311,1,F,3,17869.09,17869.09,SA-21,,false
2312,0,T,2,-29668.52,-29668.52,,,false
2312,1,F,3,29668.52,29668.52,SA-24,,false
2313,0,T,2,-4372.65,-4372.65,,,false
2313,1,F,3,4372.65,4372.65,SA-03,,false
2314,0,T,2,-7309.27,-7309.27,,,false
2314,1,F,3,7309.27,7309.27,SA-05,,false
2315,0,T,2,-9286.94,-9286.94,,,false
2315,1,F,3,9286.94,9286.94,SA-30,,false
2316,0,T,2,-9151.34,-9151.34,,,false
2316,1,F,3,1136.99,1136.99,SA-06,,false
2316,2,F,3,1547.97,1547.97,SA-07,,false
2316,3,F,3,3085.33,3085.33,SA-08,,false
2316,4,F,3,1567.56,1567.56,SA-09,,false
2316,5,F,3,1813.49,1813.49,SA-10,,false
2317,0,T,2,-10818.60,-10818.60,,,false
2317,1,F,3,10346.67,10346.67,SA-02,,false
2317,2,F,8,471.93,471.93,,,false
2318,0,T,2,-10223.96,-10223.96,,,false
2318,1,F,3,10223.96,10223.96,SA-25,,false
2319,0,T,2,-10234.63,-10234.63,,,false
2319,1,F,3,10234.63,10234.63,SA-27,,false
2320,0,T,2,-10066.49,-10066.49,,,false
2320,1,F,3,1930.72,1930.72,SA-16,,false
2320,2,F,3,1999.11,1999.11,SA-17,,false
2320,3,F,3,1876.87,1876.87,SA-18,,false
2320,4,F,3,2071.10,2071.10,SA-19,,false
2320,5,F,3,2188.69,2188.69,SA-20,,false
2321,0,T,2,-5198.49,-5198.49,,,false
2321,1,F,5,1212.11,1212.11,SA-01,,false
2321,2,F,5,689.34,689.34,SA-02,,false
2321,3,F,5,830.23,830.23,SA-03,,false
2321,4,F,5,1369.25,1369.25,SA-04,,false
2321,5,F,5,1097.56,1097.56,SA-05,,false
2322,0,T,2,-11559.23,-11559.23,,,false
2322,1,F,3,11559.23,11559.23,SA-09,,false
2323,0,T,2,-10623.56,-10623.56,,,false
2323,1,F,3,1813.93,1813.93,SA-21,,false
2323,2,F,3,2306.21,2306.21,SA-22,,false
2323,3,F,3,1974.59,1974.59,SA-23,,false
2323,4,F,3,3418.00,3418.00,SA-24,,false
2323,5,F,3,1110.83,1110.83,SA-25,,false
2324,0,T,2,-6712.25,-6712.25,,,false
2324,1,F,5,1002.63,1002.63,SA-16,,false
2324,2,F,5,1468.22,1468.22,SA-17,,false
2324,3,F,5,1385.17,1385.17,SA-18,,false
2324,4,F,5,1416.31,1416.31,SA-19,,false
2324,5,F,5,1439.92,1439.92,SA-20,,false
2325,0,T,2,-12026.17,-12026.17,,,false
2325,1,F,3,12026.17,12026.17,SA-15,,false
2326,0,T,2,-9574.79,-9574.79,,,false
2326,1,F,3,9574.79,9574.79,SA-06,,false
2327,0,T,2,-8212.33,-8212.33,,,false
2327,1,F,7,1805.29,1805.29,SA-01,,false
2327,2,F,7,1238.35,1238.35,SA-07,,false
2327,3,F,7,1603.83,1603.83,SA-13,,false
2327,4,F,7,1433.47,1433.47,SA-19,,false
2327,5,F,7,2131.39,2131.39,SA-25,,false
2328,0,T,2,-12107.93,-12107.93,,,false
2328,1,F,3,12107.93,12107.93,SA-07,,false
2329,0,T,2,-20775.99,-20775.99,,,false
2329,1,F,3,20775.99,20775.99,SA-14,,false
2330,0,T,2,-17871.99,-17871.99,,,false
2330,1,F,3,17871.99,17871.99,SA-21,,false
2331,0,T,2,-11160.66,-11160.66,,,false
2331,1,F,3,11160.66,11160.66,SA-06,,false
2332,0,T,2,-8824.78,-8824.78,,,false
2332,1,F,3,8824.78,8824.78,SA-09,,false
2333,0,T,2,-10536.47,-10536.47,,,false
2333,1,F,3,10536.47,10536.47,SA-02,,false
2334,0,T,2,-9905.25,-9905.25,,,false
2334,1,F,3,9633.57,9633.57,SA-05,,false
2334,2,F,8,271.68,271.68,,,false
2335,0,T,2,-19236.40,-19236.40,,,false
2335,1,F,3,19236.40,19236.40,SA-15,,false
2336,0,T,2,-7714.99,-7714.99,,,false
2336,1,F,5,1288.77,1288.77,SA-06 ,,false
2336,2,F,5,1789.42,1789.42,SA-07,,false
2336,3,F,5,2815.40,2815.40,SA-08,,false
2336,4,F,5,1324.67,1324.67,sa-09,,false
2336,5,F,5,496.73,496.73,,,false
2337,0,T,2,-10766.50,-10766.50,,,false
2337,1,F,6,10766.50,10766.50,,,false
2338,0,T,2,-15131.79,-15131.79,,,false
2338,1,F,3,15131.79,15131.79,SA-23,,false
2339,0,T,2,-27617.23,-19931.80,,,false
2339,1,F,4,5752.33,4151.55,SA-21,,false
2339,2,F,4,7135.77,5150.00,SA-22,,false
2339,3,F,4,4980.67,3594.63,SA-23,,false
2339,4,F,4,6991.30,5045.73,SA-24,,false
2339,5,F,4,2757.16,1989.89,SA-25,,false
2340,0,T,2,-12893.46,-12893.46,,,false
2340,1,F,3,12893.46,12893.46,SA-10,,false
2341,0,T,2,-10852.61,-7813.22,,,false
2341,1,F,4,3630.29,2613.59,SA-26,,false
2341,2,F,4,1419.96,1022.28,SA-27,,false
2341,3,F,4,713.96,514.01,SA-28,,false
2341,4,F,4,2947.33,2121.90,SA-29,,false
2341,5,F,4,2141.07,1541.44,SA-30,,false
2342,0,T,2,-12052.58,-12052.58,,,false
2342,1,F,3,12052.58,12052.58,SA-16,,false
2343,0,T,2,-18220.00,-18220.00,,,false
2343,1,F,3,18220.00,18220.00,SA-17,,false
2344,0,T,2,-6438.81,-6438.81,,,false
2344,1,F,3,6438.81,6438.81,SA-30,,false
2345,0,T,2,-19964.09,-19964.09,,,false
2345,1,F,3,19964.09,19964.09,SA-18,,false
2346,0,T,2,-16766.85,-16766.85,,,false
2346,1,F,3,16766.85,16766.85,SA-11,,false
2347,0,T,2,-7808.36,-7808.36,,,false
2347,1,F,3,7808.36,7808.36,SA-25,,false
2348,0,T,2,-9879.26,-9879.26,,,false
2348,1,F,3,2194.32,2194.32,SA-21,,false
2348,2,F,3,2573.64,2573.64,SA-22,,false
2348,3,F,3,1662.01,1662.01,SA-23,,false
2348,4,F,3,2442.82,2442.82,sa-24 ,,false
2348,5,F,3,1006.47,1006.47,SA-25,,false
2349,0,T,2,-3966.42,-3966.42,,,false
2349,1,F,3,1206.11,1206.11,SA-26,,false
2349,2,F,3,461.16,461.16,SA-27,,false
2349,3,F,3,253.75,253.75,SA-28,,false
2349,4,F,3,1256.77,1256.77,SA-29,,false
2349,5,F,3,788.63,788.63,SA-30,,false
2350,0,T,2,-26464.04,-19110.32,,,false
2350,1,F,4,3687.65,2662.94,SA-16,,false
2350,2,F,4,5172.68,3735.32,SA-17,,false
2350,3,F,4,5720.43,4130.86,SA-18,,false
2350,4,F,4,6764.09,4884.51,SA-19,,false
2350,5,F,4,5119.19,3696.69,SA-20,,false
2351,0,T,2,-7314.38,-7314.38,,,false
2351,1,F,3,1558.31,1558.31,SA-01,,false
2351,2,F,3,1244.86,1244.86,SA-02,,false
2351,3,F,3,1007.97,1007.97,SA-03,,false
2351,4,F,3,2338.11,2338.11,SA-04,,false
2351,5,F,3,1165.13,1165.13,SA-05,,false
2352,0,T,2,-23304.15,-16788.87,,,false
2352,1,F,4,3087.82,2224.54,SA-06,,false
2352,2,F,4,4115.95,2965.23,SA-07,,false
2352,3,F,4,8969.06,6461.53,SA-08,,false
2352,4,F,4,3161.63,2277.71,SA-09,,false
2352,5,F,4,3969.69,2859.86,SA-10,,false
2353,0,T,2,-5719.21,-5719.21,,,false
2353,1,F,5,1752.46,1752.46,SA-01,,false
2353,2,F,5,688.49,688.49,SA-02,,false
2353,3,F,5,990.51,990.51,SA-03,,false
2353,4,F,5,1546.82,1546.82,SA-04,,false
2353,5,F,5,740.93,740.93,SA-05,,false
2354,0,T,2,-8257.11,-8257.11,,,false
2354,1,F,3,8257.11,8257.11,SA-03,,false
2355,0,T,2,-11308.96,-11308.96,,,false
2355,1,F,3,11308.96,11308.96,SA-26,,false
2356,0,T,2,-7322.15,-7322.15,,,false
2356,1,F,5,716.87,716.87,sa-11 ,,false
2356,2,F,5,1072.92,1072.92,SA-12,,false
2356,3,F,5,2705.00,2705.00,SA-13,,false
2356,4,F,5,1434.93,1434.93,SA-14,,false
2356,5,F,5,1392.43,1392.43,SA-15,,false
2357,0,T,2,-6683.93,-6683.93,,,false
2357,1,F,5,1414.44,1414.44,sa-21,,false
2357,2,F,5,1491.13,1491.13,SA-22,,false
2357,3,F,5,1012.59,1012.59,SA-23,,false
2357,4,F,5,1998.44,1998.44,SA-24,,false
2357,5,F,5,767.33,767.33,SA-25,,false
2358,0,T,2,-4648.01,-4648.01,,,false
2358,1,F,3,4476.17,4476.17,SA-27,,false
2358,2,F,8,171.84,171.84,,,false
2359,0,T,2,-20451.21,-14759.69,,,false
2359,1,F,4,4377.33,3159.13,SA-01,,false
2359,2,F,4,3077.15,2220.79,SA-02,,false
2359,3,F,4,2735.51,1974.22,SA-03,,false
2359,4,F,4,6567.22,4739.58,SA-04,,false
2359,5,F,4,3694.00,2665.97,SA-05,,false
2360,0,T,2,-4541.95,-4541.95,,,false
2360,1,F,5,1369.91,1369.91,SA-26,,false
2360,2,F,5,677.72,677.72,SA-27,,false
2360,3,F,5,902.05,902.05,SA-28,,false
2360,4,F,5,680.98,680.98,SA-29,,false
2360,5,F,5,911.29,911.29,SA-30,,false
2361,0,T,2,-2352.54,-2352.54,,,false
2361,1,F,3,2352.54,2352.54,SA-28,,false
2362,0,T,2,-32436.13,-23402.97,,,false
2362,1,F,4,4934.03,3559.95,SA-11,,false
2362,2,F,4,4687.55,3382.11,SA-12,,false
2362,3,F,4,8766.22,6324.91,SA-13,,false
2362,4,F,4,7818.49,5641.11,SA-14,,false
2362,5,F,4,6229.84,4494.89,SA-15,,false
2363,0,T,2,-15627.82,-15627.82,,,false
2363,1,F,3,15627.82,15627.82,SA-12,,false
2364,0,T,2,-8110.09,-8110.09,,,false
2364,1,F,3,1077.52,1077.52,SA-06,,false
2364,2,F,3,1424.47,1424.47,,,false
2364,3,F,3,2960.86,2960.86,SA-08,,false
2364,4,F,3,1079.65,1079.65,SA-09,,false
2364,5,F,3,1567.59,1567.59,SA-10,,false
2365,0,T,2,-18764.91,-18764.91,,,false
2365,1,F,3,18252.34,18252.34,SA-19,,false
2365,2,F,8,512.57,512.57,,,false
2366,0,T,2,-10127.43,-10127.43,,,false
2366,1,F,3,10127.43,10127.43,SA-29,,false
2367,0,T,2,-17322.97,-17322.97,,,false
2367,1,F,3,17322.97,17322.97,SA-24,,false
2368,0,T,2,-15294.08,-15294.08,,,false
2368,1,F,3,15294.08,15294.08,SA-01,,false
2369,0,T,2,-23714.48,-23714.48,,,false
2369,1,F,3,23714.48,23714.48,SA-08,,false
2370,0,T,2,-12066.78,-12066.78,,,false
2370,1,F,3,1631.15,1631.15,SA-11,,false
2370,2,F,3,1983.62,1983.62,SA-12,,false
2370,3,F,3,3199.14,3199.14,SA-13,,false
2370,4,F,3,2656.77,2656.77,SA-14,,false
2370,5,F,3,2596.10,2596.10,SA-15,,false
2371,0,T,2,-9596.57,-9596.57,,,false
2371,1,F,3,1519.49,1519.49,SA-16,,false
2371,2,F,3,2195.66,2195.66,SA-17,,false
2371,3,F,3,2141.19,2141.19,SA-18,,false
2371,4,F,3,2022.83,2022.83,SA-19,,false
2371,5,F,3,1717.40,1717.40,SA-20,,false
2372,0,T,2,-7899.88,-7899.88,,,false
2372,1,F,5,1438.47,1438.47,SA-16,,false
2372,2,F,5,1911.26,1911.26,SA-17,,false
2372,3,F,5,1717.60,1717.60,SA-18,,false
2372,4,F,5,1831.29,1831.29,SA-19,,false
2372,5,F,5,1001.26,1001.26,SA-20,,false
2373,0,T,2,-17410.33,-17410.33,,,false
2373,1,F,3,17410.33,17410.33,SA-04,,false
2374,0,T,2,-14582.24,-14582.24,,,false
2374,1,F,3,14582.24,14582.24,SA-20,,false
2375,0,T,2,-27651.12,-27651.12,,,false
2375,1,F,8,27651.12,27651.12,,,false
2376,0,T,2,-21678.39,-21678.39,,,false
2376,1,F,3,21678.39,21678.39,SA-22,,false
2377,0,T,2,-29863.61,-29863.61,,,false
2377,1,F,3,28941.12,28941.12,SA-13,,false
2377,2,F,8,922.49,922.49,,,false
2378,0,T,2,-28539.95,-20463.52,,,false
2378,1,F,4,2813.85,2017.57,SA-11,,false
2378,2,F,4,4460.96,3198.57,SA-12,,false
2378,3,F,4,11107.15,7963.97,SA-13,,false
2378,4,F,4,5756.25,4127.31,sa-14,,false
2378,5,F,4,4401.74,3156.10,SA-15,,false
2379,0,T,2,-8003.07,-8003.07,,,false
2379,1,F,7,1579.87,1579.87,SA-01,,false
2379,2,F,7,2084.16,2084.16,SA-07,,false
2379,3,F,7,1730.17,1730.17,SA-13,,false
2379,4,F,7,1521.89,1521.89,SA-19,,false
2379,5,F,7,1086.98,1086.98,SA-25,,false
2380,0,T,2,-15218.66,-15218.66,,,false
2380,1,F,3,15218.66,15218.66,SA-06,,false
2381,0,T,2,-18524.52,-18524.52,,,false
2381,1,F,3,18155.72,18155.72,SA-22,,false
2381,2,F,8,368.80,368.80,,,false
2382,0,T,2,-18773.66,-18773.66,,,false
2382,1,F,3,18773.66,18773.66,SA-24,,false
2383,0,T,2,-15629.58,-15629.58,,,false
2383,1,F,3,15629.58,15629.58,SA-04,,false
2384,0,T,2,-7293.78,-7293.78,,,false
2384,1,F,3,7293.78,7293.78,SA-05,,false
2385,0,T,2,-5352.49,-5352.49,,,false
2385,1,F,3,5352.49,5352.49,SA-10,,false
2386,0,T,2,-30897.99,-22171.13,,,false
2386,1,F,4,6263.66,4494.55,SA-16,,false
2386,2,F,4,7856.80,5637.72,SA-17,,false
2386,3,F,4,5367.71,3851.65,SA-18,,false
2386,4,F,4,7066.70,5070.77,SA-19,,false
2386,5,F,4,4343.12,3116.44,SA-20,,false
2387,0,T,2,-14996.08,-14996.08,,,false
2387,1,F,3,14996.08,14996.08,SA-21,,false
2388,0,T,2,-9388.21,-9388.21,,,false
2388,1,F,3,9388.21,9388.21,SA-25,,false
2389,0,T,2,-8702.21,-8702.21,,,false
2389,1,F,3,8702.21,8702.21,SA-30,,false
2390,0,T,2,-36187.42,-36187.42,,,false
2390,1,F,3,36187.42,36187.42,SA-08,,false
2391,0,T,2,-18219.38,-18219.38,,,false
2391,1,F,3,17380.58,17380.58,SA-16,,false
2391,2,F,8,838.80,838.80,,,false
2392,0,T,2,-7507.10,-7507.10,,,false
2392,1,F,3,7507.10,7507.10,SA-27,,false
2393,0,T,2,-7857.64,-7857.64,,,false
2393,1,F,3,7857.64,7857.64,SA-02,,false
2394,0,T,2,-11302.47,-11302.47,,,false
2394,1,F,3,11302.47,11302.47,SA-23,,false
2395,0,T,2,-15044.38,-15044.38,,,false
2395,1,F,3,15044.38,15044.38,SA-20,,false
2396,0,T,2,-6030.23,-6030.23,,,false
2396,1,F,3,1810.14,1810.14,SA-26,,false
2396,2,F,3,827.80,827.80,SA-27,,false
2396,3,F,3,1177.44,1177.44,SA-28,,false
2396,4,F,3,1116.08,1116.08,SA-29,,false
2396,5,F,3,1098.77,1098.77,SA-30,,false
2397,0,T,2,-8776.88,-8776.88,,,false
2397,1,F,5,1840.88,1840.88,SA-06,,false
2397,2,F,5,2224.18,2224.18,SA-07,,false
2397,3,F,5,1818.99,1818.99,SA-08,,false
2397,4,F,5,1499.12,1499.12,SA-09,,false
2397,5,F,5,1393.71,1393.71,SA-10,,false
2398,0,T,2,-8448.48,-8448.48,,,false
2398,1,F,3,8448.48,8448.48,SA-11,,false
2399,0,T,2,-28277.68,-20244.97,,,false
2399,1,F,4,4824.09,3453.73,SA-06,,false
2399,2,F,4,5926.67,4243.11,SA-07,,false
2399,3,F,4,11814.10,8458.13,SA-08,,false
2399,4,F,4,3863.50,2766.01,SA-09,,false
2399,5,F,4,1849.32,1323.99,SA-10,,false
2400,0,T,2,-5504.43,-5504.43,,,false
2400,1,F,5,820.33,820.33,SA-01,,false
2400,2,F,5,1360.24,1360.24,SA-02,,false
2400,3,F,5,359.87,359.87,SA-03,,false
2400,4,F,5,1525.51,1525.51,SA-04,,false
2400,5,F,5,1438.48,1438.48,SA-05,,false
2401,0,T,2,-39176.98,-39176.98,,,false
2401,1,F,3,39176.98,39176.98,SA-13,,false
2402,0,T,2,-20073.64,-14372.32,,,false
2402,1,F,4,5924.47,4241.80,SA-01,,false
2402,2,F,4,2407.81,1723.94,SA-02,,false
2402,3,F,4,4030.14,2885.50,SA-03,,false
2402,4,F,4,5526.19,3956.64,SA-04,,false
2402,5,F,4,2185.03,1564.44,SA-05,,false
2403,0,T,2,-24667.06,-17661.11,,,false
2403,1,F,4,5339.20,3822.76,SA-21,,false
2403,2,F,4,6417.39,4594.72,SA-22,,false
2403,3,F,4,3445.57,2466.96,SA-23,,false
2403,4,F,4,6147.98,4401.82,SA-24,,false
2403,5,F,4,3316.92,2374.85,SA-25,,false
2404,0,T,2,-10365.77,-10365.77,,,false
2404,1,F,5,1333.63,1333.63,SA-11,,false
2404,2,F,5,2402.59,2402.59,SA-12,,false
2404,3,F,5,2749.03,2749.03,SA-13,,false
2404,4,F,5,3027.63,3027.63,SA-14,,false
2404,5,F,5,852.89,852.89,SA-15,,false
2405,0,T,2,-11046.87,-11046.87,,,false
2405,1,F,3,11046.87,11046.87,SA-28,,false
2406,0,T,2,-19421.38,-19421.38,,,false
2406,1,F,3,19421.38,19421.38,SA-01,,false
2407,0,T,2,-9309.26,-9309.26,,,false
2407,1,F,3,8901.00,8901.00,SA-29,,false
2407,2,F,8,408.26,408.26,,,false
2408,0,T,2,-7284.78,-7284.78,,,false
2408,1,F,3,2385.58,2385.58,SA-01,,false
2408,2,F,3,861.86,861.86,SA-02,,false
2408,3,F,3,1337.89,1337.89,SA-03,,false
2408,4,F,3,1901.20,1901.20,SA-04,,false
2408,5,F,3,798.25,798.25,SA-05,,false
2409,0,T,2,-15918.06,-11375.87,,,false
2409,1,F,4,4605.77,3291.52,SA-26,,false
2409,2,F,4,2302.14,1645.23,SA-27,,false
2409,3,F,4,3008.61,2150.11,SA-28,,false
2409,4,F,4,3037.00,2170.40,SA-29,,false
2409,5,F,4,2964.54,2118.61,SA-30,,false
2410,0,T,2,-14927.66,-14927.66,,,false
2410,1,F,3,14927.66,14927.66,SA-18,,false
2411,0,T,2,-10082.27,-10082.27,,,false
2411,1,F,3,1480.78,1480.78,SA-06,,false
2411,2,F,3,1897.45,1897.45,SA-07,,false
2411,3,F,3,4413.00,4413.00,SA-08,,false
2411,4,F,3,1624.02,1624.02,SA-09,,false
2411,5,F,3,667.02,667.02,SA-10,,false
2412,0,T,2,-17518.65,-17518.65,,,false
2412,1,F,3,17518.65,17518.65,SA-14,,false
2413,0,T,2,-7072.14,-7072.14,,,false
2413,1,F,5,1061.81,1061.81,SA-16,,false
2413,2,F,5,2184.71,2184.71,SA-17,,false
2413,3,F,5,1378.99,1378.99,SA-18,,false
2413,4,F,5,1466.39,1466.39,SA-19,,false
2413,5,F,5,980.24,980.24,SA-20,,false
2414,0,T,2,-21154.71,-21154.71,,,false
2414,1,F,6,21154.71,21154.71,,,false
2415,0,T,2,-12317.11,-12317.11,,,false
2415,1,F,3,12317.11,12317.11,SA-09,,false
2416,0,T,2,-9055.41,-9055.41,,,false
2416,1,F,3,1912.61,1912.61,SA-21,,false
2416,2,F,3,2636.32,2636.32,SA-22,,false
2416,3,F,3,1099.62,1099.62,SA-23,,false
2416,4,F,3,2223.99,2223.99,SA-24,,false
2416,5,F,3,1182.87,1182.87,SA-25,,false
2417,0,T,2,-19588.97,-19588.97,,,false
2417,1,F,3,18579.70,18579.70,SA-07,,false
2417,2,F,8,1009.27,1009.27,,,false
2418,0,T,2,-14918.95,-14918.95,,,false
2418,1,F,3,14918.95,14918.95,SA-15,,false
2419,0,T,2,-9942.25,-9942.25,,,false
2419,1,F,3,946.63,946.63,SA-11,,false
2419,2,F,3,1647.99,1647.99,SA-12,,false
2419,3,F,3,3689.26,3689.26,SA-13,,false
2419,4,F,3,2048.87,2048.87,SA-14,,false
2419,5,F,3,1609.50,1609.50,SA-15,,false
2420,0,T,2,-8436.55,-8436.55,,,false
2420,1,F,5,2654.17,2654.17,SA-21,,false
2420,2,F,5,1380.54,1380.54,SA-22,,false
2420,3,F,5,1658.49,1658.49,SA-23,,false
2420,4,F,5,1963.72,1963.72,SA-24,,false
2420,5,F,5,779.63,779.63,SA-25,,false
2421,0,T,2,-11884.39,-11884.39,,,false
2421,1,F,3,11884.39,11884.39,SA-03,,false
2422,0,T,2,-26895.08,-26895.08,,,false
2422,1,F,3,26895.08,26895.08,SA-17,,false
2423,0,T,2,-14334.92,-14334.92,,,false
2423,1,F,3,13563.39,13563.39,,,false
2423,2,F,8,771.53,771.53,,,false
2424,0,T,2,-4386.08,-4386.08,,,false
2424,1,F,5,1141.50,1141.50,SA-26,,false
2424,2,F,5,1124.63,1124.63,SA-27,,false
2424,3,F,5,242.62,242.62,SA-28,,false
2424,4,F,5,1214.84,1214.84,SA-29,,false
2424,5,F,5,662.49,662.49,SA-30,,false
2425,0,T,2,-10753.70,-10753.70,,,false
2425,1,F,3,2005.25,2005.25,SA-16,,false
2425,2,F,3,2919.47,2919.47,SA-17,,false
2425,3,F,3,1889.34,1889.34, SA-18,,false
2425,4,F,3,2425.30,2425.30,SA-19,,false
2425,5,F,3,1514.34,1514.34, SA-20,,false
2426,0,T,2,-16638.25,-16638.25,,,false
2426,1,F,8,16638.25,16638.25,,,false
2427,0,T,2,-21073.01,-21073.01,,,false
2427,1,F,3,20411.36,20411.36,SA-19,,false
2427,2,F,8,661.65,661.65,,,false
2428,0,T,2,-15011.16,-15011.16,,,false
2428,1,F,3,15011.16,15011.16,SA-12,,false
2429,0,T,2,-8371.26,-8371.26,,,false
2429,1,F,7,1270.38,1270.38,SA-01,,false
2429,2,F,7,2146.14,2146.14,SA-07,,false
2429,3,F,7,1471.10,1471.10,SA-13,,false
2429,4,F,7,1690.50,1690.50,SA-19,,false
2429,5,F,7,1793.14,1793.14,SA-25,,false
2430,0,T,2,-21762.25,-21762.25,,,false
2430,1,F,3,21762.25,21762.25,SA-19,,false
2431,0,T,2,-21352.57,-21352.57,,,false
2431,1,F,3,21352.57,21352.57,SA-07,,false
2432,0,T,2,-16422.83,-16422.83,,,false
2432,1,F,3,15517.88,15517.88,SA-09,,false
2432,2,F,8,904.95,904.95,,,false
2433,0,T,2,-13853.20,-13853.20,,,false
2433,1,F,3,13853.20,13853.20,SA-11,,false
2434,0,T,2,-25967.96,-18592.92,,,false
2434,1,F,4,3889.09,2784.57,SA-16,,false
2434,2,F,4,6965.74,4987.43,SA-17,,false
2434,3,F,4,5559.37,3980.48,SA-18,,false
2434,4,F,4,6084.78,4356.67,SA-19,,false
2434,5,F,4,3468.98,2483.77,SA-20,,false
2435,0,T,2,-17699.41,-17699.41,,,false
2435,1,F,3,17699.41,17699.41,SA-04,,false
2436,0,T,2,-17322.40,-17322.40,,,false
2436,1,F,3,17322.40,17322.40,SA-10,,false
2437,0,T,2,-34529.19,-24720.35,,,false
2437,1,F,4,6000.23,4295.72,SA-06,,false
2437,2,F,4,7976.62,5710.67,SA-07,,false
2437,3,F,4,8170.00,5849.12,SA-08,,false
2437,4,F,4,5777.44,4136.22,SA-09,,false
2437,5,F,4,6604.90,4728.62,SA-10,,false
2438,0,T,2,-27411.41,-27411.41,,,false
2438,1,F,3,27411.41,27411.41,SA-13,,false
2439,0,T,2,-22083.14,-15773.66,,,false
2439,1,F,4,3358.88,2399.20,SA-01,,false
2439,2,F,4,5491.74,3922.67,SA-02,,false
2439,3,F,4,1616.01,1154.29,SA-03,,false
2439,4,F,4,6318.83,4513.45,SA-04,,false
2439,5,F,4,5297.68,3784.05,SA-05,,false
2440,0,T,2,-9059.18,-9059.18,,,false
2440,1,F,3,9059.18,9059.18,SA-25,,false
2441,0,T,2,-5007.19,-5007.19,,,false
2441,1,F,3,5007.19,5007.19,SA-03,,false
2442,0,T,2,-7665.66,-7665.66,,,false
2442,1,F,5,1566.59,1566.59,SA-11,,false
2442,2,F,5,1202.31,1202.31,SA-12,,false
2442,3,F,5,2315.01,2315.01,SA-13,,false
2442,4,F,5,1096.36,1096.36,SA-14,,false
2442,5,F,5,1485.39,1485.39,SA-15,,false
2443,0,T,2,-18786.17,-18786.17,,,false
2443,1,F,3,18786.17,18786.17,SA-05,,false
2444,0,T,2,-15920.79,-15920.79,,,false
2444,1,F,3,15920.79,15920.79,SA-29,,false
2445,0,T,2,-11313.40,-11313.40,,,false
2445,1,F,3,11313.40,11313.40,SA-20,,false
2446,0,T,2,-12808.37,-12808.37,,,false
2446,1,F,3,12808.37,12808.37,SA-27,,false
2447,0,T,2,-11588.56,-11588.56,,,false
2447,1,F,3,11588.56,11588.56,SA-26,,false
2448,0,T,2,-15243.73,-10977.87,,,false
2448,1,F,4,3577.39,2576.28,SA-26,,false
2448,2,F,4,3911.23,2816.70,,,false
2448,3,F,4,1069.23,770.01,SA-28,,false
2448,4,F,4,4570.74,3291.65,SA-29,,false
2448,5,F,4,2115.14,1523.23,SA-30,,false
2449,0,T,2,-28612.68,-28612.68,,,false
2449,1,F,3,28612.68,28612.68, SA-21,,false
2450,0,T,2,-20811.37,-20811.37,,,false
2450,1,F,3,20811.37,20811.37,SA-22,,false
2451,0,T,2,-22644.33,-22644.33,,,false
2451,1,F,3,22644.33,22644.33,SA-06,,false
2452,0,T,2,-7071.28,-7071.28,,,false
2452,1,F,3,7071.28,7071.28,SA-30,,false
2453,0,T,2,-32853.40,-32853.40,,,false
2453,1,F,3,31189.46,31189.46,SA-14,,false
2453,2,F,8,1663.94,1663.94,,,false
2454,0,T,2,-7813.33,-7813.33,,,false
2454,1,F,5,1120.68,1120.68,sa-06 ,,false
2454,2,F,5,2133.67,2133.67,SA-07,,false
2454,3,F,5,2406.78,2406.78,SA-08,,false
2454,4,F,5,1266.98,1266.98,SA-09,,false
2454,5,F,5,885.22,885.22,SA-10,,false
2455,0,T,2,-3675.86,-3675.86,,,false
2455,1,F,5,1229.82,1229.82,SA-26,,false
2455,2,F,5,999.36,999.36,SA-27,,false
2455,3,F,5,436.26,436.26,SA-28,,false
2455,4,F,5,620.29,620.29,SA-29,,false
2455,5,F,5,390.13,390.13,SA-30,,false
2456,0,T,2,-22730.92,-22730.92,,,false
2456,1,F,8,22730.92,22730.92,,,false
2457,0,T,2,-24651.86,-24651.86,,,false
2457,1,F,3,24651.86,24651.86,SA-08,,false
2458,0,T,2,-26211.06,-26211.06,,,false
2458,1,F,3,25544.58,25544.58,SA-12,,false
2458,2,F,8,666.48,666.48,,,false
2459,0,T,2,-17601.41,-17601.41,,,false
2459,1,F,6,17601.41,17601.41,,,false
2460,0,T,2,-25876.89,-25876.89,,,false
2460,1,F,3,25876.89,25876.89,SA-17,,false
2461,0,T,2,-3257.15,-3257.15,,,false
2461,1,F,3,3257.15,3257.15,SA-28,,false
2462,0,T,2,-7432.01,-7432.01,,,false
2462,1,F,3,1028.93,1028.93,sa-01 ,,false
2462,2,F,3,1788.53,1788.53,SA-02,,false
2462,3,F,3,521.60,521.60,SA-03,,false
2462,4,F,3,2054.03,2054.03,SA-04,,false
2462,5,F,3,2038.92,2038.92,SA-05,,false
2463,0,T,2,-9471.45,-9471.45,,,false
2463,1,F,3,1598.34,1598.34,SA-16,,false
2463,2,F,3,2492.81,2492.81,SA-17,,false
2463,3,F,3,1923.71,1923.71,SA-18,,false
2463,4,F,3,2247.59,2247.59,SA-19,,false
2463,5,F,3,1209.00,1209.00,SA-20,,false
2464,0,T,2,-5825.68,-5825.68,,,false
2464,1,F,3,1414.21,1414.21,SA-26,,false
2464,2,F,3,1563.53,1563.53,,,false
2464,3,F,3,387.28,387.28,SA-28,,false
2464,4,F,3,1731.46,1731.46,SA-29 ,,false
2464,5,F,3,729.20,729.20,SA-30,,false
2465,0,T,2,-35199.17,-25398.04,,,false
2465,1,F,4,4509.80,3254.06,SA-11,,false
2465,2,F,4,7889.30,5692.54,,,false
2465,3,F,4,10483.12,7564.12,SA-13,,false
2465,4,F,4,8984.88,6483.06,SA-14,,false
2465,5,F,4,3332.07,2404.26,SA-15,,false
2466,0,T,2,-14935.27,-14935.27,,,false
2466,1,F,3,14935.27,14935.27,SA-02,,false
2467,0,T,2,-31582.21,-22811.61,,,false
2467,1,F,4,9844.35,7110.51,SA-21,,false
2467,2,F,4,6396.86,4620.41,SA-22,,false
2467,3,F,4,5620.09,4059.35,SA-23,,false
2467,4,F,4,6581.57,4753.82,SA-24,,false
2467,5,F,4,3139.34,2267.52,SA-25,,false
2468,0,T,2,-15069.95,-15069.95,,,false
2468,1,F,3,15069.95,15069.95,SA-23,,false
2469,0,T,2,-15004.01,-15004.01,,,false
2469,1,F,3,15004.01,15004.01,SA-18,,false
2470,0,T,2,-12470.68,-12470.68,,,false
2470,1,F,3,12470.68,12470.68,SA-15,,false
2471,0,T,2,-12801.37,-12801.37,,,false
2471,1,F,3,1632.04,1632.04,SA-11,,false
2471,2,F,3,2587.90,2587.90,SA-12,,false
2471,3,F,3,3860.53,3860.53,,,false
2471,4,F,3,3567.04,3567.04,SA-14,,false
2471,5,F,3,1153.86,1153.86,SA-15,,false
2472,0,T,2,-5951.76,-5951.76,,,false
2472,1,F,5,1969.32,1969.32,SA-01,,false
2472,2,F,5,923.80,923.80,SA-02,,false
2472,3,F,5,655.31,655.31,SA-03,,false
2472,4,F,5,1797.97,1797.97,sa-04 ,,false
2472,5,F,5,605.36,605.36,,,false
2473,0,T,2,-11201.95,-11201.95,,,false
2473,1,F,3,11201.95,11201.95,SA-01,,false
2474,0,T,2,-7762.37,-7762.37,,,false
2474,1,F,5,1063.43,1063.43,SA-21,,false
2474,2,F,5,2149.84,2149.84,SA-22,,false
2474,3,F,5,1401.71,1401.71,SA-23,,false
2474,4,F,5,2539.42,2539.42,SA-24,,false
2474,5,F,5,607.97,607.97,SA-25,,false
2475,0,T,2,-13289.15,-13289.15,,,false
2475,1,F,3,13289.15,13289.15,SA-16,,false
2476,0,T,2,-11839.68,-11839.68,,,false
2476,1,F,3,2446.31,2446.31,SA-06,,false
2476,2,F,3,2911.68,2911.68,SA-07,,false
2476,3,F,3,2495.38,2495.38,SA-08,,false
2476,4,F,3,1882.24,1882.24,SA-09,,false
2476,5,F,3,2104.07,2104.07,SA-10,,false
2477,0,T,2,-7887.50,-7887.50,,,false
2477,1,F,5,1473.37,1473.37,,,false
2477,2,F,5,1412.02,1412.02,SA-17,,false
2477,3,F,5,1570.49,1570.49,SA-18,,false
2477,4,F,5,1807.61,1807.61,SA-19,,false
2477,5,F,5,1624.01,1624.01,SA-20,,false
2478,0,T,2,-20440.57,-20440.57,,,false
2478,1,F,3,20440.57,20440.57,SA-24,,false
2479,0,T,2,-11105.13,-11105.13,,,false
2479,1,F,3,3299.56,3299.56,SA-21,,false
2479,2,F,3,2342.17,2342.17,SA-22 ,,false
2479,3,F,3,2087.56,2087.56,SA-23,,false
2479,4,F,3,2397.73,2397.73,SA-24,,false
2479,5,F,3,978.11,978.11,SA-25,,false
2480,0,T,2,-23168.19,-16551.03,,,false
2480,1,F,4,7625.04,5447.22,SA-01,,false
2480,2,F,4,3177.49,2269.95,SA-02,,false
2480,3,F,4,2564.38,1831.96,SA-03,,false
2480,4,F,4,7482.07,5345.09,SA-04,,false
2480,5,F,4,2319.21,1656.81,SA-05,,false
2481,0,T,2,-7234.32,-7234.32,,,false
2481,1,F,7,1627.24,1627.24,SA-01,,false
2481,2,F,7,939.42,939.42,SA-07,,false
2481,3,F,7,1541.47,1541.47,SA-13,,false
2481,4,F,7,1830.35,1830.35,SA-19,,false
2481,5,F,7,1295.84,1295.84,SA-25,,false
2482,0,T,2,-30258.03,-30258.03,,,false
2482,1,F,3,30258.03,30258.03,,,false
2483,0,T,2,-12440.31,-12440.31,,,false
2483,1,F,3,12136.26,12136.26,SA-12,,false
2483,2,F,8,304.05,304.05,,,false
2484,0,T,2,-14796.86,-14796.86,,,false
2484,1,F,3,14452.96,14452.96,SA-15,,false
2484,2,F,8,343.90,343.90,,,false
2485,0,T,2,-27590.76,-19589.44,,,false
2485,1,F,4,5423.63,3850.78,SA-11,,false
2485,2,F,4,4574.13,3247.63,SA-12,,false
2485,3,F,4,8798.52,6246.95,SA-13,,false
2485,4,F,4,3613.26,2565.41,SA-14,,false
2485,5,F,4,5181.22,3678.67,SA-15,,false
2486,0,T,2,-28059.94,-20024.25,,,false
2486,1,F,4,4164.99,2972.24,SA-06,,false
2486,2,F,4,7756.28,5535.07,SA-07,,false
2486,3,F,4,8554.82,6104.92,SA-08,,false
2486,4,F,4,4375.02,3122.12,SA-09,,false
2486,5,F,4,3208.83,2289.90,SA-10,,false
2487,0,T,2,-15669.14,-15669.14,,,false
2487,1,F,3,15669.14,15669.14,SA-09,,false
2488,0,T,2,-10573.78,-10573.78,,,false
2488,1,F,3,10573.78,10573.78,SA-10,,false
2489,0,T,2,-8697.32,-8697.32,,,false
2489,1,F,5,1704.07,1704.07,SA-06,,false
2489,2,F,5,1536.01,1536.01,SA-07,,false
2489,3,F,5,2556.56,2556.56,SA-08,,false
2489,4,F,5,1139.17,1139.17,SA-09,,false
2489,5,F,5,1761.51,1761.51,SA-10,,false
2490,0,T,2,-14958.40,-14958.40,,,false
2490,1,F,3,14958.40,14958.40,SA-23,,false
2491,0,T,2,-21648.00,-21648.00,,,false
2491,1,F,3,20912.83,20912.83,SA-20,,false
2491,2,F,8,735.17,735.17,,,false
2492,0,T,2,-29931.23,-29931.23,,,false
2492,1,F,3,29931.23,29931.23,SA-13,,false
2493,0,T,2,-14380.35,-10219.64,,,false
2493,1,F,4,4533.30,3221.67,SA-26,,false
2493,2,F,4,3901.28,2772.51,SA-27,,false
2493,3,F,4,1370.66,974.08,SA-28,,false
2493,4,F,4,2668.62,1896.50,SA-29,,false
2493,5,F,4,1906.49,1354.88,SA-30,,false
2494,0,T,2,-11372.98,-11372.98,,,false
2494,1,F,3,11372.98,11372.98,SA-02,,false
2495,0,T,2,-24996.77,-24996.77,,,false
2495,1,F,3,24996.77,24996.77,SA-08,,false
2496,0,T,2,-6064.38,-6064.38,,,false
2496,1,F,5,1880.84,1880.84,SA-26,,false
2496,2,F,5,417.72,417.72,SA-27,,false
2496,3,F,5,1167.59,1167.59,SA-28,,false
2496,4,F,5,1331.91,1331.91,SA-29,,false
2496,5,F,5,1266.32,1266.32,SA-30,,false
2497,0,T,2,-7207.37,-7207.37,,,false
2497,1,F,3,6971.81,6971.81,SA-05,,false
2497,2,F,8,235.56,235.56,,,false
2498,0,T,2,-5338.48,-5338.48,,,false
2498,1,F,3,1760.73,1760.73,SA-26,,false
2498,2,F,3,1454.12,1454.12,SA-27,,false
2498,3,F,3,476.17,476.17,SA-28,,false
2498,4,F,3,965.92,965.92,SA-29,,false
2498,5,F,3,681.54,681.54,SA-30,,false
2499,0,T,2,-27616.21,-27616.21,,,false
2499,1,F,3,27616.21,27616.21,SA-22,,false
2500,0,T,2,-30674.82,-30674.82,,,false
2500,1,F,3,30674.82,30674.82,SA-24,,false
2501,0,T,2,-8183.34,-8183.34,,,false
2501,1,F,3,2493.76,2493.76,SA-01,,false
2501,2,F,3,1135.13,1135.13,SA-02,,false
2501,3,F,3,1028.81,1028.81,SA-03,,false
2501,4,F,3,2752.05,2752.05,SA-04,,false
2501,5,F,3,773.59,773.59,SA-05,,false
2502,0,T,2,-11273.97,-11273.97,,,false
2502,1,F,3,1683.42,1683.42,SA-16,,false
2502,2,F,3,2157.94,2157.94,SA-17,,false
2502,3,F,3,2287.69,2287.69,SA-18,,false
2502,4,F,3,2850.55,2850.55,SA-19,,false
2502,5,F,3,2294.37,2294.37,SA-20,,false
2503,0,T,2,-18139.99,-18139.99,,,false
2503,1,F,3,18139.99,18139.99,SA-17,,false
2504,0,T,2,-16388.45,-16388.45,,,false
2504,1,F,3,15694.06,15694.06,SA-06,,false
2504,2,F,8,694.39,694.39,,,false
2505,0,T,2,-5633.70,-5633.70,,,false
2505,1,F,3,5633.70,5633.70,SA-30,,false
2506,0,T,2,-29820.33,-21283.42,,,false
2506,1,F,4,4801.33,3426.81,SA-21,,false
2506,2,F,4,7942.93,5669.04,SA-22,,false
2506,3,F,4,4381.59,3127.24,SA-23,,false
2506,4,F,4,10191.83,7274.13,SA-24,,false
2506,5,F,4,2502.65,1786.20,SA-25,,false
2507,0,T,2,-9231.10,-9231.10,,,false
2507,1,F,5,1423.69,1423.69,SA-16,,false
2507,2,F,5,2786.38,2786.38,SA-17,,false
2507,3,F,5,1185.14,1185.14,SA-18,,false
2507,4,F,5,1677.44,1677.44,SA-19,,false
2507,5,F,5,2158.45,2158.45,SA-20,,false
2508,0,T,2,-15968.48,-15968.48,,,false
2508,1,F,8,15968.48,15968.48,,,false
2509,0,T,2,-23483.02,-23483.02,,,false
2509,1,F,3,23483.02,23483.02,SA-04,,false
2510,0,T,2,-9697.95,-9697.95,,,false
2510,1,F,3,2010.36,2010.36,SA-11,,false
2510,2,F,3,1686.64,1686.64,SA-12,,false
2510,3,F,3,2818.63,2818.63,SA-13,,false
2510,4,F,3,1327.86,1327.86,SA-14,,false
2510,5,F,3,1854.46,1854.46,SA-15,,false
2511,0,T,2,-8964.47,-8964.47,,,false
2511,1,F,5,384.91,384.91,SA-11,,false
2511,2,F,5,1575.45,1575.45,SA-12,,false
2511,3,F,5,3790.55,3790.55,SA-13,,false
2511,4,F,5,1514.61,1514.61,SA-14,,false
2511,5,F,5,1698.95,1698.95,SA-15,,false
2512,0,T,2,-8948.32,-8948.32,,,false
2512,1,F,3,8948.32,8948.32,SA-29,,false
2513,0,T,2,-11108.40,-11108.40,,,false
2513,1,F,3,1811.99,1811.99,SA-21,,false
2513,2,F,3,3170.04,3170.04,SA-22,,false
2513,3,F,3,1657.29,1657.29,SA-23,,false
2513,4,F,3,3596.53,3596.53,SA-24,,false
2513,5,F,3,872.55,872.55,SA-25,,false
2514,0,T,2,-21392.02,-21392.02,,,false
2514,1,F,6,21392.02,21392.02,,,false
2515,0,T,2,-5116.73,-5116.73,,,false
2515,1,F,3,5116.73,5116.73,SA-28,,false
2516,0,T,2,-21428.56,-21428.56,,,false
2516,1,F,3,21428.56,21428.56,SA-19,,false
2517,0,T,2,-10923.95,-10923.95,,,false
2517,1,F,3,1573.25,1573.25,sa-06,,false
2517,2,F,3,3332.70,3332.70,SA-07,,false
2517,3,F,3,3137.16,3137.16,sa-08 ,,false
2517,4,F,3,1649.82,1649.82,SA-09,,false
2517,5,F,3,1231.02,1231.02,SA-10,,false
2518,0,T,2,-30826.59,-22208.80,,,false
2518,1,F,4,5014.32,3612.53,SA-16,,false
2518,2,F,4,5994.65,4318.80,SA-17,,false
2518,3,F,4,6672.68,4807.29,SA-18,,false
2518,4,F,4,7171.13,5166.39,SA-19,,false
2518,5,F,4,5973.81,4303.79,SA-20,,false
2519,0,T,2,-20673.39,-20673.39,,,false
2519,1,F,3,20673.39,20673.39,,,false
2520,0,T,2,-15736.99,-15736.99,,,false
2520,1,F,3,15736.99,15736.99,SA-16,,false
2521,0,T,2,-11710.08,-11710.08,,,false
2521,1,F,3,11710.08,11710.08,SA-14,,false
2522,0,T,2,-9010.18,-9010.18,,,false
2522,1,F,5,1645.68,1645.68,SA-21,,false
2522,2,F,5,1637.57,1637.57,SA-22,,false
2522,3,F,5,1711.57,1711.57,SA-23,,false
2522,4,F,5,2985.79,2985.79,SA-24,,false
2522,5,F,5,1029.57,1029.57,SA-25,,false
2523,0,T,2,-13090.29,-13090.29,,,false
2523,1,F,3,13090.29,13090.29,SA-21,,false
2524,0,T,2,-19888.55,-19888.55,,,false
2524,1,F,3,19888.55,19888.55,SA-18,,false
2525,0,T,2,-15302.11,-15302.11,,,false
2525,1,F,3,15302.11,15302.11,SA-26,,false
2526,0,T,2,-6311.37,-6311.37,,,false
2526,1,F,5,973.10,973.10,SA-01,,false
2526,2,F,5,1755.45,1755.45,SA-02,,false
2526,3,F,5,994.69,994.69,,,false
2526,4,F,5,1691.53,1691.53,SA-04,,false
2526,5,F,5,896.60,896.60,SA-05,,false
2527,0,T,2,-6880.94,-6880.94,,,false
2527,1,F,3,6880.94,6880.94,SA-25,,false
2528,0,T,2,-9308.97,-9308.97,,,false
2528,1,F,3,8911.19,8911.19,SA-03,,false
2528,2,F,8,397.78,397.78,,,false
2529,0,T,2,-14153.27,-14153.27,,,false
2529,1,F,3,13860.97,13860.97,SA-27,,false
2529,2,F,8,292.30,292.30,,,false
2530,0,T,2,-15928.46,-15928.46,,,false
2530,1,F,3,15928.46,15928.46,SA-11,,false
2531,0,T,2,-7967.65,-7967.65,,,false
2531,1,F,7,1014.53,1014.53,SA-01,,false
2531,2,F,7,1860.85,1860.85,SA-07,,false
2531,3,F,7,1988.85,1988.85,SA-13,,false
2531,4,F,7,1785.19,1785.19,SA-19,,false
2531,5,F,7,1318.23,1318.23,SA-25,,false
2532,0,T,2,-24306.45,-24306.45,,,false
2532,1,F,3,24306.45,24306.45,SA-20,,false
2533,0,T,2,-22891.89,-22891.89,,,false
2533,1,F,3,21898.58,21898.58,SA-14,,false
2533,2,F,8,993.31,993.31,,,false
2534,0,T,2,-23968.24,-23968.24,,,false
2534,1,F,3,23968.24,23968.24,SA-04,,false
2535,0,T,2,-18000.02,-18000.02,,,false
2535,1,F,3,18000.02,18000.02,SA-19,,false
2536,0,T,2,-4320.06,-4320.06,,,false
2536,1,F,3,4320.06,4320.06,SA-11,,false
2537,0,T,2,-29059.46,-20804.08,,,false
2537,1,F,4,6200.99,4439.38,SA-06,,false
2537,2,F,4,4910.47,3515.47,SA-07,,false
2537,3,F,4,9171.28,6565.85,SA-08,,false
2537,4,F,4,3529.85,2527.07,SA-09,,false
2537,5,F,4,5246.87,3756.31,SA-10,,false
2538,0,T,2,-21529.06,-21529.06,,,false
2538,1,F,3,21529.06,21529.06,,,false
2539,0,T,2,-24368.91,-17356.26,,,false
2539,1,F,4,6666.87,4748.34,SA-26,,false
2539,2,F,4,1939.21,1381.16,SA-27,,false
2539,3,F,4,5072.32,3612.66,SA-28,,false
2539,4,F,4,6067.85,4321.70,SA-29,,false
2539,5,F,4,4622.66,3292.40,SA-30,,false
2540,0,T,2,-10523.04,-10523.04,,,false
2540,1,F,3,9965.22,9965.22,SA-05,,false
2540,2,F,8,557.82,557.82,,,false
2541,0,T,2,-33428.20,-23868.24,,,false
2541,1,F,4,5299.89,3784.20,SA-21,,false
2541,2,F,4,7021.00,5013.10,SA-22,,false
2541,3,F,4,6201.00,4427.61,SA-23,,false
2541,4,F,4,11178.93,7981.92,SA-24,,false
2541,5,F,4,3727.38,2661.41,SA-25,,false
2542,0,T,2,-28510.32,-28510.32,,,false
2542,1,F,3,28510.32,28510.32,SA-17,,false
2543,0,T,2,-5102.21,-5102.21,,,false
2543,1,F,3,5102.21,5102.21,SA-27,,false
2544,0,T,2,-24325.56,-17456.58,,,false
2544,1,F,4,4288.06,3077.21,,,false
2544,2,F,4,5364.27,3849.52,SA-02,,false
2544,3,F,4,3200.49,2296.75,SA-03,,false
2544,4,F,4,8203.22,5886.82,SA-04,,false
2544,5,F,4,3269.52,2346.28,SA-05,,false
2545,0,T,2,-10066.91,-10066.91,,,false
2545,1,F,5,1545.97,1545.97,SA-06,,false
2545,2,F,5,2142.80,2142.80,SA-07,,false
2545,3,F,5,2755.22,2755.22,SA-08 ,,false
2545,4,F,5,1880.78,1880.78,SA-09,,false
2545,5,F,5,1742.14,1742.14,SA-10,,false
2546,0,T,2,-9851.92,-9851.92,,,false
2546,1,F,5,807.67,807.67,,,false
2546,2,F,5,1187.52,1187.52,SA-12,,false
2546,3,F,5,3781.68,3781.68,SA-13,,false
2546,4,F,5,2425.30,2425.30,SA-14,,false
2546,5,F,5,1649.75,1649.75,SA-15,,false
2547,0,T,2,-10811.82,-10811.82,,,false
2547,1,F,3,1983.09,1983.09,SA-06,,false
2547,2,F,3,1900.48,1900.48,SA-07,,false
2547,3,F,3,3498.59,3498.59,,,false
2547,4,F,3,1400.66,1400.66,SA-09,,false
2547,5,F,3,2029.00,2029.00,SA-10,,false
2548,0,T,2,-7998.24,-7998.24,,,false
2548,1,F,3,2081.49,2081.49,SA-26,,false
2548,2,F,3,620.30,620.30,SA-27,,false
2548,3,F,3,1570.45,1570.45,SA-28,,false
2548,4,F,3,2152.36,2152.36,SA-29,,false
2548,5,F,3,1573.64,1573.64,SA-30 ,,false
2549,0,T,2,-6459.22,-6459.22,,,false
2549,1,F,5,1306.70,1306.70,SA-01,,false
2549,2,F,5,1106.03,1106.03,SA-02,,false
2549,3,F,5,650.11,650.11,SA-03,,false
2549,4,F,5,2200.91,2200.91,SA-04,,false
2549,5,F,5,1195.47,1195.47,SA-05,,false
2550,0,T,2,-9661.60,-9661.60,,,false
2550,1,F,5,1657.93,1657.93,SA-16,,false
2550,2,F,5,2010.84,2010.84,SA-17,,false
2550,3,F,5,1566.91,1566.91,SA-18,,false
2550,4,F,5,1811.74,1811.74,SA-19,,false
2550,5,F,5,2614.18,2614.18,SA-20,,false
2551,0,T,2,-16541.24,-16541.24,,,false
2551,1,F,3,16541.24,16541.24,SA-28,,false
2552,0,T,2,-43367.30,-43367.30,,,false
2552,1,F,3,43367.30,43367.30,SA-13,,false
2553,0,T,2,-18760.19,-18760.19,,,false
2553,1,F,3,17764.59,17764.59,SA-15,,false
2553,2,F,8,995.60,995.60,,,false
2554,0,T,2,-11818.79,-11818.79,,,false
2554,1,F,3,2269.06,2269.06,SA-16,,false
2554,2,F,3,3098.52,3098.52,SA-17,,false
2554,3,F,3,1762.20,1762.20,SA-18,,false
2554,4,F,3,2188.82,2188.82,SA-19,,false
2554,5,F,3,2500.19,2500.19,SA-20,,false
2555,0,T,2,-32176.81,-23119.88,,,false
2555,1,F,4,1443.27,1037.03,SA-11,,false
2555,2,F,4,5861.09,4211.35,SA-12,,false
2555,3,F,4,13233.43,9508.56, SA-13,,false
2555,4,F,4,6555.08,4710.00,SA-14,,false
2555,5,F,4,5083.94,3652.94,SA-15,,false
2556,0,T,2,-20463.89,-20463.89,,,false
2556,1,F,3,20463.89,20463.89,,,false
2557,0,T,2,-10496.71,-10496.71,,,false
2557,1,F,3,10164.20,10164.20,SA-09,,false
2557,2,F,8,332.51,332.51,,,false
2558,0,T,2,-5721.88,-5721.88,,,false
2558,1,F,5,1097.20,1097.20,SA-26,,false
2558,2,F,5,984.27,984.27,SA-27,,false
2558,3,F,5,753.56,753.56,SA-28,,false
2558,4,F,5,1754.76,1754.76,SA-29,,false
2558,5,F,5,1132.09,1132.09,SA-30,,false
2559,0,T,2,-30274.09,-30274.09,,,false
2559,1,F,3,30274.09,30274.09,SA-24,,false
2560,0,T,2,-15206.32,-15206.32,,,false
2560,1,F,3,15206.32,15206.32,SA-02,,false
2561,0,T,2,-21495.90,-21495.90,,,false
2561,1,F,3,21495.90,21495.90,SA-16,,false
2562,0,T,2,-36619.75,-26111.02,,,false
2562,1,F,4,6734.88,4802.18,SA-16,,false
2562,2,F,4,10184.13,7261.60,SA-17,,false
2562,3,F,4,5216.40,3719.45,SA-18,,false
2562,4,F,4,6867.93,4897.05,SA-19,,false
2562,5,F,4,7616.41,5430.74,SA-20,,false
2563,0,T,2,-16124.73,-16124.73,,,false
2563,1,F,3,16124.73,16124.73,SA-10,,false
2564,0,T,2,-16194.95,-16194.95,,,false
2564,1,F,3,15433.31,15433.31,,,false
2564,2,F,8,761.64,761.64,,,false
2565,0,T,2,-31613.27,-31613.27,,,false
2565,1,F,3,31613.27,31613.27,SA-08,,false
2566,0,T,2,-13959.86,-13959.86,,,false
2566,1,F,3,13959.86,13959.86,SA-30,,false
2567,0,T,2,-11800.36,-11800.36,,,false
2567,1,F,3,569.89,569.89,SA-11,,false
2567,2,F,3,2224.87,2224.87,SA-12,,false
2567,3,F,3,4824.37,4824.37,SA-13,,false
2567,4,F,3,2289.25,2289.25,SA-14,,false
2567,5,F,3,1891.98,1891.98,SA-15,,false
2568,0,T,2,-19779.11,-19779.11,,,false
2568,1,F,6,19779.11,19779.11,,,false
2569,0,T,2,-10015.74,-10015.74,,,false
2569,1,F,5,2064.09,2064.09,SA-21,,false
2569,2,F,5,2521.89,2521.89,SA-22,,false
2569,3,F,5,1124.58,1124.58,SA-23,,false
2569,4,F,5,3069.97,3069.97,SA-24,,false
2569,5,F,5,1235.21,1235.21,SA-25,,false
2570,0,T,2,-12473.62,-12473.62,,,false
2570,1,F,3,12473.62,12473.62,SA-01,,false
2571,0,T,2,-16436.70,-16436.70,,,false
2571,1,F,3,16436.70,16436.70,SA-06,,false
2572,0,T,2,-29806.96,-29806.96,,,false
2572,1,F,8,29806.96,29806.96,,,false
2573,0,T,2,-8540.74,-8540.74,,,false
2573,1,F,3,1380.31,1380.31,SA-01,,false
2573,2,F,3,1934.40,1934.40,SA-02,,false
2573,3,F,3,1227.86,1227.86,SA-03,,false
2573,4,F,3,2678.22,2678.22,SA-04,,false
2573,5,F,3,1319.95,1319.95,SA-05,,false
2574,0,T,2,-17593.03,-17593.03,,,false
2574,1,F,3,17138.02,17138.02,SA-29,,false
2574,2,F,8,455.01,455.01,,,false
2575,0,T,2,-17473.89,-17473.89,,,false
2575,1,F,3,16511.77,16511.77,SA-07,,false
2575,2,F,8,962.12,962.12,,,false
2576,0,T,2,-21195.42,-21195.42,,,false
2576,1,F,3,21195.42,21195.42,SA-26,,false
2577,0,T,2,-18207.39,-18207.39,,,false
2577,1,F,3,18207.39,18207.39,,,false
2578,0,T,2,-19267.54,-19267.54,,,false
2578,1,F,3,19267.54,19267.54,SA-21,,false
2579,0,T,2,-12219.67,-12219.67,,,false
2579,1,F,3,2031.59,2031.59,SA-21,,false
2579,2,F,3,2403.72,2403.72,SA-22,,false
2579,3,F,3,2192.54,2192.54,SA-23,,false
2579,4,F,3,4150.06,4150.06,SA-24,,false
2579,5,F,3,1441.76,1441.76,SA-25,,false
2580,0,T,2,-10300.40,-10300.40,,,false
2580,1,F,3,10300.40,10300.40,SA-03,,false
2581,0,T,2,-11100.70,-11100.70,,,false
2581,1,F,3,11100.70,11100.70,SA-25,,false
2582,0,T,2,-41970.31,-29798.92,,,false
2582,1,F,4,9695.50,6883.81,SA-21,,false
2582,2,F,4,9657.37,6856.73,SA-22,,false
2582,3,F,4,4698.90,3336.22,SA-23,,false
2582,4,F,4,12314.54,8743.32,SA-24,,false
2582,5,F,4,5604.00,3978.84,SA-25,,false
2583,0,T,2,-22187.05,-15752.81,,,false
2583,1,F,4,5083.10,3609.00,SA-26,,false
2583,2,F,4,4456.63,3164.21,SA-27,,false
2583,3,F,4,2911.90,2067.45,SA-28,,false
2583,4,F,4,6214.00,4411.94,SA-29,,false
2583,5,F,4,3521.42,2500.21,SA-30,,false
2584,0,T,2,-9285.48,-9285.48,,,false
2584,1,F,7,2051.46,2051.46,SA-01,,false
2584,2,F,7,2140.30,2140.30,SA-07,,false
2584,3,F,7,1889.60,1889.60,SA-13,,false
2584,4,F,7,1340.40,1340.40,SA-19,,false
2584,5,F,7,1863.72,1863.72,SA-25,,false
2585,0,T,2,-8420.81,-8420.81,,,false
2585,1,F,3,8420.81,8420.81,SA-28,,false
2586,0,T,2,-40323.34,-40323.34,,,false
2586,1,F,3,40323.34,40323.34,SA-13,,false
2587,0,T,2,-35151.91,-24973.86,,,false
2587,1,F,4,2697.13,1916.19,SA-11,,false
2587,2,F,4,5251.66,3731.07,SA-12,,false
2587,3,F,4,12793.42,9089.15,SA-13,,false
2587,4,F,4,7840.49,5570.32,SA-14,,false
2587,5,F,4,6569.21,4667.13,SA-15,,false
2588,0,T,2,-14622.70,-14622.70,,,false
2588,1,F,3,14622.70,14622.70,SA-02,,false
2589,0,T,2,-34412.95,-24513.58,,,false
2589,1,F,4,5526.78,3936.92,SA-16,,false
2589,2,F,4,6724.35,4790.00,SA-17,,false
2589,3,F,4,6047.99,4308.20,SA-18,,false
2589,4,F,4,7697.04,5482.88,SA-19,,false
2589,5,F,4,8416.79,5995.58,SA-20,,false
2590,0,T,2,-17979.26,-17979.26,,,false
2590,1,F,3,17979.26,17979.26,SA-16,,false
2591,0,T,2,-28252.18,-28252.18,,,false
2591,1,F,3,28252.18,28252.18,SA-14,,false
2592,0,T,2,-36562.74,-26266.82,,,false
2592,1,F,4,4627.74,3324.59,SA-06,,false
2592,2,F,4,8569.19,6156.14,SA-07,,false
2592,3,F,4,9715.56,6979.70,SA-08,,false
2592,4,F,4,7151.95,5137.99,SA-09,,false
2592,5,F,4,6498.30,4668.40,SA-10,,false
2593,0,T,2,-13765.00,-13765.00,,,false
2593,1,F,3,13364.50,13364.50,SA-23 ,,false
2593,2,F,8,400.50,400.50,,,false
2594,0,T,2,-12753.51,-12753.51,,,false
2594,1,F,3,12753.51,12753.51,SA-05,,false
2595,0,T,2,-23141.05,-23141.05,,,false
2595,1,F,3,23141.05,23141.05,SA-19,,false
2596,0,T,2,-7836.10,-7836.10,,,false
2596,1,F,5,894.64,894.64,SA-11,,false
2596,2,F,5,1409.73,1409.73,SA-12,,false
2596,3,F,5,2742.75,2742.75,SA-13,,false
2596,4,F,5,1647.02,1647.02,SA-14,,false
2596,5,F,5,1141.96,1141.96,SA-15,,false
2597,0,T,2,-30312.14,-30312.14,,,false
2597,1,F,3,30312.14,30312.14,SA-04,,false
2598,0,T,2,-9724.89,-9724.89,,,false
2598,1,F,3,9724.89,9724.89,SA-11,,false
2599,0,T,2,-8394.58,-8394.58,,,false
2599,1,F,3,8394.58,8394.58,SA-03,,false
2600,0,T,2,-14605.38,-14605.38,,,false
2600,1,F,3,13902.04,13902.04,SA-27,,false
2600,2,F,8,703.34,703.34,,,false
2601,0,T,2,-11844.29,-11844.29,,,false
2601,1,F,6,11844.29,11844.29,,,false
2602,0,T,2,-14732.47,-14732.47,,,false
2602,1,F,3,14732.47,14732.47,SA-12,,false
2603,0,T,2,-4697.32,-4697.32,,,false
2603,1,F,5,1101.88,1101.88,SA-26,,false
2603,2,F,5,660.20,660.20,SA-27,,false
2603,3,F,5,952.18,952.18,SA-28,,false
2603,4,F,5,1254.95,1254.95,SA-29,,false
2603,5,F,5,728.11,728.11,SA-30,,false
2604,0,T,2,-37394.98,-37394.98,,,false
2604,1,F,3,37394.98,37394.98,SA-24,,false
2605,0,T,2,-5714.83,-5714.83,,,false
2605,1,F,5,1229.17,1229.17,SA-01,,false
2605,2,F,5,1361.59,1361.59,SA-02,,false
2605,3,F,5,558.32,558.32,SA-03,,false
2605,4,F,5,1901.77,1901.77,SA-04,,false
2605,5,F,5,663.98,663.98,SA-05,,false
2606,0,T,2,-28791.78,-20543.78,,,false
2606,1,F,4,5790.63,4131.78,SA-01,,false
2606,2,F,4,4847.59,3458.90,,,false
2606,3,F,4,2900.83,2069.83,SA-03,,false
2606,4,F,4,10420.01,7434.98,SA-04,,false
2606,5,F,4,4832.72,3448.29,SA-05 ,,false
2607,0,T,2,-9229.45,-9229.45,,,false
2607,1,F,5,1441.38,1441.38,SA-16,,false
2607,2,F,5,1647.29,1647.29,SA-17,,false
2607,3,F,5,2138.61,2138.61,SA-18,,false
2607,4,F,5,2552.10,2552.10,SA-19,,false
2607,5,F,5,1450.07,1450.07,SA-20,,false
2608,0,T,2,-10050.68,-10050.68,,,false
2608,1,F,5,1995.86,1995.86,SA-06,,false
2608,2,F,5,1920.88,1920.88,SA-07,,false
2608,3,F,5,3480.60,3480.60,SA-08,,false
2608,4,F,5,1164.18,1164.18,SA-09,,false
2608,5,F,5,1489.16,1489.16,SA-10,,false
2609,0,T,2,-21658.47,-21658.47,,,false
2609,1,F,8,21658.47,21658.47,,,false
2610,0,T,2,-15779.01,-15779.01,,,false
2610,1,F,3,15779.01,15779.01,SA-06,,false
2611,0,T,2,-19659.39,-19659.39,,,false
2611,1,F,3,19232.35,19232.35,SA-15,,false
2611,2,F,8,427.04,427.04,,,false
2612,0,T,2,-12489.79,-12489.79,,,false
2612,1,F,3,2105.64,2105.64,SA-16,,false
2612,2,F,3,2429.56,2429.56,SA-17,,false
2612,3,F,3,2159.77,2159.77,SA-18,,false
2612,4,F,3,2599.89,2599.89,SA-19,,false
2612,5,F,3,3194.93,3194.93,,,false
2613,0,T,2,-15495.05,-15495.05,,,false
2613,1,F,3,14711.19,14711.19,SA-25,,false
2613,2,F,8,783.86,783.86,,,false
2614,0,T,2,-14024.72,-14024.72,,,false
2614,1,F,3,14024.72,14024.72,SA-26,,false
2615,0,T,2,-9550.77,-9550.77,,,false
2615,1,F,3,9550.77,9550.77,SA-30,,false
2616,0,T,2,-7261.23,-7261.23,,,false
2616,1,F,5,1599.06,1599.06,SA-21,,false
2616,2,F,5,2015.71,2015.71,sa-22 ,,false
2616,3,F,5,1331.62,1331.62,SA-23,,false
2616,4,F,5,1479.16,1479.16,SA-24,,false
2616,5,F,5,835.68,835.68,SA-25,,false
2617,0,T,2,-36774.73,-36774.73,,,false
2617,1,F,3,36774.73,36774.73,SA-22,,false
2618,0,T,2,-18499.96,-18499.96,,,false
2618,1,F,3,18499.96,18499.96,SA-01,,false
2619,0,T,2,-25024.13,-25024.13,,,false
2619,1,F,3,25024.13,25024.13,SA-07,,false
2620,0,T,2,-20929.49,-20929.49,,,false
2620,1,F,3,20929.49,20929.49,,,false
2621,0,T,2,-13774.36,-13774.36,,,false
2621,1,F,3,1921.67,1921.67,SA-06,,false
2621,2,F,3,3468.30,3468.30,SA-07,,false
2621,3,F,3,3493.44,3493.44,SA-08,,false
2621,4,F,3,2605.75,2605.75,SA-09,,false
2621,5,F,3,2285.20,2285.20,SA-10,,false
2622,0,T,2,-26979.67,-26979.67,,,false
2622,1,F,3,26979.67,26979.67,SA-21,,false
2623,0,T,2,-28380.19,-28380.19,,,false
2623,1,F,3,28380.19,28380.19,SA-20,,false
2624,0,T,2,-21604.53,-21604.53,,,false
2624,1,F,3,21604.53,21604.53,SA-09,,false
2625,0,T,2,-7963.61,-7963.61,,,false
2625,1,F,3,1910.53,1910.53,SA-26,,false
2625,2,F,3,1519.65,1519.65,SA-27,,false
2625,3,F,3,1110.34,1110.34,SA-28,,false
2625,4,F,3,2251.11,2251.11,SA-29,,false
2625,5,F,3,1171.98,1171.98,SA-30,,false
2626,0,T,2,-36220.21,-36220.21,,,false
2626,1,F,3,36220.21,36220.21,SA-08,,false
2627,0,T,2,-10083.99,-10083.99,,,false
2627,1,F,3,2228.53,2228.53,SA-01,,false
2627,2,F,3,1638.39,1638.39,SA-02,,false
2627,3,F,3,929.20,929.20,SA-03,,false
2627,4,F,3,3600.41,3600.41,SA-04,,false
2627,5,F,3,1687.46,1687.46,SA-05,,false
2628,0,T,2,-17100.80,-17100.80,,,false
2628,1,F,3,17100.80,17100.80,SA-10,,false
2629,0,T,2,-12416.51,-12416.51,,,false
2629,1,F,3,893.11,893.11,SA-11,,false
2629,2,F,3,1830.90,1830.90,SA-12,,false
2629,3,F,3,4358.51,4358.51,SA-13,,false
2629,4,F,3,2863.93,2863.93,SA-14,,false
2629,5,F,3,2470.06,2470.06,SA-15,,false
2630,0,T,2,-18399.72,-18399.72,,,false
2630,1,F,3,18399.72,18399.72,SA-18,,false
2631,0,T,2,-16909.36,-16909.36,,,false
2631,1,F,3,16909.36,16909.36,SA-29,,false
2632,0,T,2,-14507.00,-14507.00,,,false
2632,1,F,3,3089.79,3089.79,SA-21,,false
2632,2,F,3,3766.39,3766.39,sa-22 ,,false
2632,3,F,3,1936.94,1936.94,SA-23,,false
2632,4,F,3,3825.74,3825.74,SA-24,,false
2632,5,F,3,1888.14,1888.14,sa-25 ,,false
2633,0,T,2,-31046.24,-22042.84,,,false
2633,1,F,4,3676.60,2610.39,SA-11,,false
2633,2,F,4,4645.25,3298.13,SA-12,,false
2633,3,F,4,11748.80,8341.65,SA-13,,false
2633,4,F,4,6967.66,4947.04,SA-14,,false
2633,5,F,4,4007.93,2845.63,SA-15,,false
2634,0,T,2,-8087.46,-8087.46,,,false
2634,1,F,7,1026.80,1026.80,SA-01,,false
2634,2,F,7,1569.50,1569.50,SA-07,,false
2634,3,F,7,1888.39,1888.39,SA-13,,false
2634,4,F,7,2207.82,2207.82,SA-19,,false
2634,5,F,7,1394.95,1394.95,SA-25,,false
2635,0,T,2,-14202.43,-14202.43,,,false
2635,1,F,3,13550.43,13550.43,SA-01,,false
2635,2,F,8,652.00,652.00,,,false
2636,0,T,2,-7359.18,-7359.18,,,false
2636,1,F,3,7359.18,7359.18,SA-03,,false
2637,0,T,2,-25913.14,-25913.14,,,false
2637,1,F,3,25913.14,25913.14,SA-19,,false
2638,0,T,2,-17163.34,-17163.34,,,false
2638,1,F,3,17163.34,17163.34,SA-02,,false
2639,0,T,2,-12787.81,-12787.81,,,false
2639,1,F,5,1480.43,1480.43,SA-11,,false
2639,2,F,5,1723.69,1723.69,SA-12,,false
2639,3,F,5,3338.55,3338.55,SA-13,,false
2639,4,F,5,3988.80,3988.80,SA-14,,false
2639,5,F,5,2256.34,2256.34,SA-15,,false
2640,0,T,2,-21840.68,-21840.68,,,false
2640,1,F,3,21840.68,21840.68,SA-22,,false
2641,0,T,2,-9458.73,-9458.73,,,false
2641,1,F,3,9458.73,9458.73,SA-25,,false
2642,0,T,2,-40415.02,-40415.02,,,false
2642,1,F,3,40415.02,40415.02,SA-08,,false
2643,0,T,2,-12173.21,-12173.21,,,false
2643,1,F,3,11838.75,11838.75,SA-26,,false
2643,2,F,8,334.46,334.46,,,false
2644,0,T,2,-35492.16,-25425.80,,,false
2644,1,F,4,7614.05,5454.54,SA-06,,false
2644,2,F,4,6713.13,4809.14,SA-07,,false
2644,3,F,4,12111.42,8676.35,SA-08,,false
2644,4,F,4,4084.10,2925.76,SA-09,,false
2644,5,F,4,4969.46,3560.01,SA-10,,false
2645,0,T,2,-9048.68,-9048.68,,,false
2645,1,F,3,9048.68,9048.68,SA-30,,false
2646,0,T,2,-40401.08,-40401.08,,,false
2646,1,F,3,40401.08,40401.08,SA-13,,false
2647,0,T,2,-29069.29,-20817.19,,,false
2647,1,F,4,6358.85,4553.72,SA-21,,false
2647,2,F,4,6899.09,4940.60,SA-22,,false
2647,3,F,4,6243.58,4471.17,SA-23,,false
2647,4,F,4,6717.71,4810.71,SA-24,,false
2647,5,F,4,2850.06,2040.99,SA-25,,false
2648,0,T,2,-8240.26,-8240.26,,,false
2648,1,F,5,2004.85,2004.85,SA-01,,false
2648,2,F,5,1790.59,1790.59,SA-02,,false
2648,3,F,5,1086.77,1086.77,SA-03,,false
2648,4,F,5,2194.60,2194.60,SA-04,,false
2648,5,F,5,1163.45,1163.45,SA-05,,false
2649,0,T,2,-21040.70,-21040.70,,,false
2649,1,F,3,21040.70,21040.70,SA-20,,false
2650,0,T,2,-26081.55,-26081.55,,,false
2650,1,F,3,26081.55,26081.55,SA-06 ,,false
2651,0,T,2,-17032.69,-17032.69,,,false
2651,1,F,3,17032.69,17032.69,SA-10,,false
2652,0,T,2,-9838.43,-9838.43,,,false
2652,1,F,3,9339.79,9339.79,SA-27,,false
2652,2,F,8,498.64,498.64,,,false
2653,0,T,2,-22160.06,-22160.06,,,false
2653,1,F,3,22160.06,22160.06,SA-21,,false
2654,0,T,2,-33081.26,-23600.66,,,false
2654,1,F,4,6425.84,4584.29,SA-16,,false
2654,2,F,4,5918.21,4222.14,SA-17,,false
2654,3,F,4,6625.11,4726.45,SA-18,,false
2654,4,F,4,7744.40,5524.97,SA-19,,false
2654,5,F,4,6367.70,4542.81,SA-20,,false
2655,0,T,2,-16422.18,-16422.18,,,false
2655,1,F,3,16422.18,16422.18,SA-29,,false
2656,0,T,2,-8001.11,-8001.11,,,false
2656,1,F,3,1434.38,1434.38,SA-01,,false
2656,2,F,3,1927.37,1927.37,SA-02,,false
2656,3,F,3,873.69,873.69,SA-03,,false
2656,4,F,3,2839.14,2839.14,SA-04,,false
2656,5,F,3,926.53,926.53,SA-05,,false
2657,0,T,2,-21014.90,-21014.90,,,false
2657,1,F,3,21014.90,21014.90,SA-17,,false
2658,0,T,2,-7134.73,-7134.73,,,false
2658,1,F,5,1026.11,1026.11,sa-06,,false
2658,2,F,5,1245.06,1245.06,SA-07,,false
2658,3,F,5,2710.75,2710.75,SA-08,,false
2658,4,F,5,1247.21,1247.21,SA-09,,false
2658,5,F,5,905.60,905.60,SA-10,,false
2659,0,T,2,-4545.27,-4545.27,,,false
2659,1,F,5,964.04,964.04,SA-26,,false
2659,2,F,5,814.04,814.04,SA-27,,false
2659,3,F,5,795.79,795.79,,,false
2659,4,F,5,1126.11,1126.11,SA-29,,false
2659,5,F,5,845.29,845.29,SA-30,,false
2660,0,T,2,-26462.00,-26462.00,,,false
2660,1,F,8,26462.00,26462.00,,,false
2661,0,T,2,-17217.54,-17217.54,,,false
2661,1,F,3,17217.54,17217.54,SA-16,,false
2662,0,T,2,-12379.08,-12379.08,,,false
2662,1,F,3,2668.56,2668.56,SA-06,,false
2662,2,F,3,2303.51,2303.51,SA-07,,false
2662,3,F,3,4056.04,4056.04, SA-08,,false
2662,4,F,3,1584.33,1584.33,SA-09,,false
2662,5,F,3,1766.64,1766.64,SA-10,,false
2663,0,T,2,-21481.05,-21481.05,,,false
2663,1,F,3,21481.05,21481.05,SA-07,,false
2664,0,T,2,-15416.19,-15416.19,,,false
2664,1,F,3,15416.19,15416.19,SA-09,,false
2665,0,T,2,-10932.00,-10932.00,,,false
2665,1,F,3,10484.15,10484.15,SA-11,,false
2665,2,F,8,447.85,447.85,,,false
2666,0,T,2,-15718.43,-15718.43,,,false
2666,1,F,3,15274.22,15274.22,SA-15,,false
2666,2,F,8,444.21,444.21,,,false
2667,0,T,2,-10140.94,-10140.94,,,false
2667,1,F,3,2497.80,2497.80,SA-21,,false
2667,2,F,3,2180.70,2180.70,SA-22,,false
2667,3,F,3,1953.58,1953.58,SA-23,,false
2667,4,F,3,2568.28,2568.28,SA-24,,false
2667,5,F,3,940.58,940.58,SA-25,,false
2668,0,T,2,-23458.54,-16819.65,,,false
2668,1,F,4,4415.15,3165.64,SA-01,,false
2668,2,F,4,5575.94,3997.92,SA-02,,false
2668,3,F,4,2437.33,1747.55,SA-03,,false
2668,4,F,4,8474.59,6076.24,SA-04,,false
2668,5,F,4,2555.53,1832.30,SA-05,,false
2669,0,T,2,-21560.35,-21560.35,,,false
2669,1,F,3,20842.18,20842.18,SA-24,,false
2669,2,F,8,718.17,718.17,,,false
2670,0,T,2,-10161.66,-10161.66,,,false
2670,1,F,5,2016.92,2016.92,SA-21,,false
2670,2,F,5,2326.35,2326.35,SA-22,,false
2670,3,F,5,2327.77,2327.77,SA-23,,false
2670,4,F,5,2210.91,2210.91,SA-24,,false
2670,5,F,5,1279.71,1279.71,SA-25,,false
2671,0,T,2,-9448.86,-9448.86,,,false
2671,1,F,5,1719.77,1719.77,SA-16,,false
2671,2,F,5,2551.81,2551.81,SA-17,,false
2671,3,F,5,1469.61,1469.61,SA-18,,false
2671,4,F,5,2346.61,2346.61,SA-19,,false
2671,5,F,5,1361.06,1361.06,,,false
2672,0,T,2,-6909.53,-6909.53,,,false
2672,1,F,3,6909.53,6909.53,SA-05,,false
2673,0,T,2,-6950.75,-6950.75,,,false
2673,1,F,3,1391.04,1391.04,SA-26,,false
2673,2,F,3,1073.01,1073.01,SA-27,,false
2673,3,F,3,1283.44,1283.44,SA-28,,false
2673,4,F,3,2076.76,2076.76,SA-29,,false
2673,5,F,3,1126.50,1126.50,SA-30,,false
2674,0,T,2,-19189.10,-13808.94,,,false
2674,1,F,4,4555.66,3278.36,SA-26,,false
2674,2,F,4,2797.96,2013.48,SA-27,,false
2674,3,F,4,3662.01,2635.27,SA-28,,false
2674,4,F,4,5208.62,3748.25,SA-29,,false
2674,5,F,4,2964.85,2133.58,SA-30,,false
2675,0,T,2,-12652.02,-12652.02,,,false
2675,1,F,3,2233.64,2233.64,SA-16,,false
2675,2,F,3,2303.97,2303.97,SA-17,,false
2675,3,F,3,2731.63,2731.63,SA-18,,false
2675,4,F,3,3277.86,3277.86,SA-19,,false
2675,5,F,3,2104.92,2104.92,SA-20,,false
2676,0,T,2,-21279.34,-21279.34,,,false
2676,1,F,3,21279.34,21279.34,SA-04,,false
2677,0,T,2,-12454.96,-12454.96,,,false
2677,1,F,3,12454.96,12454.96,SA-28,,false
2678,0,T,2,-19283.24,-19283.24,,,false
2678,1,F,6,19283.24,19283.24,,,false
2679,0,T,2,-19799.27,-19799.27,,,false
2679,1,F,3,19799.27,19799.27, SA-14,,false
2680,0,T,2,-26084.34,-26084.34,,,false
2680,1,F,3,26084.34,26084.34,SA-18,,false
2681,0,T,2,-19430.05,-19430.05,,,false
2681,1,F,3,19430.05,19430.05,SA-23,,false
2682,0,T,2,-16220.79,-16220.79,,,false
2682,1,F,3,16220.79,16220.79,SA-12,,false
2683,0,T,2,-11282.15,-11282.15,,,false
2683,1,F,3,1369.27,1369.27,SA-11,,false
2683,2,F,3,1681.02,1681.02,SA-12,,false
2683,3,F,3,4415.42,4415.42,SA-13,,false
2683,4,F,3,2230.37,2230.37,SA-14,,false
2683,5,F,3,1586.07,1586.07,SA-15,,false
2684,0,T,2,-7028.80,-7028.80,,,false
2684,1,F,7,2276.04,2276.04,SA-01,,false
2684,2,F,7,1538.05,1538.05,SA-07,,false
2684,3,F,7,974.55,974.55,SA-13,,false
2684,4,F,7,913.05,913.05,SA-19,,false
2684,5,F,7,1327.11,1327.11,SA-25,,false
2685,0,T,2,-16499.33,-16499.33,,,false
2685,1,F,3,16499.33,16499.33,SA-20,,false
2686,0,T,2,-24312.67,-24312.67,,,false
2686,1,F,3,24312.67,24312.67,SA-15,,false
2687,0,T,2,-42665.40,-30966.93,,,false
2687,1,F,4,4950.59,3593.18,SA-11,,false
2687,2,F,4,6314.32,4582.99,SA-12,,false
2687,3,F,4,10628.97,7714.60,SA-13,,false
2687,4,F,4,13311.21,9661.40,SA-14,,false
2687,5,F,4,7460.31,5414.76,SA-15,,false
2688,0,T,2,-18910.41,-18910.41,,,false
2688,1,F,3,18910.41,18910.41,SA-01,,false
2689,0,T,2,-15841.80,-15841.80,,,false
2689,1,F,3,15841.80,15841.80,SA-05,,false
2690,0,T,2,-34060.41,-34060.41,,,false
2690,1,F,3,34060.41,34060.41,SA-13,,false
2691,0,T,2,-26862.62,-26862.62,,,false
2691,1,F,3,26862.62,26862.62,SA-17,,false
2692,0,T,2,-11817.56,-11817.56,,,false
2692,1,F,3,11817.56,11817.56,SA-29,,false
2693,0,T,2,-18977.70,-18977.70,,,false
2693,1,F,3,18977.70,18977.70,SA-16,,false
2694,0,T,2,-17537.01,-17537.01,,,false
2694,1,F,3,17537.01,17537.01,SA-02,,false
2695,0,T,2,-19220.36,-19220.36,,,false
2695,1,F,3,18711.08,18711.08,SA-11,,false
2695,2,F,8,509.28,509.28,,,false
2696,0,T,2,-10677.70,-10677.70,,,false
2696,1,F,5,1638.72,1638.72,SA-16,,false
2696,2,F,5,3291.31,3291.31,SA-17,,false
2696,3,F,5,1579.62,1579.62,SA-18,,false
2696,4,F,5,2152.92,2152.92,SA-19,,false
2696,5,F,5,2015.13,2015.13,SA-20,,false
2697,0,T,2,-8887.93,-8887.93,,,false
2697,1,F,5,1506.91,1506.91,SA-21,,false
2697,2,F,5,2008.53,2008.53,SA-22,,false
2697,3,F,5,1712.66,1712.66,SA-23,,false
2697,4,F,5,2244.36,2244.36,SA-24,,false
2697,5,F,5,1415.47,1415.47,SA-25,,false
2698,0,T,2,-35887.94,-35887.94,,,false
2698,1,F,3,35887.94,35887.94,SA-08,,false
2699,0,T,2,-13149.05,-13149.05,,,false
2699,1,F,3,13149.05,13149.05,SA-06,,false
2700,0,T,2,-9474.18,-9474.18,,,false
2700,1,F,3,9474.18,9474.18,SA-27,,false
2701,0,T,2,-19484.38,-19484.38,,,false
2701,1,F,3,18841.91,18841.91,SA-12,,false
2701,2,F,8,642.47,642.47,,,false
2702,0,T,2,-15590.96,-15590.96,,,false
2702,1,F,3,2091.45,2091.45,SA-11,,false
2702,2,F,3,2221.78,2221.78,SA-12,,false
2702,3,F,3,4075.77,4075.77,SA-13,,false
2702,4,F,3,4594.17,4594.17,SA-14,,false
2702,5,F,3,2607.79,2607.79,SA-15,,false
2703,0,T,2,-17459.52,-12762.45,,,false
2703,1,F,4,4504.01,3292.31,SA-26,,false
2703,2,F,4,3003.24,2195.29,SA-27,,false
2703,3,F,4,3433.79,2510.01,SA-28,,false
2703,4,F,4,3532.14,2581.90,SA-29,,false
2703,5,F,4,2986.34,2182.94,SA-30,,false
2704,0,T,2,-15761.75,-15761.75,,,false
2704,1,F,3,15761.75,15761.75,SA-18,,false
2705,0,T,2,-29034.78,-21272.83,,,false
2705,1,F,4,5923.30,4339.81,SA-01,,false
2705,2,F,4,5944.94,4355.66,SA-02,,false
2705,3,F,4,4179.80,3062.40,SA-03,,false
2705,4,F,4,7981.47,5847.76,SA-04,,false
2705,5,F,4,5005.27,3667.20,SA-05,,false
2706,0,T,2,-18393.37,-18393.37,,,false
2706,1,F,3,18393.37,18393.37,SA-21,,false
2707,0,T,2,-21399.97,-21399.97,,,false
2707,1,F,3,21399.97,21399.97,SA-19,,false
2708,0,T,2,-13360.77,-13360.77,,,false
2708,1,F,3,2493.01,2493.01,SA-21,,false
2708,2,F,3,3171.64,3171.64,SA-22,,false
2708,3,F,3,2998.05,2998.05,SA-23,,false
2708,4,F,3,3283.57,3283.57,SA-24,,false
2708,5,F,3,1414.50,1414.50,SA-25,,false
2709,0,T,2,-19515.79,-19515.79,,,false
2709,1,F,6,19515.79,19515.79,,,false
2710,0,T,2,-15276.13,-15276.13,,,false
2710,1,F,3,15276.13,15276.13,SA-26,,false
2711,0,T,2,-32899.11,-23917.49,,,false
2711,1,F,4,6018.05,4375.09,SA-16,,false
2711,2,F,4,8976.87,6526.14,SA-17,,false
2711,3,F,4,5442.95,3957.00,SA-18,,false
2711,4,F,4,7262.63,5279.90,SA-19,,false
2711,5,F,4,5198.61,3779.36,,,false
2712,0,T,2,-7517.64,-7517.64,,,false
2712,1,F,5,1816.64,1816.64,SA-01,,false
2712,2,F,5,1201.84,1201.84,SA-02,,false
2712,3,F,5,1021.88,1021.88,SA-03,,false
2712,4,F,5,2595.93,2595.93,SA-04 ,,false
2712,5,F,5,881.35,881.35,,,false
2713,0,T,2,-29461.37,-21397.91,,,false
2713,1,F,4,4482.97,3256.00,SA-06,,false
2713,2,F,4,5068.69,3681.41,SA-07,,false
2713,3,F,4,12036.08,8741.85,SA-08,,false
2713,4,F,4,4220.75,3065.55,SA-09,,false
2713,5,F,4,3652.88,2653.10,SA-10,,false
2714,0,T,2,-28787.22,-28787.22,,,false
2714,1,F,3,28079.30,28079.30,SA-24,,false
2714,2,F,8,707.92,707.92,,,false
2715,0,T,2,-31223.48,-31223.48,,,false
2715,1,F,3,31223.48,31223.48,SA-22,,false
2716,0,T,2,-11593.59,-11593.59,,,false
2716,1,F,3,2204.59,2204.59,SA-16,,false
2716,2,F,3,2849.60,2849.60,SA-17,,false
2716,3,F,3,2017.33,2017.33,SA-18,,false
2716,4,F,3,2660.87,2660.87,SA-19,,false
2716,5,F,3,1861.20,1861.20,SA-20,,false
2717,0,T,2,-30149.06,-30149.06,,,false
2717,1,F,3,29454.30,29454.30,SA-23,,false
2717,2,F,8,694.76,694.76,,,false
2718,0,T,2,-6192.43,-6192.43,,,false
2718,1,F,3,1471.35,1471.35,SA-26,,false
2718,2,F,3,1217.90,1217.90,SA-27,,false
2718,3,F,3,1182.71,1182.71,SA-28,,false
2718,4,F,3,1264.29,1264.29,,,false
2718,5,F,3,1056.18,1056.18,SA-30,,false
2719,0,T,2,-36048.92,-26361.10,,,false
2719,1,F,4,6799.31,4972.06,SA-21,,false
2719,2,F,4,8195.41,5992.97,SA-22,,false
2719,3,F,4,8896.88,6505.92,SA-23,,false
2719,4,F,4,7815.02,5714.80,SA-24,,false
2719,5,F,4,4342.30,3175.35,SA-25,,false
2720,0,T,2,-8589.25,-8589.25,,,false
2720,1,F,5,958.45,958.45,SA-11,,false
2720,2,F,5,1411.56,1411.56,SA-12,,false
2720,3,F,5,2247.34,2247.34,SA-13,,false
2720,4,F,5,2003.57,2003.57,SA-14,,false
2720,5,F,5,1968.33,1968.33,SA-15,,false
2721,0,T,2,-43712.98,-43712.98,,,false
2721,1,F,3,43712.98,43712.98,SA-14,,false
2722,0,T,2,-10960.16,-10960.16,,,false
2722,1,F,3,2451.17,2451.17,SA-01,,false
2722,2,F,3,2092.62,2092.62,SA-02,,false
2722,3,F,3,1429.30,1429.30,SA-03,,false
2722,4,F,3,3187.80,3187.80,SA-04,,false
2722,5,F,3,1799.27,1799.27,SA-05,,false
2723,0,T,2,-10651.12,-10651.12,,,false
2723,1,F,3,10651.12,10651.12,SA-10,,false
2724,0,T,2,-10099.26,-10099.26,,,false
2724,1,F,3,1742.13,1742.13,SA-06,,false
2724,2,F,3,1993.30,1993.30,SA-07,,false
2724,3,F,3,3748.51,3748.51,SA-08,,false
2724,4,F,3,1480.61,1480.61,SA-09,,false
2724,5,F,3,1134.71,1134.71,SA-10,,false
2725,0,T,2,-13409.79,-13409.79,,,false
2725,1,F,3,13409.79,13409.79,SA-03,,false
2726,0,T,2,-15434.41,-15434.41,,,false
2726,1,F,3,15434.41,15434.41,SA-07,,false
2727,0,T,2,-16958.59,-16958.59,,,false
2727,1,F,8,16958.59,16958.59,,,false
2728,0,T,2,-10333.13,-10333.13,,,false
2728,1,F,3,10333.13,10333.13,SA-28,,false
2729,0,T,2,-32279.38,-32279.38,,,false
2729,1,F,3,32279.38,32279.38,SA-04,,false
2730,0,T,2,-9049.58,-9049.58,,,false
2730,1,F,5,1109.18,1109.18,SA-06,,false
2730,2,F,5,1596.12,1596.12,SA-07,,false
2730,3,F,5,3596.87,3596.87,SA-08,,false
2730,4,F,5,1108.63,1108.63,SA-09,,false
2730,5,F,5,1638.78,1638.78,SA-10,,false
2731,0,T,2,-6899.86,-6899.86,,,false
2731,1,F,5,2230.19,2230.19,SA-26,,false
2731,2,F,5,1539.19,1539.19,SA-27,,false
2731,3,F,5,1267.24,1267.24,SA-28,,false
2731,4,F,5,783.04,783.04,SA-29,,false
2731,5,F,5,1080.20,1080.20,SA-30,,false
2732,0,T,2,-15166.77,-15166.77,,,false
2732,1,F,3,15166.77,15166.77,SA-09,,false
2733,0,T,2,-9236.24,-9236.24,,,false
2733,1,F,3,8993.52,8993.52,SA-30,,false
2733,2,F,8,242.72,242.72,,,false
2734,0,T,2,-12626.86,-12626.86,,,false
2734,1,F,3,12626.86,12626.86,SA-25,,false
2735,0,T,2,-9791.46,-9791.46,,,false
2735,1,F,7,2106.41,2106.41,SA-01,,false
2735,2,F,7,1924.40,1924.40,SA-07,,false
2735,3,F,7,2146.31,2146.31,SA-13,,false
2735,4,F,7,2306.73,2306.73,SA-19,,false
2735,5,F,7,1307.61,1307.61,SA-25,,false
2736,0,T,2,-24621.65,-24621.65,,,false
2736,1,F,3,24621.65,24621.65,SA-18,,false
2737,0,T,2,-18520.55,-18520.55,,,false
2737,1,F,3,17531.22,17531.22,SA-27,,false
2737,2,F,8,989.33,989.33,,,false
2738,0,T,2,-17499.62,-17499.62,,,false
2738,1,F,3,17051.37,17051.37,SA-15,,false
2738,2,F,8,448.25,448.25,,,false
2739,0,T,2,-24753.20,-17984.48,,,false
2739,1,F,4,5605.99,4073.04,SA-01,,false
2739,2,F,4,4547.81,3304.22,SA-02,,false
2739,3,F,4,4152.56,3017.05,SA-03,,false
2739,4,F,4,7663.36,5567.83,,,false
2739,5,F,4,2783.48,2022.34,SA-05,,false
2740,0,T,2,-35422.31,-25736.16,,,false
2740,1,F,4,5143.58,3737.08,SA-16,,false
2740,2,F,4,9591.93,6969.04,SA-17,,false
2740,3,F,4,6694.91,4864.20,SA-18,,false
2740,4,F,4,7819.84,5681.52,SA-19,,false
2740,5,F,4,6172.05,4484.32,SA-20,,false
2741,0,T,2,-23385.42,-23385.42,,,false
2741,1,F,3,23385.42,23385.42,SA-14,,false
2742,0,T,2,-16115.73,-16115.73,,,false
2742,1,F,3,16115.73,16115.73,SA-12,,false
2743,0,T,2,-23667.09,-17278.77,,,false
2743,1,F,4,7044.52,5143.03,SA-26,,false
2743,2,F,4,4797.55,3502.58,SA-27,,false
2743,3,F,4,4849.28,3540.34,SA-28,,false
2743,4,F,4,3483.47,2543.20,SA-29,,false
2743,5,F,4,3492.27,2549.62,,,false
2744,0,T,2,-6578.80,-6578.80,,,false
2744,1,F,5,1546.32,1546.32,SA-26,,false
2744,2,F,5,1046.88,1046.88,SA-27,,false
2744,3,F,5,1177.71,1177.71,SA-28,,false
2744,4,F,5,1306.05,1306.05,SA-29,,false
2744,5,F,5,1501.84,1501.84,SA-30,,false
2745,0,T,2,-19794.78,-19794.78,,,false
2745,1,F,3,19794.78,19794.78,SA-07,,false
2746,0,T,2,-9500.26,-9500.26,,,false
2746,1,F,5,1245.41,1245.41,SA-16,,false
2746,2,F,5,2265.27,2265.27,SA-17,,false
2746,3,F,5,2185.68,2185.68,SA-18,,false
2746,4,F,5,2561.57,2561.57,SA-19,,false
2746,5,F,5,1242.33,1242.33,SA-20,,false
2747,0,T,2,-26457.24,-26457.24,,,false
2747,1,F,8,26457.24,26457.24,,,false
2748,0,T,2,-10226.57,-10226.57,,,false
2748,1,F,5,2353.98,2353.98,SA-06,,false
2748,2,F,5,2120.08,2120.08,SA-07,,false
2748,3,F,5,3153.95,3153.95,SA-08,,false
2748,4,F,5,1157.30,1157.30,SA-09,,false
2748,5,F,5,1441.26,1441.26,SA-10,,false
2749,0,T,2,-21201.31,-21201.31,,,false
2749,1,F,6,21201.31,21201.31,,,false
2750,0,T,2,-15245.55,-15245.55,,,false
2750,1,F,3,15245.55,15245.55,SA-25,,false
2751,0,T,2,-20386.09,-20386.09,,,false
2751,1,F,3,20386.09,20386.09,SA-10,,false
2752,0,T,2,-22658.74,-22658.74,,,false
2752,1,F,3,22658.74,22658.74,SA-26,,false
2753,0,T,2,-9235.67,-9235.67,,,false
2753,1,F,3,2014.91,2014.91,SA-01,,false
2753,2,F,3,1792.57,1792.57,SA-02,,false
2753,3,F,3,1703.81,1703.81,SA-03,,false
2753,4,F,3,2646.25,2646.25,SA-04,,false
2753,5,F,3,1078.13,1078.13,,,false
2754,0,T,2,-29892.22,-29892.22,,,false
2754,1,F,3,29892.22,29892.22,SA-24,,false
2755,0,T,2,-35387.87,-35387.87,,,false
2755,1,F,3,35387.87,35387.87,SA-17,,false
2756,0,T,2,-11590.47,-11590.47,,,false
2756,1,F,3,11590.47,11590.47,SA-29,,false
2757,0,T,2,-20987.54,-20987.54,,,false
2757,1,F,3,20987.54,20987.54,SA-13,,false
2758,0,T,2,-11316.27,-11316.27,,,false
2758,1,F,3,1447.43,1447.43,SA-11,,false
2758,2,F,3,1923.95,1923.95,SA-12,,false
2758,3,F,3,2552.97,2552.97,SA-13,,false
2758,4,F,3,3284.22,3284.22,SA-14,,false
2758,5,F,3,2107.70,2107.70,SA-15 ,,false
2759,0,T,2,-12715.62,-12715.62,,,false
2759,1,F,3,1838.48,1838.48,SA-16 ,,false
2759,2,F,3,3362.34,3362.34,SA-17,,false
2759,3,F,3,2396.92,2396.92,SA-18,,false
2759,4,F,3,2930.86,2930.86,SA-19,,false
2759,5,F,3,2187.02,2187.02,SA-20,,false
2760,0,T,2,-32558.11,-23840.33,,,false
2760,1,F,4,4322.79,3165.32,SA-11,,false
2760,2,F,4,5589.45,4092.81,SA-12,,false
2760,3,F,4,7466.90,5467.56,SA-13,,false
2760,4,F,4,8682.27,6357.50,SA-14,,false
2760,5,F,4,6496.70,4757.14,SA-15,,false
2761,0,T,2,-8625.46,-8625.46,,,false
2761,1,F,5,1473.71,1473.71,SA-11,,false
2761,2,F,5,2245.52,2245.52,SA-12,,false
2761,3,F,5,1491.86,1491.86,SA-13,,false
2761,4,F,5,1892.01,1892.01,SA-14,,false
2761,5,F,5,1522.36,1522.36,SA-15,,false
2762,0,T,2,-9063.54,-9063.54,,,false
2762,1,F,3,2773.47,2773.47,SA-26,,false
2762,2,F,3,1637.17,1637.17,SA-27,,false
2762,3,F,3,1766.94,1766.94,sa-28 ,,false
2762,4,F,3,1360.66,1360.66,SA-29,,false
2762,5,F,3,1525.30,1525.30,SA-30,,false
2763,0,T,2,-20542.62,-20542.62,,,false
2763,1,F,3,20542.62,20542.62,SA-22,,false
2764,0,T,2,-13984.84,-13984.84,,,false
2764,1,F,3,13984.84,13984.84,SA-11,,false
2765,0,T,2,-32932.68,-24073.30,,,false
2765,1,F,4,4165.05,3044.59,SA-06,,false
2765,2,F,4,6840.75,5000.49,SA-07,,false
2765,3,F,4,12491.52,9131.11,SA-08,,false
2765,4,F,4,4044.46,2956.44,SA-09,,false
2765,5,F,4,5390.90,3940.67,SA-10,,false
2766,0,T,2,-6134.56,-6134.56,,,false
2766,1,F,5,1565.72,1565.72,SA-01,,false
2766,2,F,5,671.18,671.18,SA-02,,false
2766,3,F,5,752.16,752.16,SA-03,,false
2766,4,F,5,2172.65,2172.65,SA-04,,false
2766,5,F,5,972.85,972.85,SA-05,,false
2767,0,T,2,-10039.28,-10039.28,,,false
2767,1,F,5,2076.14,2076.14,SA-21,,false
2767,2,F,5,2277.23,2277.23,SA-22,,false
2767,3,F,5,2061.98,2061.98,SA-23,,false
2767,4,F,5,2808.01,2808.01,SA-24,,false
2767,5,F,5,815.92,815.92,SA-25,,false
2768,0,T,2,-24740.42,-24740.42,,,false
2768,1,F,3,24740.42,24740.42,SA-19,,false
2769,0,T,2,-34526.87,-34526.87,,,false
2769,1,F,3,34526.87,34526.87,SA-08,,false
2770,0,T,2,-11716.14,-11716.14,,,false
2770,1,F,3,1505.44,1505.44,SA-06,,false
2770,2,F,3,2282.30,2282.30,SA-07,,false
2770,3,F,3,4057.60,4057.60,SA-08,,false
2770,4,F,3,1496.59,1496.59,SA-09,,false
2770,5,F,3,2374.21,2374.21,SA-10,,false
2771,0,T,2,-31112.20,-22710.97,,,false
2771,1,F,4,5712.03,4169.61,SA-21,,false
2771,2,F,4,7071.74,5162.16, SA-22,,false
2771,3,F,4,6199.30,4525.30,SA-23,,false
2771,4,F,4,7833.13,5717.95,SA-24,,false
2771,5,F,4,4296.00,3135.95,SA-25,,false
2772,0,T,2,-11149.91,-11149.91,,,false
2772,1,F,3,11149.91,11149.91,SA-30,,false
2773,0,T,2,-19703.04,-19703.04,,,false
2773,1,F,3,19703.04,19703.04,SA-21,,false
2774,0,T,2,-17239.50,-17239.50,,,false
2774,1,F,3,17239.50,17239.50,SA-02,,false
2775,0,T,2,-19387.35,-19387.35,,,false
2775,1,F,3,19387.35,19387.35,SA-20,,false
2776,0,T,2,-14986.57,-14986.57,,,false
2776,1,F,3,14986.57,14986.57,SA-16,,false
2777,0,T,2,-17296.10,-17296.10,,,false
2777,1,F,3,17296.10,17296.10,SA-28,,false
2778,0,T,2,-13463.19,-13463.19,,,false
2778,1,F,3,13463.19,13463.19,SA-03,,false
2779,0,T,2,-12421.32,-12421.32,,,false
2779,1,F,3,12421.32,12421.32,SA-06,,false
2780,0,T,2,-8444.01,-8444.01,,,false
2780,1,F,3,8444.01,8444.01, SA-05,,false
2781,0,T,2,-10874.32,-10874.32,,,false
2781,1,F,3,10874.32,10874.32,SA-09,,false
2782,0,T,2,-16878.65,-16878.65,,,false
2782,1,F,3,16878.65,16878.65,SA-23,,false
2783,0,T,2,-23595.97,-23595.97,,,false
2783,1,F,3,23595.97,23595.97,SA-04,,false
2784,0,T,2,-11174.49,-11174.49,,,false
2784,1,F,3,1819.04,1819.04,SA-21,,false
2784,2,F,3,2363.85,2363.85,,,false
2784,3,F,3,2263.88,2263.88,SA-23,,false
2784,4,F,3,3100.60,3100.60,SA-24,,false
2784,5,F,3,1627.12,1627.12,SA-25,,false
2785,0,T,2,-18549.11,-18549.11,,,false
2785,1,F,3,17579.79,17579.79,SA-01,,false
2785,2,F,8,969.32,969.32,,,false
2786,0,T,2,-7828.36,-7828.36,,,false
2786,1,F,7,1602.28,1602.28,SA-01,,false
2786,2,F,7,2093.25,2093.25,SA-07,,false
2786,3,F,7,1712.38,1712.38,SA-13,,false
2786,4,F,7,1049.20,1049.20,SA-19,,false
2786,5,F,7,1371.25,1371.25,SA-25,,false
2787,0,T,2,-18541.56,-18541.56,,,false
2787,1,F,3,18541.56,18541.56,SA-16,,false
2788,0,T,2,-42012.70,-42012.70,,,false
2788,1,F,3,42012.70,42012.70,SA-08,,false
2789,0,T,2,-21222.78,-15293.71,,,false
2789,1,F,4,4640.57,3344.12,SA-01,,false
2789,2,F,4,2616.24,1885.33,SA-02,,false
2789,3,F,4,2753.57,1984.30,SA-03,,false
2789,4,F,4,8094.19,5832.89,SA-04,,false
2789,5,F,4,3118.21,2247.07,SA-05,,false
2790,0,T,2,-23205.01,-16722.16,,,false
2790,1,F,4,5336.07,3845.32,SA-26,,false
2790,2,F,4,3894.11,2806.20,SA-27,,false
2790,3,F,4,4616.95,3327.10,SA-28,,false
2790,4,F,4,4339.08,3126.86,SA-29,,false
2790,5,F,4,5018.80,3616.68,SA-30,,false
2791,0,T,2,-18328.08,-18328.08,,,false
2791,1,F,3,18328.08,18328.08,SA-23,,false
2792,0,T,2,-12164.37,-12164.37,,,false
2792,1,F,3,12164.37,12164.37,SA-05,,false
2793,0,T,2,-26426.67,-26426.67,,,false
2793,1,F,3,26426.67,26426.67,SA-07,,false
2794,0,T,2,-18263.05,-18263.05,,,false
2794,1,F,3,18263.05,18263.05,SA-09,,false
2795,0,T,2,-10742.65,-10742.65,,,false
2795,1,F,5,1549.41,1549.41,SA-21,,false
2795,2,F,5,2512.38,2512.38,SA-22,,false
2795,3,F,5,2017.41,2017.41,SA-23,,false
2795,4,F,5,3140.31,3140.31,SA-24,,false
2795,5,F,5,1523.14,1523.14,SA-25,,false
2796,0,T,2,-14631.61,-14631.61,,,false
2796,1,F,3,14631.61,14631.61,SA-27,,false
2797,0,T,2,-41199.41,-29560.70,,,false
2797,1,F,4,8575.32,6152.82,SA-06,,false
2797,2,F,4,10306.66,7395.06,SA-07,,false
2797,3,F,4,12550.74,9005.19,SA-08,,false
2797,4,F,4,4680.68,3358.40,SA-09,,false
2797,5,F,4,5086.01,3649.23,SA-10,,false
2798,0,T,2,-9253.71,-9253.71,,,false
2798,1,F,6,9253.71,9253.71,,,false
2799,0,T,2,-25559.28,-25559.28,,,false
2799,1,F,3,25559.28,25559.28,SA-24,,false
2800,0,T,2,-21988.50,-21988.50,,,false
2800,1,F,3,21988.50,21988.50,SA-18,,false
2801,0,T,2,-15413.11,-15413.11,,,false
2801,1,F,3,15413.11,15413.11,SA-29,,false
2802,0,T,2,-31378.37,-22618.12,,,false
2802,1,F,4,4495.61,3240.52,SA-11,,false
2802,2,F,4,8139.99,5867.46,SA-12,,false
2802,3,F,4,6395.46,4609.97,SA-13,,false
2802,4,F,4,6479.08,4670.24,SA-14,,false
2802,5,F,4,5868.23,4229.93,SA-15,,false
2803,0,T,2,-36051.56,-26020.48,,,false
2803,1,F,4,5884.69,4247.32,SA-16,,false
2803,2,F,4,8481.98,6121.93,SA-17,,false
2803,3,F,4,7075.59,5106.86,SA-18,,false
2803,4,F,4,9005.34,6499.67,SA-19,,false
2803,5,F,4,5603.96,4044.70,SA-20,,false
2804,0,T,2,-10691.37,-10691.37,,,false
2804,1,F,5,649.36,649.36,SA-06,,false
2804,2,F,5,2955.90,2955.90,SA-07,,false
2804,3,F,5,3890.74,3890.74,SA-08,,false
2804,4,F,5,1770.01,1770.01,SA-09,,false
2804,5,F,5,1425.36,1425.36,SA-10,,false
2805,0,T,2,-15655.86,-15655.86,,,false
2805,1,F,3,15655.86,15655.86,SA-01,,false
2806,0,T,2,-23643.70,-23643.70,,,false
2806,1,F,3,23643.70,23643.70,SA-13,,false
2807,0,T,2,-22287.80,-22287.80,,,false
2807,1,F,8,22287.80,22287.80,,,false
2808,0,T,2,-24309.92,-24309.92,,,false
2808,1,F,3,24309.92,24309.92, SA-12,,false
2809,0,T,2,-36110.06,-25972.27,,,false
2809,1,F,4,7363.59,5296.28,SA-21,,false
2809,2,F,4,10813.55,7777.68,SA-22,,false
2809,3,F,4,6672.64,4799.32,SA-23,,false
2809,4,F,4,8290.71,5963.12,SA-24,,false
2809,5,F,4,2969.57,2135.87,SA-25,,false
2810,0,T,2,-11603.67,-11603.67,,,false
2810,1,F,3,1723.11,1723.11,SA-11,,false
2810,2,F,3,2811.18,2811.18,SA-12,,false
2810,3,F,3,2210.47,2210.47,SA-13,,false
2810,4,F,3,2424.19,2424.19,sa-14,,false
2810,5,F,3,2434.72,2434.72,SA-15,,false
2811,0,T,2,-8634.06,-8634.06,,,false
2811,1,F,3,2089.22,2089.22,SA-26,,false
2811,2,F,3,1570.88,1570.88,SA-27,,false
2811,3,F,3,1502.28,1502.28,SA-28,,false
2811,4,F,3,1523.02,1523.02,SA-29,,false
2811,5,F,3,1948.66,1948.66,SA-30,,false
2812,0,T,2,-7358.39,-7358.39,,,false
2812,1,F,3,1618.37,1618.37,SA-01,,false
2812,2,F,3,1088.70,1088.70,SA-02,,false
2812,3,F,3,893.39,893.39,SA-03,,false
2812,4,F,3,2612.02,2612.02,SA-04,,false
2812,5,F,3,1145.91,1145.91,SA-05,,false
2813,0,T,2,-15682.38,-15682.38,,,false
2813,1,F,3,15682.38,15682.38,SA-30,,false
2814,0,T,2,-13003.98,-13003.98,,,false
2814,1,F,3,2630.29,2630.29,SA-21,,false
2814,2,F,3,3702.13,3702.13,SA-22,,false
2814,3,F,3,2561.60,2561.60,,,false
2814,4,F,3,3011.48,3011.48,SA-24,,false
2814,5,F,3,1098.48,1098.48,SA-25,,false
2815,0,T,2,-26099.64,-26099.64,,,false
2815,1,F,3,26099.64,26099.64,SA-06,,false
2816,0,T,2,-18147.98,-18147.98,,,false
2816,1,F,3,18147.98,18147.98,SA-10,,false
2817,0,T,2,-11893.99,-11893.99,,,false
2817,1,F,3,11598.98,11598.98,SA-28,,false
2817,2,F,8,295.01,295.01,,,false
2818,0,T,2,-8513.10,-8513.10,,,false
2818,1,F,5,645.79,645.79,SA-11,,false
2818,2,F,5,681.81,681.81,SA-12,,false
2818,3,F,5,3751.13,3751.13,SA-13,,false
2818,4,F,5,1726.80,1726.80,SA-14,,false
2818,5,F,5,1707.57,1707.57,SA-15,,false
2819,0,T,2,-17512.68,-17512.68,,,false
2819,1,F,3,17512.68,17512.68,SA-15,,false
2820,0,T,2,-15099.62,-15099.62,,,false
2820,1,F,3,2999.26,2999.26,SA-06,,false
2820,2,F,3,3497.64,3497.64,SA-07,,false
2820,3,F,3,4886.02,4886.02,SA-08,,false
2820,4,F,3,1867.26,1867.26,SA-09,,false
2820,5,F,3,1849.44,1849.44,SA-10,,false
2821,0,T,2,-25624.14,-25624.14,,,false
2821,1,F,3,25624.14,25624.14,SA-04,,false
2822,0,T,2,-25234.39,-25234.39,,,false
2822,1,F,3,25234.39,25234.39,SA-21,,false
2823,0,T,2,-36256.96,-36256.96,,,false
2823,1,F,3,36256.96,36256.96,SA-22,,false
2824,0,T,2,-10032.61,-10032.61,,,false
2824,1,F,3,10032.61,10032.61,SA-02,,false
2825,0,T,2,-28122.30,-28122.30,,,false
2825,1,F,3,28122.30,28122.30,SA-19,,false
2826,0,T,2,-15955.12,-15955.12,,,false
2826,1,F,3,15955.12,15955.12,SA-20,,false
2827,0,T,2,-17804.65,-17804.65,,,false
2827,1,F,3,17804.65,17804.65,SA-14,,false
2828,0,T,2,-5561.21,-5561.21,,,false
2828,1,F,5,1152.97,1152.97,SA-26,,false
2828,2,F,5,1274.85,1274.85,SA-27,,false
2828,3,F,5,1138.39,1138.39,SA-28,,false
2828,4,F,5,968.94,968.94,SA-29,,false
2828,5,F,5,1026.06,1026.06,SA-30,,false
2829,0,T,2,-8224.23,-8224.23,,,false
2829,1,F,3,8224.23,8224.23,SA-03,,false
2830,0,T,2,-26263.14,-26263.14,,,false
2830,1,F,3,26263.14,26263.14,SA-17,,false
2831,0,T,2,-16804.13,-16804.13,,,false
2831,1,F,3,16804.13,16804.13,SA-11,,false
2832,0,T,2,-8858.89,-8858.89,,,false
2832,1,F,5,2038.99,2038.99,SA-01,,false
2832,2,F,5,2035.46,2035.46,SA-02,,false
2832,3,F,5,417.76,417.76,,,false
2832,4,F,5,2593.35,2593.35,SA-04,,false
2832,5,F,5,1773.33,1773.33,SA-05,,false
2833,0,T,2,-8832.80,-8832.80,,,false
2833,1,F,5,1703.64,1703.64,SA-16,,false
2833,2,F,5,2016.47,2016.47,SA-17,,false
2833,3,F,5,1650.80,1650.80,SA-18,,false
2833,4,F,5,2284.12,2284.12,SA-19,,false
2833,5,F,5,1177.77,1177.77,SA-20,,false
2834,0,T,2,-12258.11,-12258.11,,,false
2834,1,F,3,1841.09,1841.09,SA-16,,false
2834,2,F,3,2936.85,2936.85,SA-17,,false
2834,3,F,3,2382.72,2382.72,SA-18,,false
2834,4,F,3,3168.01,3168.01,SA-19,,false
2834,5,F,3,1929.44,1929.44,sa-20 ,,false
2835,0,T,2,-11515.76,-11515.76,,,false
2835,1,F,3,10966.98,10966.98,SA-25,,false
2835,2,F,8,548.78,548.78,,,false
2836,0,T,2,-16010.91,-16010.91,,,false
2836,1,F,3,16010.91,16010.91,SA-26,,false
2837,0,T,2,-8059.28,-8059.28,,,false
2837,1,F,7,2193.08,2193.08,SA-01,,false
2837,2,F,7,901.33,901.33,SA-07,,false
2837,3,F,7,2206.63,2206.63,SA-13,,false
2837,4,F,7,1402.67,1402.67,SA-19,,false
2837,5,F,7,1355.57,1355.57,SA-25,,false
2838,0,T,2,-19369.09,-19369.09,,,false
2838,1,F,3,19369.09,19369.09,SA-09,,false
2839,0,T,2,-36730.80,-26207.10,,,false
2839,1,F,4,2064.44,1472.96,SA-06,,false
2839,2,F,4,9824.42,7009.64,SA-07,,false
2839,3,F,4,13886.46,9907.86,SA-08,,false
2839,4,F,4,5424.37,3870.24,SA-09,,false
2839,5,F,4,5531.11,3946.40,SA-10,,false
2840,0,T,2,-18771.77,-18771.77,,,false
2840,1,F,3,18771.77,18771.77,SA-02,,false
2841,0,T,2,-30895.18,-30895.18,,,false
2841,1,F,3,30895.18,30895.18,SA-07,,false
2842,0,T,2,-9713.92,-9713.92,,,false
2842,1,F,3,9713.92,9713.92,SA-28,,false
2843,0,T,2,-37801.22,-27037.96,,,false
2843,1,F,4,6168.95,4412.45,SA-21,,false
2843,2,F,4,7184.05,5138.51,SA-22,,false
2843,3,F,4,9134.78,6533.81,SA-23,,false
2843,4,F,4,9231.23,6602.79,SA-24,,false
2843,5,F,4,6082.21,4350.40,SA-25,,false
2844,0,T,2,-23025.37,-23025.37,,,false
2844,1,F,3,23025.37,23025.37,SA-22,,false
2845,0,T,2,-11626.74,-11626.74,,,false
2845,1,F,5,2435.37,2435.37,SA-21,,false
2845,2,F,5,2632.89,2632.89,SA-22,,false
2845,3,F,5,2310.74,2310.74,SA-23,,false
2845,4,F,5,2071.38,2071.38,SA-24,,false
2845,5,F,5,2176.36,2176.36,SA-25,,false
2846,0,T,2,-16664.85,-16664.85,,,false
2846,1,F,3,16664.85,16664.85,SA-26,,false
2847,0,T,2,-7376.89,-7376.89,,,false
2847,1,F,3,7376.89,7376.89,SA-12,,false
2848,0,T,2,-30068.75,-21434.72,,,false
2848,1,F,4,7089.50,5053.80,SA-01,,false
2848,2,F,4,6891.76,4912.84,SA-02,,false
2848,3,F,4,1492.50,1063.94,SA-03,,false
2848,4,F,4,8407.00,5992.99,SA-04,,false
2848,5,F,4,6187.99,4411.15,,,false
2849,0,T,2,-10906.90,-10906.90,,,false
2849,1,F,5,1297.14,1297.14,SA-06,,false
2849,2,F,5,1927.95,1927.95, SA-07,,false
2849,3,F,5,4402.00,4402.00,SA-08,,false
2849,4,F,5,1268.50,1268.50,SA-09,,false
2849,5,F,5,2011.31,2011.31,SA-10,,false
2850,0,T,2,-16659.49,-16659.49,,,false
2850,1,F,3,15873.40,15873.40,SA-05,,false
2850,2,F,8,786.09,786.09,,,false
2851,0,T,2,-5301.47,-5301.47,,,false
2851,1,F,5,1331.86,1331.86,SA-26,,false
2851,2,F,5,703.36,703.36,SA-27,,false
2851,3,F,5,458.34,458.34,SA-28,,false
2851,4,F,5,1199.93,1199.93,SA-29,,false
2851,5,F,5,1607.98,1607.98,SA-30,,false
2852,0,T,2,-27232.18,-27232.18,,,false
2852,1,F,3,27232.18,27232.18,SA-19,,false
2853,0,T,2,-15740.90,-15740.90,,,false
2853,1,F,3,15740.90,15740.90,SA-20,,false
2854,0,T,2,-19826.26,-19826.26,,,false
2854,1,F,3,19826.26,19826.26,SA-15,,false
2855,0,T,2,-10676.95,-10676.95,,,false
2855,1,F,3,842.13,842.13,SA-11,,false
2855,2,F,3,843.64,843.64,SA-12,,false
2855,3,F,3,4340.40,4340.40,SA-13,,false
2855,4,F,3,2232.73,2232.73,SA-14,,false
2855,5,F,3,2418.05,2418.05,SA-15,,false
2856,0,T,2,-38424.02,-38424.02,,,false
2856,1,F,3,38424.02,38424.02,SA-08,,false
2857,0,T,2,-33222.85,-23672.71,,,false
2857,1,F,4,5824.16,4149.96,SA-16,,false
2857,2,F,4,7724.23,5503.85,SA-17,,false
2857,3,F,4,6309.75,4495.97,SA-18,,false
2857,4,F,4,8498.45,6055.51,,,false
2857,5,F,4,4866.26,3467.42,SA-20,,false
2858,0,T,2,-8441.96,-8441.96,,,false
2858,1,F,5,1004.76,1004.76,SA-11,,false
2858,2,F,5,1056.25,1056.25,SA-12,,false
2858,3,F,5,3424.09,3424.09,SA-13,,false
2858,4,F,5,2180.44,2180.44,SA-14,,false
2858,5,F,5,776.42,776.42,SA-15,,false
2859,0,T,2,-19550.80,-19550.80,,,false
2859,1,F,3,19111.78,19111.78,SA-25,,false
2859,2,F,8,439.02,439.02,,,false
2860,0,T,2,-8499.95,-8499.95,,,false
2860,1,F,3,8499.95,8499.95,SA-11,,false
2861,0,T,2,-29488.43,-20944.13,,,false
2861,1,F,4,2380.92,1691.05,SA-11,,false
2861,2,F,4,2502.81,1777.62,SA-12,,false
2861,3,F,4,11864.57,8426.80,SA-13,,false
2861,4,F,4,5484.29,3895.21,SA-14,,false
2861,5,F,4,7255.84,5153.45,SA-15,,false
2862,0,T,2,-34143.82,-34143.82,,,false
2862,1,F,3,34143.82,34143.82,SA-24,,false
2863,0,T,2,-15002.45,-15002.45,,,false
2863,1,F,3,15002.45,15002.45,SA-30,,false
2864,0,T,2,-16877.79,-16877.79,,,false
2864,1,F,3,16877.79,16877.79,SA-21,,false
2865,0,T,2,-26218.74,-26218.74,,,false
2865,1,F,3,26218.74,26218.74,SA-04,,false
2866,0,T,2,-18002.30,-18002.30,,,false
2866,1,F,3,18002.30,18002.30,SA-16,,false
2867,0,T,2,-37254.70,-37254.70,,,false
2867,1,F,3,37254.70,37254.70,SA-13,,false
2868,0,T,2,-22587.44,-16070.64,,,false
2868,1,F,4,5481.42,3899.95,SA-26,,false
2868,2,F,4,4705.55,3347.93,SA-27,,false
2868,3,F,4,3511.95,2498.70,SA-28,,false
2868,4,F,4,3962.42,2819.21,SA-29,,false
2868,5,F,4,4926.10,3504.85,SA-30,,false
2869,0,T,2,-10268.34,-10268.34,,,false
2869,1,F,6,10268.34,10268.34,,,false
2870,0,T,2,-10476.53,-10476.53,,,false
2870,1,F,3,2527.32,2527.32,SA-01,,false
2870,2,F,3,2519.09,2519.09,SA-02,,false
2870,3,F,3,523.54,523.54,SA-03,,false
2870,4,F,3,2887.01,2887.01,SA-04,,false
2870,5,F,3,2019.57,2019.57,SA-05,,false
2871,0,T,2,-8944.39,-8944.39,,,false
2871,1,F,5,1226.30,1226.30,SA-16,,false
2871,2,F,5,2287.93,2287.93,SA-17,,false
2871,3,F,5,1962.17,1962.17,SA-18,,false
2871,4,F,5,1590.68,1590.68,SA-19,,false
2871,5,F,5,1877.31,1877.31,SA-20,,false
2872,0,T,2,-16530.39,-16530.39,,,false
2872,1,F,3,16530.39,16530.39,,,false
2873,0,T,2,-11182.20,-11182.20,,,false
2873,1,F,3,1957.26,1957.26,SA-16,,false
2873,2,F,3,2405.33,2405.33,SA-17,,false
2873,3,F,3,1964.73,1964.73,SA-18,,false
2873,4,F,3,2961.24,2961.24,SA-19,,false
2873,5,F,3,1893.64,1893.64,SA-20,,false
2874,0,T,2,-19834.93,-19834.93,,,false
2874,1,F,3,19834.93,19834.93,SA-01,,false
2875,0,T,2,-18422.76,-18422.76,,,false
2875,1,F,3,17723.30,17723.30,SA-18,,false
2875,2,F,8,699.46,699.46,,,false
2876,0,T,2,-15154.89,-15154.89,,,false
2876,1,F,3,15154.89,15154.89,SA-29,,false
2877,0,T,2,-8150.57,-8150.57,,,false
2877,1,F,5,2417.65,2417.65,SA-01,,false
2877,2,F,5,1602.09,1602.09,SA-02,,false
2877,3,F,5,900.05,900.05,SA-03,,false
2877,4,F,5,2337.31,2337.31,SA-04,,false
2877,5,F,5,893.47,893.47,SA-05,,false
2878,0,T,2,-16110.02,-16110.02,,,false
2878,1,F,8,16110.02,16110.02,,,false
2879,0,T,2,-4417.34,-4417.34,,,false
2879,1,F,3,4417.34,4417.34,SA-03,,false
2880,0,T,2,-7466.38,-7466.38,,,false
2880,1,F,3,7466.38,7466.38,SA-06,,false
2881,0,T,2,-12907.30,-12907.30,,,false
2881,1,F,3,779.70,779.70,SA-06,,false
2881,2,F,3,3694.77,3694.77,SA-07,,false
2881,3,F,3,4572.01,4572.01,SA-08,,false
2881,4,F,3,2000.58,2000.58,SA-09,,false
2881,5,F,3,1860.24,1860.24,SA-10,,false
2882,0,T,2,-23370.23,-23370.23,,,false
2882,1,F,3,22831.84,22831.84,SA-23,,false
2882,2,F,8,538.39,538.39,,,false
2883,0,T,2,-7816.99,-7816.99,,,false
2883,1,F,3,1746.52,1746.52,SA-26,,false
2883,2,F,3,1804.71,1804.71,SA-27,,false
2883,3,F,3,1272.27,1272.27,SA-28,,false
2883,4,F,3,1484.81,1484.81,SA-29,,false
2883,5,F,3,1508.68,1508.68,SA-30,,false
2884,0,T,2,-13669.50,-13669.50,,,false
2884,1,F,3,13669.50,13669.50,SA-27,,false
2885,0,T,2,-12821.67,-12821.67,,,false
2885,1,F,3,2140.52,2140.52,SA-21,,false
2885,2,F,3,2779.94,2779.94,SA-22,,false
2885,3,F,3,2774.63,2774.63,SA-23,,false
2885,4,F,3,3220.16,3220.16,SA-24,,false
2885,5,F,3,1906.42,1906.42,SA-25,,false
2886,0,T,2,-22895.87,-22895.87,,,false
2886,1,F,3,22895.87,22895.87,sa-17 ,,false
2887,0,T,2,-17169.11,-17169.11,,,false
2887,1,F,3,17169.11,17169.11,SA-14,,false
2888,0,T,2,-9218.55,-9218.55,,,false
2888,1,F,7,1358.18,1358.18,SA-01,,false
2888,2,F,7,1834.28,1834.28,SA-07,,false
2888,3,F,7,2040.32,2040.32,SA-13,,false
2888,4,F,7,2099.14,2099.14,SA-19,,false
2888,5,F,7,1886.63,1886.63,SA-25,,false
2889,0,T,2,-19775.96,-19775.96,,,false
2889,1,F,3,19775.96,19775.96,SA-18 ,,false
2890,0,T,2,-20231.87,-20231.87,,,false
2890,1,F,3,20231.87,20231.87,SA-02,,false
2891,0,T,2,-22403.52,-22403.52,,,false
2891,1,F,3,21284.90,21284.90,SA-01,,false
2891,2,F,8,1118.62,1118.62,,,false
2892,0,T,2,-32811.47,-23424.30,,,false
2892,1,F,4,5017.65,3582.13,SA-16,,false
2892,2,F,4,7449.31,5318.11,SA-17,,false
2892,3,F,4,6657.36,4752.73,SA-18,,false
2892,4,F,4,7111.18,5076.71,SA-19,,false
2892,5,F,4,6575.97,4694.62,SA-20,,false
2893,0,T,2,-11527.21,-11527.21,,,false
2893,1,F,5,1146.23,1146.23,SA-11,,false
2893,2,F,5,2134.23,2134.23,SA-12,,false
2893,3,F,5,3144.40,3144.40,SA-13,,false
2893,4,F,5,3224.26,3224.26,SA-14,,false
2893,5,F,5,1878.09,1878.09,SA-15,,false
2894,0,T,2,-9959.73,-9959.73,,,false
2894,1,F,3,9959.73,9959.73,SA-05,,false
2895,0,T,2,-13873.52,-13873.52,,,false
2895,1,F,3,13873.52,13873.52, SA-29,,false
2896,0,T,2,-17517.95,-17517.95,,,false
2896,1,F,3,17517.95,17517.95,SA-16,,false
2897,0,T,2,-7570.09,-7570.09,,,false
2897,1,F,5,1533.36,1533.36,SA-01,,false
2897,2,F,5,991.91,991.91,SA-02,,false
2897,3,F,5,533.68,533.68,SA-03,,false
2897,4,F,5,3193.27,3193.27,SA-04,,false
2897,5,F,5,1317.87,1317.87,SA-05,,false
2898,0,T,2,-36773.54,-26511.47,,,false
2898,1,F,4,5462.13,3937.86,SA-06,,false
2898,2,F,4,7494.05,5402.75,SA-07,,false
2898,3,F,4,13564.06,9778.86,SA-08,,false
2898,4,F,4,4052.44,2921.56,SA-09,,false
2898,5,F,4,6200.86,4470.44,SA-10,,false
2899,0,T,2,-5387.51,-5387.51,,,false
2899,1,F,5,1301.64,1301.64,SA-26,,false
2899,2,F,5,1122.72,1122.72,SA-27,,false
2899,3,F,5,1239.48,1239.48,SA-28,,false
2899,4,F,5,1239.57,1239.57,SA-29,,false
2899,5,F,5,484.10,484.10,SA-30,,false
2900,0,T,2,-8150.57,-8150.57,,,false
2900,1,F,3,8150.57,8150.57,SA-27,,false
2901,0,T,2,-5999.97,-5999.97,,,false
2901,1,F,3,5999.97,5999.97,SA-28,,false
2902,0,T,2,-33984.49,-24573.64,,,false
2902,1,F,4,3012.57,2178.34,SA-11,,false
2902,2,F,4,5113.18,3697.26,SA-12,,false
2902,3,F,4,12923.45,9344.74,,,false
2902,4,F,4,9696.33,7011.26,SA-14,,false
2902,5,F,4,3238.96,2342.04,SA-15,,false
2903,0,T,2,-38995.03,-28196.68,,,false
2903,1,F,4,7768.82,5617.51,SA-21,,false
2903,2,F,4,8175.72,5911.73,SA-22,,false
2903,3,F,4,7119.25,5147.82,SA-23,,false
2903,4,F,4,8661.47,6262.97,SA-24,,false
2903,5,F,4,7269.77,5256.65,SA-25,,false
2904,0,T,2,-10534.93,-10534.93,,,false
2904,1,F,5,2274.37,2274.37,SA-06,,false
2904,2,F,5,3172.92,3172.92,SA-07,,false
2904,3,F,5,2247.39,2247.39,SA-08,,false
2904,4,F,5,1742.72,1742.72,SA-09,,false
2904,5,F,5,1097.53,1097.53,SA-10,,false
2905,0,T,2,-20574.09,-20574.09,,,false
2905,1,F,3,20574.09,20574.09,SA-19,,false
2906,0,T,2,-44374.07,-44374.07,,,false
2906,1,F,3,44374.07,44374.07,SA-13,,false
2907,0,T,2,-20077.57,-20077.57,,,false
2907,1,F,3,20077.57,20077.57,SA-25,,false
2908,0,T,2,-8488.63,-8488.63,,,false
2908,1,F,3,8488.63,8488.63,SA-11,,false
2909,0,T,2,-10785.47,-10785.47,,,false
2909,1,F,3,10785.47,10785.47,SA-15,,false
2910,0,T,2,-14588.83,-14588.83,,,false
2910,1,F,3,14588.83,14588.83,SA-12,,false
2911,0,T,2,-27956.21,-20257.72,,,false
2911,1,F,4,7844.34,5684.19,SA-01,,false
2911,2,F,4,5647.03,4091.97,SA-02,,false
2911,3,F,4,2646.12,1917.44,SA-03,,false
2911,4,F,4,8973.74,6502.58,SA-04,,false
2911,5,F,4,2844.98,2061.54,SA-05,,false
2912,0,T,2,-21917.79,-15882.14,,,false
2912,1,F,4,6414.19,4647.87,SA-26,,false
2912,2,F,4,2489.58,1804.01,SA-27,,false
2912,3,F,4,2257.43,1635.79,sa-28 ,,false
2912,4,F,4,4884.42,3539.36,SA-29,,false
2912,5,F,4,5872.17,4255.11,SA-30,,false
2913,0,T,2,-10100.40,-10100.40,,,false
2913,1,F,5,2291.76,2291.76,,,false
2913,2,F,5,2739.18,2739.18,SA-22,,false
2913,3,F,5,1730.83,1730.83,SA-23,,false
2913,4,F,5,2122.52,2122.52,SA-24,,false
2913,5,F,5,1216.11,1216.11,SA-25,,false
2914,0,T,2,-9457.17,-9457.17,,,false
2914,1,F,5,1368.00,1368.00,SA-16,,false
2914,2,F,5,1945.46,1945.46,SA-17,,false
2914,3,F,5,1301.63,1301.63,SA-18,,false
2914,4,F,5,2401.97,2401.97,SA-19,,false
2914,5,F,5,2440.11,2440.11,SA-20,,false
2915,0,T,2,-29336.83,-29336.83,,,false
2915,1,F,3,29336.83,29336.83,SA-24,,false
2916,0,T,2,-22737.26,-22737.26,,,false
2916,1,F,3,21683.89,21683.89,SA-20,,false
2916,2,F,8,1053.37,1053.37,,,false
2917,0,T,2,-29018.85,-29018.85,,,false
2917,1,F,3,27598.15,27598.15,SA-21,,false
2917,2,F,8,1420.70,1420.70,,,false
2918,0,T,2,-26742.61,-26742.61,,,false
2918,1,F,3,26742.61,26742.61,sa-22,,false
2919,0,T,2,-25357.76,-25357.76,,,false
2919,1,F,3,25357.76,25357.76,SA-07,,false
2920,0,T,2,-13195.34,-13195.34,,,false
2920,1,F,3,13195.34,13195.34,SA-09,,false
2921,0,T,2,-19029.98,-19029.98,,,false
2921,1,F,3,19029.98,19029.98,SA-06,,false
2922,0,T,2,-20800.96,-20800.96,,,false
2922,1,F,3,20800.96,20800.96,SA-23,,false
2923,0,T,2,-12498.67,-12498.67,,,false
2923,1,F,3,1185.94,1185.94,SA-11,,false
2923,2,F,3,1817.91,1817.91,SA-12,,false
2923,3,F,3,4911.89,4911.89,SA-13,,false
2923,4,F,3,3417.50,3417.50,SA-14,,false
2923,5,F,3,1165.43,1165.43,,,false
2924,0,T,2,-10384.31,-10384.31,,,false
2924,1,F,3,9911.03,9911.03,SA-03,,false
2924,2,F,8,473.28,473.28,,,false
2925,0,T,2,-12784.92,-12784.92,,,false
2925,1,F,3,1801.02,1801.02,SA-06,,false
2925,2,F,3,2828.69,2828.69,SA-07,,false
2925,3,F,3,4550.92,4550.92,SA-08,,false
2925,4,F,3,1489.40,1489.40,SA-09,,false
2925,5,F,3,2114.89,2114.89,SA-10,,false
2926,0,T,2,-26273.78,-26273.78,,,false
2926,1,F,3,26273.78,26273.78,SA-04,,false
2927,0,T,2,-41841.44,-41841.44,,,false
2927,1,F,3,41841.44,41841.44,SA-08,,false
2928,0,T,2,-14899.09,-14899.09,,,false
2928,1,F,3,2907.82,2907.82,,,false
2928,2,F,3,3532.53,3532.53,SA-22,,false
2928,3,F,3,2799.75,2799.75,SA-23,,false
2928,4,F,3,2942.01,2942.01,SA-24,,false
2928,5,F,3,2716.98,2716.98,SA-25,,false
2929,0,T,2,-24522.03,-24522.03,,,false
2929,1,F,8,24522.03,24522.03,,,false
2930,0,T,2,-22972.43,-22972.43,,,false
2930,1,F,3,22972.43,22972.43,SA-17,,false
2931,0,T,2,-17001.00,-17001.00,,,false
2931,1,F,3,16435.62,16435.62,SA-26,,false
2931,2,F,8,565.38,565.38,,,false
2932,0,T,2,-8849.99,-8849.99,,,false
2932,1,F,6,8849.99,8849.99,,,false
2933,0,T,2,-19304.40,-19304.40,,,false
2933,1,F,3,19304.40,19304.40,SA-10,,false
2934,0,T,2,-17586.16,-17586.16,,,false
2934,1,F,3,17586.16,17586.16,SA-30,,false
2935,0,T,2,-35036.88,-35036.88,,,false
2935,1,F,3,35036.88,35036.88,SA-14,,false
2936,0,T,2,-12259.94,-12259.94,,,false
2936,1,F,3,2035.17,2035.17, SA-16,,false
2936,2,F,3,2719.18,2719.18,SA-17,,false
2936,3,F,3,2377.15,2377.15,,,false
2936,4,F,3,2780.13,2780.13,SA-19,,false
2936,5,F,3,2348.31,2348.31,SA-20,,false
2937,0,T,2,-10580.82,-10580.82,,,false
2937,1,F,3,2548.07,2548.07,SA-01,,false
2937,2,F,3,2202.88,2202.88,SA-02,,false
2937,3,F,3,1009.77,1009.77,SA-03,,false
2937,4,F,3,3613.19,3613.19,SA-04,,false
2937,5,F,3,1206.91,1206.91,SA-05,,false
2938,0,T,2,-7554.96,-7554.96,,,false
2938,1,F,3,2024.25,2024.25,SA-26,,false
2938,2,F,3,874.23,874.23,SA-27,,false
2938,3,F,3,785.06,785.06,SA-28,,false
2938,4,F,3,1696.09,1696.09,SA-29,,false
2938,5,F,3,2175.33,2175.33,SA-30,,false
2939,0,T,2,-37191.04,-26604.31,,,false
2939,1,F,4,7151.59,5115.83,SA-06,,false
2939,2,F,4,10349.98,7403.78,SA-07,,false
2939,3,F,4,8870.42,6345.38,SA-08,,false
2939,4,F,4,6208.74,4441.37,SA-09,,false
2939,5,F,4,4610.31,3297.95,SA-10,,false
2940,0,T,2,-7537.58,-7537.58,,,false
2940,1,F,7,1180.69,1180.69,SA-01,,false
2940,2,F,7,1427.11,1427.11,SA-07,,false
2940,3,F,7,2247.66,2247.66,SA-13,,false
2940,4,F,7,1259.84,1259.84,SA-19,,false
2940,5,F,7,1422.28,1422.28,SA-25,,false
2941,0,T,2,-31582.62,-31582.62,,,false
2941,1,F,3,31582.62,31582.62,SA-20,,false
2942,0,T,2,-40433.36,-40433.36,,,false
2942,1,F,3,40433.36,40433.36,SA-13,,false
2943,0,T,2,-38319.92,-38319.92,,,false
2943,1,F,3,38319.92,38319.92,SA-04,,false
2944,0,T,2,-15097.21,-15097.21,,,false
2944,1,F,3,15097.21,15097.21,SA-05,,false
2945,0,T,2,-29179.41,-29179.41,,,false
2945,1,F,3,29179.41,29179.41,SA-07,,false
2946,0,T,2,-21360.81,-21360.81,,,false
2946,1,F,3,21360.81,21360.81,SA-06,,false
2947,0,T,2,-10687.42,-10687.42,,,false
2947,1,F,3,10687.42,10687.42,SA-27,,false
2948,0,T,2,-6363.45,-6363.45,,,false
2948,1,F,3,6363.45,6363.45,SA-30,,false
2949,0,T,2,-21754.88,-21754.88,,,false
2949,1,F,3,21754.88,21754.88,SA-23,,false
2950,0,T,2,-18887.07,-18887.07,,,false
2950,1,F,3,18887.07,18887.07,SA-25,,false
2951,0,T,2,-28458.72,-28458.72,,,false
2951,1,F,3,28458.72,28458.72,SA-08,,false
2952,0,T,2,-44877.77,-32254.73,,,false
2952,1,F,4,5170.16,3715.92,SA-11,,false
2952,2,F,4,10234.97,7356.12,SA-12,,false
2952,3,F,4,13616.20,9786.29,SA-13,,false
2952,4,F,4,10539.67,7575.11,SA-14,,false
2952,5,F,4,5316.77,3821.29,SA-15,,false
2953,0,T,2,-9785.64,-9785.64,,,false
2953,1,F,5,1280.15,1280.15,SA-16,,false
2953,2,F,5,1994.96,1994.96,SA-17,,false
2953,3,F,5,2481.27,2481.27,SA-18,,false
2953,4,F,5,1910.07,1910.07,SA-19,,false
2953,5,F,5,2119.19,2119.19,SA-20,,false
2954,0,T,2,-19814.63,-19814.63,,,false
2954,1,F,3,19814.63,19814.63,SA-26,,false
2955,0,T,2,-9787.49,-9787.49,,,false
2955,1,F,5,1476.78,1476.78,SA-06,,false
2955,2,F,5,2172.92,2172.92,SA-07,,false
2955,3,F,5,3672.52,3672.52,SA-08,,false
2955,4,F,5,798.92,798.92,SA-09,,false
2955,5,F,5,1666.35,1666.35,SA-10,,false
2956,0,T,2,-26309.08,-19158.92,,,false
2956,1,F,4,5371.12,3911.38,SA-01,,false
2956,2,F,4,3384.26,2464.50,SA-02,,false
2956,3,F,4,2284.96,1663.96,SA-03,,false
2956,4,F,4,11210.63,8163.86,SA-04,,false
2956,5,F,4,4058.11,2955.22,SA-05,,false
2957,0,T,2,-7753.04,-7753.04,,,false
2957,1,F,3,7753.04,7753.04,SA-03,,false
2958,0,T,2,-13905.09,-13905.09,,,false
2958,1,F,3,2853.42,2853.42,SA-06,,false
2958,2,F,3,4088.05,4088.05,SA-07,,false
2958,3,F,3,3567.43,3567.43,SA-08,,false
2958,4,F,3,1917.47,1917.47,,,false
2958,5,F,3,1478.72,1478.72,SA-10,,false
2959,0,T,2,-25618.07,-25618.07,,,false
2959,1,F,3,25618.07,25618.07,SA-21,,false
2960,0,T,2,-8539.97,-8539.97,,,false
2960,1,F,5,1632.61,1632.61,SA-21,,false
2960,2,F,5,1486.99,1486.99,SA-22,,false
2960,3,F,5,2549.61,2549.61,SA-23,,false
2960,4,F,5,1683.79,1683.79,SA-24,,false
2960,5,F,5,1186.97,1186.97,SA-25,,false
2961,0,T,2,-33635.51,-33635.51,,,false
2961,1,F,3,33635.51,33635.51,SA-24,,false
2962,0,T,2,-12850.03,-12850.03,,,false
2962,1,F,3,12850.03,12850.03,SA-29,,false
2963,0,T,2,-9270.22,-9270.22,,,false
2963,1,F,3,2028.31,2028.31,SA-01,,false
2963,2,F,3,1264.26,1264.26,SA-02,,false
2963,3,F,3,861.99,861.99,SA-03,,false
2963,4,F,3,3694.57,3694.57,SA-04,,false
2963,5,F,3,1421.09,1421.09,SA-05,,false
2964,0,T,2,-39104.69,-28515.70,,,false
2964,1,F,4,6592.89,4807.63,SA-16,,false
2964,2,F,4,8381.79,6112.12,SA-17,,false
2964,3,F,4,5170.70,3770.55,SA-18,,false
2964,4,F,4,10383.93,7572.11,SA-19,,false
2964,5,F,4,8575.38,6253.29,SA-20,,false
2965,0,T,2,-20897.56,-15238.79,,,false
2965,1,F,4,6172.53,4501.10,SA-26,,false
2965,2,F,4,3933.98,2868.71,SA-27,,false
2965,3,F,4,4168.96,3040.06,SA-28,,false
2965,4,F,4,4753.39,3466.24,SA-29,,false
2965,5,F,4,1868.70,1362.68,SA-30,,false
2966,0,T,2,-18706.88,-18706.88,,,false
2966,1,F,3,18706.88,18706.88,SA-16,,false
2967,0,T,2,-10734.30,-10734.30,,,false
2967,1,F,5,1025.40,1025.40,SA-11,,false
2967,2,F,5,1858.37,1858.37,SA-12,,false
2967,3,F,5,3056.97,3056.97,SA-13,,false
2967,4,F,5,2456.41,2456.41,,,false
2967,5,F,5,2337.15,2337.15,SA-15,,false
2968,0,T,2,-15974.51,-15974.51,,,false
2968,1,F,3,1832.92,1832.92,SA-11,,false
2968,2,F,3,3220.56,3220.56,SA-12,,false
2968,3,F,3,5308.02,5308.02,SA-13,,false
2968,4,F,3,3392.11,3392.11,SA-14,,false
2968,5,F,3,2220.90,2220.90,SA-15,,false
2969,0,T,2,-6113.36,-6113.36,,,false
2969,1,F,5,1647.81,1647.81,SA-26,,false
2969,2,F,5,1240.21,1240.21,SA-27,,false
2969,3,F,5,1108.94,1108.94,SA-28,,false
2969,4,F,5,806.35,806.35,SA-29,,false
2969,5,F,5,1310.05,1310.05,SA-30,,false
2970,0,T,2,-12782.69,-12782.69,,,false
2970,1,F,3,12103.50,12103.50,SA-10,,false
2970,2,F,8,679.19,679.19,,,false
2971,0,T,2,-17942.16,-17942.16,,,false
2971,1,F,3,17942.16,17942.16,SA-15,,false
2972,0,T,2,-41045.76,-29826.71,,,false
2972,1,F,4,8159.06,5928.94,SA-21,,false
2972,2,F,4,11730.31,8524.06,SA-22,,false
2972,3,F,4,5988.99,4352.02,SA-23,,false
2972,4,F,4,9757.13,7090.21,SA-24,,false
2972,5,F,4,5410.27,3931.48,SA-25,,false
2973,0,T,2,-13177.44,-13177.44,,,false
2973,1,F,3,13177.44,13177.44,SA-02,,false
2974,0,T,2,-23221.10,-23221.10,,,false
2974,1,F,8,23221.10,23221.10,,,false
2975,0,T,2,-36011.17,-36011.17,,,false
2975,1,F,3,36011.17,36011.17,SA-19,,false
2976,0,T,2,-26479.42,-26479.42,,,false
2976,1,F,3,26479.42,26479.42,SA-12,,false
2977,0,T,2,-6755.59,-6755.59,,,false
2977,1,F,5,1609.53,1609.53,SA-01,,false
2977,2,F,5,880.79,880.79,SA-02,,false
2977,3,F,5,999.80,999.80,SA-03,,false
2977,4,F,5,2264.40,2264.40,SA-04,,false
2977,5,F,5,1001.07,1001.07,SA-05,,false
2978,0,T,2,-15502.03,-15502.03,,,false
2978,1,F,3,15502.03,15502.03, SA-01,,false
2979,0,T,2,-25265.74,-25265.74,,,false
2979,1,F,3,25265.74,25265.74,SA-17,,false
2980,0,T,2,-7586.69,-7586.69,,,false
2980,1,F,3,2376.42,2376.42,SA-26,,false
2980,2,F,3,1293.90,1293.90,SA-27,,false
2980,3,F,3,1544.33,1544.33,SA-28,,false
2980,4,F,3,1745.21,1745.21,SA-29,,false
2980,5,F,3,626.83,626.83,SA-30,,false
2981,0,T,2,-20832.26,-20832.26,,,false
2981,1,F,6,20832.26,20832.26,,,false
2982,0,T,2,-18064.64,-18064.64,,,false
2982,1,F,3,18064.64,18064.64,SA-18,,false
2983,0,T,2,-33575.04,-33575.04,,,false
2983,1,F,3,33575.04,33575.04,SA-14,,false
2984,0,T,2,-36872.69,-36872.69,,,false
2984,1,F,3,36872.69,36872.69,SA-22,,false
2985,0,T,2,-20367.33,-20367.33,,,false
2985,1,F,3,20367.33,20367.33,SA-09,,false
2986,0,T,2,-12635.11,-12635.11,,,false
2986,1,F,3,12635.11,12635.11,SA-28,,false
2987,0,T,2,-13814.43,-13814.43,,,false
2987,1,F,3,13814.43,13814.43,SA-11,,false
2988,0,T,2,-13908.46,-13908.46,,,false
2988,1,F,3,2271.93,2271.93,SA-16,,false
2988,2,F,3,2664.98,2664.98,SA-17,,false
2988,3,F,3,2162.45,2162.45,SA-18,,false
2988,4,F,3,3821.95,3821.95,SA-19,,false
2988,5,F,3,2987.15,2987.15,SA-20,,false
2989,0,T,2,-15478.97,-15478.97,,,false
2989,1,F,3,2706.54,2706.54,SA-21,,false
2989,2,F,3,4724.68,4724.68,SA-22 ,,false
2989,3,F,3,2415.03,2415.03,SA-23,,false
2989,4,F,3,3495.23,3495.23,SA-24,,false
2989,5,F,3,2137.49,2137.49,SA-25,,false
2990,0,T,2,-8198.26,-8198.26,,,false
2990,1,F,7,2103.60,2103.60,SA-01,,false
2990,2,F,7,923.35,923.35,SA-07,,false
2990,3,F,7,1593.60,1593.60,SA-13,,false
2990,4,F,7,1443.98,1443.98,SA-19,,false
2990,5,F,7,2133.73,2133.73,SA-25,,false
2991,0,T,2,-45620.87,-45620.87,,,false
2991,1,F,3,45620.87,45620.87,SA-08,,false
2992,0,T,2,-18796.77,-18796.77,,,false
2992,1,F,3,18796.77,18796.77,SA-19,,false
2993,0,T,2,-18570.32,-18570.32,,,false
2993,1,F,3,18570.32,18570.32,SA-10,,false
2994,0,T,2,-11704.04,-11704.04,,,false
2994,1,F,3,11704.04,11704.04,SA-11,,false
2995,0,T,2,-43677.59,-31278.62,,,false
2995,1,F,4,4233.17,3031.48,SA-11,,false
2995,2,F,4,8164.51,5846.81,SA-12,,false
2995,3,F,4,14193.04,10163.99,SA-13,,false
2995,4,F,4,9451.04,6768.13,SA-14,,false
2995,5,F,4,7635.83,5468.21,SA-15,,false
2996,0,T,2,-21718.84,-15553.41,,,false
2996,1,F,4,5532.75,3962.14,SA-26,,false
2996,2,F,4,5247.64,3757.97,SA-27,,false
2996,3,F,4,3218.32,2304.72,SA-28,,false
2996,4,F,4,3710.98,2657.53,SA-29,,false
2996,5,F,4,4009.15,2871.05,SA-30,,false
2997,0,T,2,-20645.25,-20645.25,,,false
2997,1,F,3,20645.25,20645.25,SA-20,,false
2998,0,T,2,-28353.05,-20286.24,,,false
2998,1,F,4,6817.83,4878.07,SA-01,,false
2998,2,F,4,4009.33,2868.62,SA-02,,false
2998,3,F,4,4187.38,2996.02,SA-03,,false
2998,4,F,4,8489.24,6073.94,,,false
2998,5,F,4,4849.27,3469.59,SA-05,,false
2999,0,T,2,-8359.41,-8359.41,,,false
2999,1,F,5,1699.05,1699.05,SA-11,,false
2999,2,F,5,813.36,813.36,sa-12 ,,false
2999,3,F,5,2283.43,2283.43,SA-13,,false
2999,4,F,5,2002.98,2002.98,SA-14,,false
2999,5,F,5,1560.59,1560.59,SA-15,,false
3000,0,T,2,-7522.05,-7522.05,,,false
3000,1,F,5,1223.00,1223.00,SA-01,,false
3000,2,F,5,1416.44,1416.44,SA-02,,false
3000,3,F,5,1171.95,1171.95,SA-03,,false
3000,4,F,5,2759.90,2759.90,SA-04,,false
3000,5,F,5,950.76,950.76,SA-05,,false
3001,0,T,2,-8526.07,-8526.07,,,false
3001,1,F,5,1396.17,1396.17,SA-21,,false
3001,2,F,5,1508.38,1508.38,SA-22,,false
3001,3,F,5,2319.47,2319.47,SA-23,,false
3001,4,F,5,2031.92,2031.92,SA-24,,false
3001,5,F,5,1270.13,1270.13,SA-25,,false
3002,0,T,2,-21406.83,-21406.83,,,false
3002,1,F,3,21406.83,21406.83,SA-07,,false
3003,0,T,2,-52050.27,-52050.27,,,false
3003,1,F,3,50475.17,50475.17,SA-13,,false
3003,2,F,8,1575.10,1575.10,,,false
3004,0,T,2,-18132.92,-18132.92,,,false
3004,1,F,3,18132.92,18132.92,SA-01,,false
3005,0,T,2,-10569.54,-10569.54,,,false
3005,1,F,3,10569.54,10569.54,SA-02,,false
3006,0,T,2,-10793.08,-10793.08,,,false
3006,1,F,3,10793.08,10793.08,SA-28,,false
3007,0,T,2,-12422.65,-12422.65,,,false
3007,1,F,3,12422.65,12422.65,SA-09,,false
3008,0,T,2,-34234.98,-24582.32,,,false
3008,1,F,4,5641.46,4050.83,SA-16,,false
3008,2,F,4,6895.10,4951.01,SA-17,,false
3008,3,F,4,8296.57,5957.33,SA-18,,false
3008,4,F,4,6362.29,4568.42,SA-19,,false
3008,5,F,4,7039.56,5054.73,SA-20,,false
3009,0,T,2,-15168.54,-15168.54,,,false
3009,1,F,6,15168.54,15168.54,,,false
3010,0,T,2,-17448.94,-17448.94,,,false
3010,1,F,3,17448.94,17448.94,SA-26,,false
3011,0,T,2,-12821.72,-12821.72,,,false
3011,1,F,3,2038.85,2038.85,SA-16,,false
3011,2,F,3,2803.53,2803.53,SA-17,,false
3011,3,F,3,2920.79,2920.79,SA-18,,false
3011,4,F,3,2306.60,2306.60,SA-19,,false
3011,5,F,3,2751.95,2751.95,SA-20,,false
3012,0,T,2,-9488.94,-9488.94,,,false
3012,1,F,3,2220.74,2220.74,SA-01,,false
3012,2,F,3,1314.16,1314.16,SA-02,,false
3012,3,F,3,1399.94,1399.94,SA-03,,false
3012,4,F,3,2996.92,2996.92,SA-04,,false
3012,5,F,3,1557.18,1557.18,SA-05,,false
3013,0,T,2,-4903.95,-4903.95,,,false
3013,1,F,5,2314.36,2314.36,SA-26,,false
3013,2,F,5,398.98,398.98,SA-27,,false
3013,3,F,5,636.11,636.11,SA-28,,false
3013,4,F,5,908.29,908.29,SA-29,,false
3013,5,F,5,646.21,646.21,SA-30,,false
3014,0,T,2,-12734.54,-12734.54,,,false
3014,1,F,3,12734.54,12734.54,SA-03,,false
3015,0,T,2,-24948.52,-24948.52,,,false
3015,1,F,3,24948.52,24948.52,sa-18 ,,false
3016,0,T,2,-15955.19,-15955.19,,,false
3016,1,F,3,1512.28,1512.28,SA-11,,false
3016,2,F,3,2599.34,2599.34,SA-12,,false
3016,3,F,3,5250.37,5250.37,SA-13,,false
3016,4,F,3,3787.88,3787.88,SA-14,,false
3016,5,F,3,2805.32,2805.32,SA-15,,false
3017,0,T,2,-23299.25,-23299.25,,,false
3017,1,F,3,23299.25,23299.25,SA-17,,false
3018,0,T,2,-12229.36,-12229.36,,,false
3018,1,F,3,2873.81,2873.81,SA-21,,false
3018,2,F,3,2087.82,2087.82,SA-22,,false
3018,3,F,3,3298.70,3298.70,SA-23,,false
3018,4,F,3,2569.21,2569.21,SA-24,,false
3018,5,F,3,1399.82,1399.82,SA-25,,false
3019,0,T,2,-8256.74,-8256.74,,,false
3019,1,F,3,2028.09,2028.09,SA-26,,false
3019,2,F,3,2054.69,2054.69,SA-27,,false
3019,3,F,3,1380.29,1380.29,SA-28,,false
3019,4,F,3,1176.25,1176.25,SA-29,,false
3019,5,F,3,1617.42,1617.42,SA-30,,false
3020,0,T,2,-15598.98,-15598.98,,,false
3020,1,F,3,15598.98,15598.98,SA-05,,false
3021,0,T,2,-17818.36,-17818.36,,,false
3021,1,F,3,17818.36,17818.36,SA-06,,false
3022,0,T,2,-32878.59,-23808.44,,,false
3022,1,F,4,6514.52,4717.37,SA-21,,false
3022,2,F,4,6972.20,5048.79,SA-22,,false
3022,3,F,4,8545.08,6187.77,SA-23,,false
3022,4,F,4,7171.47,5193.09,SA-24,,false
3022,5,F,4,3675.32,2661.42,SA-25,,false
3023,0,T,2,-24589.96,-24589.96,,,false
3023,1,F,3,24589.96,24589.96,SA-23,,false
3024,0,T,2,-33166.90,-24078.58,,,false
3024,1,F,4,7019.80,5096.25,SA-06,,false
3024,2,F,4,6536.63,4745.48,SA-07,,false
3024,3,F,4,11337.26,8230.65,SA-08,,false
3024,4,F,4,3355.28,2435.87,SA-09,,false
3024,5,F,4,4917.93,3570.33,SA-10,,false
3025,0,T,2,-15795.05,-15795.05,,,false
3025,1,F,3,15795.05,15795.05,SA-16,,false
3026,0,T,2,-15169.28,-15169.28,,,false
3026,1,F,3,15169.28,15169.28,SA-27,,false
3027,0,T,2,-23720.34,-23720.34,,,false
3027,1,F,8,23720.34,23720.34,,,false
3028,0,T,2,-11504.77,-11504.77,,,false
3028,1,F,3,11504.77,11504.77,SA-25,,false
3029,0,T,2,-26324.83,-26324.83,,,false
3029,1,F,3,26324.83,26324.83,SA-14,,false
3030,0,T,2,-6376.88,-6376.88,,,false
3030,1,F,5,1121.95,1121.95,SA-06,,false
3030,2,F,5,1115.74,1115.74,SA-07,,false
3030,3,F,5,2504.70,2504.70,SA-08,,false
3030,4,F,5,690.55,690.55,SA-09,,false
3030,5,F,5,943.94,943.94,SA-10,,false
3031,0,T,2,-7092.09,-7092.09,,,false
3031,1,F,5,1701.66,1701.66,SA-16,,false
3031,2,F,5,897.60,897.60,SA-17,,false
3031,3,F,5,1170.24,1170.24,SA-18,,false
3031,4,F,5,2058.85,2058.85,,,false
3031,5,F,5,1263.74,1263.74,SA-20,,false
3032,0,T,2,-21665.11,-21665.11,,,false
3032,1,F,3,21665.11,21665.11,SA-22,,false
3033,0,T,2,-22548.47,-22548.47,,,false
3033,1,F,3,22548.47,22548.47,SA-15,,false
3034,0,T,2,-23705.68,-23705.68,,,false
3034,1,F,3,23705.68,23705.68,SA-21,,false
3035,0,T,2,-9742.00,-9742.00,,,false
3035,1,F,3,9742.00,9742.00,SA-29,,false
3036,0,T,2,-25715.00,-25715.00,,,false
3036,1,F,3,25715.00,25715.00,SA-12,,false
3037,0,T,2,-29634.64,-29634.64,,,false
3037,1,F,3,29634.64,29634.64,SA-04,,false
3038,0,T,2,-15088.69,-15088.69,,,false
3038,1,F,3,15088.69,15088.69,SA-30,,false
3039,0,T,2,-12584.07,-12584.07,,,false
3039,1,F,3,2539.60,2539.60,SA-06,,false
3039,2,F,3,2363.91,2363.91,SA-07,,false
3039,3,F,3,4343.64,4343.64,SA-08,,false
3039,4,F,3,1278.44,1278.44,SA-09,,false
3039,5,F,3,2058.48,2058.48,SA-10,,false
3040,0,T,2,-21038.73,-21038.73,,,false
3040,1,F,3,21038.73,21038.73,SA-24,,false
3041,0,T,2,-7372.07,-7372.07,,,false
3041,1,F,7,1963.15,1963.15,SA-01,,false
3041,2,F,7,1767.71,1767.71,SA-07,,false
3041,3,F,7,1182.87,1182.87,SA-13,,false
3041,4,F,7,1282.61,1282.61,SA-19,,false
3041,5,F,7,1175.73,1175.73,SA-25,,false
3042,0,T,2,-16288.44,-16288.44,,,false
3042,1,F,3,16288.44,16288.44,SA-02,,false
3043,0,T,2,-10692.73,-10692.73,,,false
3043,1,F,3,10692.73,10692.73,SA-17,,false
3044,0,T,2,-16809.03,-16809.03,,,false
3044,1,F,3,16809.03,16809.03,SA-25,,false
3045,0,T,2,-21674.66,-21674.66,,,false
3045,1,F,3,21674.66,21674.66,SA-24,,false
3046,0,T,2,-12370.41,-12370.41,,,false
3046,1,F,3,12370.41,12370.41,SA-10,,false
3047,0,T,2,-22618.38,-22618.38,,,false
3047,1,F,3,22618.38,22618.38,SA-26,,false
3048,0,T,2,-19602.31,-19602.31,,,false
3048,1,F,3,19602.31,19602.31,SA-14,,false
3049,0,T,2,-2980.86,-2980.86,,,false
3049,1,F,5,207.59,207.59,SA-06,,false
3049,2,F,5,1148.44,1148.44,SA-07 ,,false
3049,3,F,5,633.04,633.04,SA-08,,false
3049,4,F,5,291.92,291.92,SA-09,,false
3049,5,F,5,699.87,699.87,SA-10,,false
3050,0,T,2,-15335.31,-15335.31,,,false
3050,1,F,3,15335.31,15335.31,SA-03,,false
3051,0,T,2,-9661.01,-9661.01,,,false
3051,1,F,3,1916.43,1916.43,SA-16,,false
3051,2,F,3,1311.81,1311.81,SA-17,,false
3051,3,F,3,2066.90,2066.90,SA-18,,false
3051,4,F,3,2404.54,2404.54,SA-19,,false
3051,5,F,3,1961.33,1961.33,SA-20,,false
3052,0,T,2,-7738.64,-7738.64,,,false
3052,1,F,3,7738.64,7738.64,SA-28,,false
3053,0,T,2,-36677.92,-36677.92,,,false
3053,1,F,3,36677.92,36677.92,SA-13,,false
3054,0,T,2,-11505.15,-11505.15,,,false
3054,1,F,3,11505.15,11505.15,SA-01,,false
3055,0,T,2,-7572.58,-7572.58,,,false
3055,1,F,3,7572.58,7572.58,SA-30,,false
3056,0,T,2,-11355.19,-11355.19,,,false
3056,1,F,3,1874.80,1874.80,SA-11,,false
3056,2,F,3,1314.13,1314.13,SA-12,,false
3056,3,F,3,3555.43,3555.43,SA-13,,false
3056,4,F,3,2632.41,2632.41,SA-14,,false
3056,5,F,3,1978.42,1978.42,SA-15,,false
3057,0,T,2,-2204.43,-2204.43,,,false
3057,1,F,5,194.03,194.03,SA-26,,false
3057,2,F,5,205.32,205.32,SA-27,,false
3057,3,F,5,307.07,307.07,SA-28,,false
3057,4,F,5,833.16,833.16,SA-29,,false
3057,5,F,5,664.85,664.85,SA-30,,false
3058,0,T,2,-25838.54,-25838.54,,,false
3058,1,F,8,25838.54,25838.54,,,false
3059,0,T,2,-23313.27,-23313.27,,,false
3059,1,F,3,23313.27,23313.27,SA-23,,false
3060,0,T,2,-5386.10,-5386.10,,,false
3060,1,F,3,5386.10,5386.10,SA-27,,false
3061,0,T,2,-9803.12,-9803.12,,,false
3061,1,F,3,1293.09,1293.09,SA-01,,false
3061,2,F,3,2027.34,2027.34,SA-02,,false
3061,3,F,3,1593.12,1593.12,SA-03,,false
3061,4,F,3,3547.80,3547.80,SA-04,,false
3061,5,F,3,1341.77,1341.77,,,false
3062,0,T,2,-17091.09,-17091.09,,,false
3062,1,F,3,17091.09,17091.09,SA-18,,false
3063,0,T,2,-29953.08,-21266.69,,,false
3063,1,F,4,5543.70,3936.03,sa-21,,false
3063,2,F,4,4512.97,3204.21,SA-22,,false
3063,3,F,4,7971.79,5659.97,SA-23,,false
3063,4,F,4,7433.46,5277.76,SA-24,,false
3063,5,F,4,4491.16,3188.72,SA-25,,false
3064,0,T,2,-25398.07,-18032.64,,,false
3064,1,F,4,4883.53,3467.31,SA-06,,false
3064,2,F,4,4883.31,3467.15,SA-07,,false
3064,3,F,4,9278.50,6587.74,SA-08,,false
3064,4,F,4,3031.39,2152.29,SA-09,,false
3064,5,F,4,3321.34,2358.15,SA-10,,false
3065,0,T,2,-3292.61,-3292.61,,,false
3065,1,F,5,621.90,621.90,SA-16,,false
3065,2,F,5,879.78,879.78,SA-17,,false
3065,3,F,5,571.56,571.56,SA-18,,false
3065,4,F,5,641.58,641.58,SA-19,,false
3065,5,F,5,577.79,577.79,SA-20,,false
3066,0,T,2,-14991.79,-14991.79,,,false
3066,1,F,3,14991.79,14991.79,SA-22,,false
3067,0,T,2,-28266.68,-28266.68,,,false
3067,1,F,3,28266.68,28266.68,SA-08,,false
3068,0,T,2,-16341.69,-16341.69,,,false
3068,1,F,3,16341.69,16341.69,SA-11,,false
3069,0,T,2,-10411.83,-10411.83,,,false
3069,1,F,3,10411.83,10411.83,SA-12,,false
3070,0,T,2,-27760.52,-19709.97,,,false
3070,1,F,4,5224.27,3709.23,SA-16,,false
3070,2,F,4,3839.59,2726.11,SA-17,,false
3070,3,F,4,5756.15,4086.87,SA-18,,false
3070,4,F,4,7121.18,5056.04,SA-19,,false
3070,5,F,4,5819.33,4131.72,SA-20,,false
3071,0,T,2,-15878.76,-15878.76,,,false
3071,1,F,3,15878.76,15878.76,SA-20,,false
3072,0,T,2,-18960.38,-13469.92,,,false
3072,1,F,4,8171.94,5805.55,SA-26,,false
3072,2,F,4,1816.13,1290.22,SA-27,,false
3072,3,F,4,2345.11,1666.02,SA-28,,false
3072,4,F,4,4016.12,2853.15,SA-29,,false
3072,5,F,4,2611.08,1854.98,SA-30,,false
3073,0,T,2,-11651.45,-11651.45,,,false
3073,1,F,6,11651.45,11651.45,,,false
3074,0,T,2,-8639.00,-8639.00,,,false
3074,1,F,3,8639.00,8639.00,SA-09,,false
3075,0,T,2,-33085.85,-23549.57,,,false
3075,1,F,4,5976.54,4253.93,SA-11,,false
3075,2,F,4,3414.00,2429.99,SA-12,,false
3075,3,F,4,9695.48,6900.97,SA-13,,false
3075,4,F,4,7665.03,5455.75,SA-14,,false
3075,5,F,4,6334.80,4508.93,sa-15,,false
3076,0,T,2,-3726.89,-3726.89,,,false
3076,1,F,5,737.75,737.75,SA-21,,false
3076,2,F,5,755.45,755.45,SA-22,,false
3076,3,F,5,597.65,597.65,SA-23,,false
3076,4,F,5,1153.07,1153.07,SA-24,,false
3076,5,F,5,482.97,482.97,SA-25,,false
3077,0,T,2,-9913.43,-9913.43,,,false
3077,1,F,3,9913.43,9913.43,sa-05,,false
3078,0,T,2,-12472.32,-12472.32,,,false
3078,1,F,3,12472.32,12472.32,SA-29,,false
3079,0,T,2,-19725.22,-19725.22,,,false
3079,1,F,3,19725.22,19725.22,SA-15,,false
3080,0,T,2,-9946.77,-9946.77,,,false
3080,1,F,3,1815.64,1815.64,SA-21,,false
3080,2,F,3,1559.03,1559.03,SA-22,,false
3080,3,F,3,2587.94,2587.94,SA-23,,false
3080,4,F,3,2274.10,2274.10,SA-24,,false
3080,5,F,3,1710.06,1710.06,SA-25,,false
3081,0,T,2,-26456.33,-18852.70,,,false
3081,1,F,4,3781.66,2694.80,SA-01,,false
3081,2,F,4,5157.79,3675.43,SA-02,,false
3081,3,F,4,4157.29,2962.47,SA-03,,false
3081,4,F,4,9807.12,6988.52,SA-04,,false
3081,5,F,4,3552.47,2531.48,SA-05,,false
3082,0,T,2,-4340.47,-4340.47,,,false
3082,1,F,5,317.77,317.77,SA-11,,false
3082,2,F,5,1208.92,1208.92,SA-12,,false
3082,3,F,5,467.23,467.23,,,false
3082,4,F,5,1208.45,1208.45,SA-14,,false
3082,5,F,5,1138.10,1138.10,SA-15,,false
3083,0,T,2,-19180.88,-19180.88,,,false
3083,1,F,3,18588.15,18588.15,SA-19,,false
3083,2,F,8,592.73,592.73,,,false
3084,0,T,2,-2566.35,-2566.35,,,false
3084,1,F,5,455.06,455.06,SA-01,,false
3084,2,F,5,235.31,235.31,SA-02,,false
3084,3,F,5,518.20,518.20,SA-03,,false
3084,4,F,5,575.82,575.82,SA-04,,false
3084,5,F,5,781.96,781.96,SA-05,,false
3085,0,T,2,-15140.30,-15140.30,,,false
3085,1,F,3,15140.30,15140.30,SA-06,,false
3086,0,T,2,-13128.68,-13128.68,,,false
3086,1,F,3,13128.68,13128.68,SA-07,,false
3087,0,T,2,-18949.26,-18949.26,,,false
3087,1,F,3,18949.26,18949.26,SA-16,,false
3088,0,T,2,-15274.62,-15274.62,,,false
3088,1,F,3,15274.62,15274.62,SA-21,,false
3089,0,T,2,-24749.66,-24749.66,,,false
3089,1,F,3,24749.66,24749.66,SA-04,,false
3090,0,T,2,-6795.54,-6795.54,,,false
3090,1,F,3,2997.33,2997.33,SA-26,,false
3090,2,F,3,634.70,634.70,SA-27,,false
3090,3,F,3,830.55,830.55,SA-28,,false
3090,4,F,3,1304.37,1304.37,SA-29,,false
3090,5,F,3,1028.59,1028.59,SA-30,,false
3091,0,T,2,-8719.53,-8719.53,,,false
3091,1,F,3,1645.17,1645.17,SA-06,,false
3091,2,F,3,1560.91,1560.91,SA-07,,false
3091,3,F,3,3223.93,3223.93,SA-08,,false
3091,4,F,3,1077.84,1077.84,SA-09,,false
3091,5,F,3,1211.68,1211.68,SA-10,,false
3092,0,T,2,-8398.26,-8398.26,,,false
3092,1,F,7,1432.23,1432.23,SA-01,,false
3092,2,F,7,1170.92,1170.92,SA-07,,false
3092,3,F,7,1913.14,1913.14,SA-13,,false
3092,4,F,7,2061.68,2061.68,SA-19,,false
3092,5,F,7,1820.29,1820.29,SA-25,,false
3093,0,T,2,-2192.38,-2192.38,,,false
3093,1,F,3,2192.38,2192.38,SA-27,,false
3094,0,T,2,-8807.42,-8807.42,,,false
3094,1,F,3,8807.42,8807.42,SA-30,,false
3095,0,T,2,-8361.24,-5989.67,,,false
3095,1,F,4,744.60,533.40,SA-26,,false
3095,2,F,4,645.59,462.48,SA-27,,false
3095,3,F,4,1478.58,1059.20,SA-28,,false
3095,4,F,4,3011.99,2157.67,SA-29,,false
3095,5,F,4,2480.48,1776.92,SA-30,,false
3096,0,T,2,-6027.99,-6027.99,,,false
3096,1,F,3,6027.99,6027.99,SA-25,,false
3097,0,T,2,-15809.57,-15809.57,,,false
3097,1,F,3,15809.57,15809.57,SA-07,,false
3098,0,T,2,-546.13,-546.13,,,false
3098,1,F,5,104.30,104.30,SA-12,,false
3098,2,F,5,343.43,343.43,SA-14,,false
3098,3,F,5,98.40,98.40,SA-15,,false
3099,0,T,2,-16022.19,-11453.93,,,false
3099,1,F,4,1236.18,883.72,SA-11,,false
3099,2,F,4,4313.47,3083.61,SA-12,,false
3099,3,F,4,2102.11,1502.75,sa-13,,false
3099,4,F,4,4118.36,2944.13, SA-14,,false
3099,5,F,4,4252.07,3039.72,SA-15 ,,false
3100,0,T,2,-3788.81,-3788.81,,,false
3100,1,F,3,3788.81,3788.81,SA-09,,false
3101,0,T,2,-12711.75,-12711.75,,,false
3101,1,F,3,12711.75,12711.75,SA-12,,false
3102,0,T,2,-10074.33,-10074.33,,,false
3102,1,F,3,10074.33,10074.33,SA-08,,false
3103,0,T,2,-3786.17,-3786.17,,,false
3103,1,F,3,3786.17,3786.17,,,false
3104,0,T,2,-8929.65,-8929.65,,,false
3104,1,F,3,8687.26,8687.26,SA-04,,false
3104,2,F,8,242.39,242.39,,,false
3105,0,T,2,-6693.76,-6693.76,,,false
3105,1,F,3,6693.76,6693.76,SA-16,,false
3106,0,T,2,-10632.08,-10632.08,,,false
3106,1,F,3,10632.08,10632.08,SA-15,,false
3107,0,T,2,-4792.30,-4792.30,,,false
3107,1,F,3,4792.30,4792.30,SA-28,,false
3108,0,T,2,-3780.92,-3780.92,,,false
3108,1,F,3,3780.92,3780.92,SA-11,,false
3109,0,T,2,-15500.49,-15500.49,,,false
3109,1,F,6,15500.49,15500.49,,,false
3110,0,T,2,-2375.51,-2375.51,,,false
3110,1,F,3,2375.51,2375.51,SA-26,,false
3111,0,T,2,-13120.01,-9371.63,,,false
3111,1,F,4,2665.28,1903.81,SA-21,,false
3111,2,F,4,2799.94,2000.00,SA-22,,false
3111,3,F,4,1853.65,1324.06,SA-23,,false
3111,4,F,4,3605.33,2575.29,SA-24,,false
3111,5,F,4,2195.81,1568.47,SA-25,,false
3112,0,T,2,-9324.11,-9324.11,,,false
3112,1,F,3,9324.11,9324.11,SA-21,,false
3113,0,T,2,-7036.16,-7036.16,,,false
3113,1,F,3,7036.16,7036.16,sa-23,,false
3114,0,T,2,-521.66,-521.66,,,false
3114,1,F,5,161.26,161.26,SA-01,,false
3114,2,F,5,134.07,134.07,SA-02,,false
3114,3,F,5,164.51,164.51,SA-04,,false
3114,4,F,5,61.82,61.82,SA-05,,false
3115,0,T,2,-12017.16,-12017.16,,,false
3115,1,F,3,12017.16,12017.16,SA-17,,false
3116,0,T,2,-8293.13,-8293.13,,,false
3116,1,F,3,8293.13,8293.13,SA-10,,false
3117,0,T,2,-10568.92,-10568.92,,,false
3117,1,F,3,10568.92,10568.92,SA-24,,false
3118,0,T,2,-12461.98,-12461.98,,,false
3118,1,F,3,12461.98,12461.98,SA-14,,false
3119,0,T,2,-10474.03,-7501.96,,,false
3119,1,F,4,2070.04,1482.65,SA-01,,false
3119,2,F,4,1074.00,769.25,SA-02,,false
3119,3,F,4,1936.99,1387.36,SA-03,,false
3119,4,F,4,2521.00,1805.65,SA-04,,false
3119,5,F,4,2872.00,2057.05,SA-05,,false
3120,0,T,2,-12639.20,-9052.76,,,false
3120,1,F,4,2240.95,1605.07,SA-16,,false
3120,2,F,4,3963.62,2838.92,SA-17,,false
3120,3,F,4,1891.27,1354.61,SA-18,,false
3120,4,F,4,2697.32,1931.94,SA-19,,false
3120,5,F,4,1846.04,1322.22,SA-20,,false
3121,0,T,2,-6935.33,-6935.33,,,false
3121,1,F,3,6751.72,6751.72,SA-20,,false
3121,2,F,8,183.61,183.61,,,false
3122,0,T,2,-12828.58,-9138.12,,,false
3122,1,F,4,861.62,613.75,SA-06,,false
3122,2,F,4,4763.16,3392.92,SA-07,,false
3122,3,F,4,2977.22,2120.75,SA-08,,false
3122,4,F,4,1366.27,973.23,SA-09,,false
3122,5,F,4,2860.31,2037.47,SA-10,,false
3123,0,T,2,-4650.39,-4650.39,,,false
3123,1,F,3,350.59,350.59,SA-06,,false
3123,2,F,3,1726.25,1726.25,SA-07,,false
3123,3,F,3,974.94,974.94,SA-08,,false
3123,4,F,3,479.02,479.02,SA-09,,false
3123,5,F,3,1119.59,1119.59,SA-10,,false
3124,0,T,2,-703.53,-703.53,,,false
3124,1,F,5,204.49,204.49,SA-21,,false
3124,2,F,5,257.43,257.43,SA-22,,false
3124,3,F,5,77.37,77.37,SA-23,,false
3124,4,F,5,164.24,164.24,SA-24,,false
3125,0,T,2,-8592.93,-8592.93,,,false
3125,1,F,3,8592.93,8592.93,SA-19,,false
3126,0,T,2,-720.28,-720.28,,,false
3126,1,F,5,323.69,323.69,SA-27,,false
3126,2,F,5,179.88,179.88,sa-29 ,,false
3126,3,F,5,216.71,216.71,SA-30,,false
3127,0,T,2,-3792.78,-3792.78,,,false
3127,1,F,3,816.90,816.90,SA-01,,false
3127,2,F,3,347.37,347.37,SA-02,,false
3127,3,F,3,700.08,700.08,SA-03,,false
3127,4,F,3,1035.56,1035.56,SA-04,,false
3127,5,F,3,892.87,892.87,SA-05,,false
3128,0,T,2,-17058.96,-17058.96,,,false
3128,1,F,8,17058.96,17058.96,,,false
3129,0,T,2,-5589.55,-5589.55,,,false
3129,1,F,3,451.35,451.35,SA-11,,false
3129,2,F,3,1455.15,1455.15,SA-12,,false
3129,3,F,3,729.49,729.49,SA-13,,false
3129,4,F,3,1520.63,1520.63,SA-14,,false
3129,5,F,3,1432.93,1432.93,SA-15,,false
3130,0,T,2,-3012.07,-3012.07,,,false
3130,1,F,3,249.86,249.86,SA-26,,false
3130,2,F,3,247.50,247.50,SA-27,,false
3130,3,F,3,522.80,522.80,SA-28,,false
3130,4,F,3,1026.91,1026.91,SA-29,,false
3130,5,F,3,965.00,965.00,SA-30,,false
3131,0,T,2,-944.68,-944.68,,,false
3131,1,F,5,198.43,198.43,SA-06,,false
3131,2,F,5,228.59,228.59,SA-07,,false
3131,3,F,5,250.64,250.64,SA-08,,false
3131,4,F,5,97.19,97.19,SA-09,,false
3131,5,F,5,169.83,169.83,SA-10,,false
3132,0,T,2,-817.83,-817.83,,,false
3132,1,F,5,151.57,151.57,SA-16,,false
3132,2,F,5,114.68,114.68,SA-17,,false
3132,3,F,5,93.13,93.13,SA-18,,false
3132,4,F,5,177.80,177.80,SA-19,,false
3132,5,F,5,280.65,280.65,sa-20,,false
3133,0,T,2,-8038.00,-8038.00,,,false
3133,1,F,3,8038.00,8038.00,SA-05,,false
3134,0,T,2,-6733.26,-6733.26,,,false
3134,1,F,3,6733.26,6733.26,SA-18,,false
3135,0,T,2,-9804.83,-9804.83,,,false
3135,1,F,3,9804.83,9804.83,SA-29,,false
3136,0,T,2,-6233.82,-6233.82,,,false
3136,1,F,3,6233.82,6233.82,SA-13,,false
3137,0,T,2,-4880.76,-4880.76,,,false
3137,1,F,3,942.91,942.91,SA-21,,false
3137,2,F,3,1058.00,1058.00,SA-22,,false
3137,3,F,3,746.78,746.78,SA-23,,false
3137,4,F,3,1415.94,1415.94,sa-24 ,,false
3137,5,F,3,717.13,717.13,SA-25,,false
3138,0,T,2,-9963.77,-9963.77,,,false
3138,1,F,3,9963.77,9963.77,SA-22,,false
3139,0,T,2,-6193.09,-6193.09,,,false
3139,1,F,3,6193.09,6193.09,SA-01,,false
3140,0,T,2,-6164.37,-6164.37,,,false
3140,1,F,3,6164.37,6164.37,SA-03,,false
3141,0,T,2,-3168.98,-3168.98,,,false
3141,1,F,3,3168.98,3168.98,SA-06,,false
3142,0,T,2,-4801.45,-4801.45,,,false
3142,1,F,3,756.51,756.51,SA-16,,false
3142,2,F,3,1546.20,1546.20,SA-17,,false
3142,3,F,3,700.06,700.06,SA-18,,false
3142,4,F,3,1049.25,1049.25,,,false
3142,5,F,3,749.43,749.43,SA-20,,false
3143,0,T,2,-2616.69,-1868.64,,,false
3143,1,F,4,1175.03,839.12,SA-27,,false
3143,2,F,4,745.85,532.63,SA-29,,false
3143,3,F,4,695.81,496.89,SA-30,,false
3144,0,T,2,-6747.65,-6747.65,,,false
3144,1,F,7,1947.88,1947.88,SA-01,,false
3144,2,F,7,999.87,999.87,SA-07,,false
3144,3,F,7,1393.30,1393.30,SA-13,,false
3144,4,F,7,914.19,914.19,SA-19,,false
3144,5,F,7,1492.41,1492.41,SA-25,,false
3145,0,T,2,-1592.67,-1592.67,,,false
3145,1,F,3,1592.67,1592.67,sa-04,,false
3146,0,T,2,-1030.06,-1030.06,,,false
3146,1,F,3,984.76,984.76,SA-23,,false
3146,2,F,8,45.30,45.30,,,false
3147,0,T,2,-1516.00,-1516.00,,,false
3147,1,F,3,1516.00,1516.00,SA-18,,false
3148,0,T,2,-1435.61,-1435.61,,,false
3148,1,F,3,1435.61,1435.61,SA-17,,false
3149,0,T,2,-11415.13,-11415.13,,,false
3149,1,F,6,11415.13,11415.13,,,false
3150,0,T,2,-2159.59,-2159.59,,,false
3150,1,F,3,2159.59,2159.59,SA-10,,false
3151,0,T,2,-1797.00,-1285.82,,,false
3151,1,F,4,475.47,340.22,SA-01,,false
3151,2,F,4,541.78,387.66,SA-02,,false
3151,3,F,4,507.93,363.44,SA-04,,false
3151,4,F,4,271.82,194.50,SA-05,,false
3152,0,T,2,-1907.24,-1367.36,,,false
3152,1,F,4,390.60,280.03,SA-12,,false
3152,2,F,4,1137.57,815.56,SA-14,,false
3152,3,F,4,379.07,271.77,SA-15,,false
3153,0,T,2,-1963.83,-1963.83,,,false
3153,1,F,3,1963.83,1963.83,,,false
3154,0,T,2,-1874.65,-1874.65,,,false
3154,1,F,3,1874.65,1874.65,SA-19,,false
3155,0,T,2,-953.66,-953.66,,,false
3155,1,F,3,953.66,953.66,SA-09,,false
3156,0,T,2,-1447.01,-1447.01,,,false
3156,1,F,3,1447.01,1447.01,,,false
3157,0,T,2,-3190.76,-3190.76,,,false
3157,1,F,3,3190.76,3190.76,SA-08,,false
3158,0,T,2,-3451.92,-2490.20,,,false
3158,1,F,4,603.15,435.11, SA-06,,false
3158,2,F,4,980.82,707.56, SA-07,,false
3158,3,F,4,985.88,711.21,SA-08,,false
3158,4,F,4,295.15,212.92,SA-09,,false
3158,5,F,4,586.92,423.40,SA-10,,false
3159,0,T,2,-1653.61,-1653.61,,,false
3159,1,F,3,1653.61,1653.61,SA-01,,false
3160,0,T,2,-680.92,-680.92,,,false
3160,1,F,5,124.30,124.30,SA-02,,false
3160,2,F,5,556.62,556.62,SA-04,,false
3161,0,T,2,-1154.27,-1154.27,,,false
3161,1,F,5,98.55,98.55,SA-16,,false
3161,2,F,5,266.87,266.87,SA-17,,false
3161,3,F,5,188.46,188.46,SA-18,,false
3161,4,F,5,331.82,331.82,SA-19,,false
3161,5,F,5,268.57,268.57,SA-20,,false
3162,0,T,2,-3538.65,-2562.76,,,false
3162,1,F,4,692.22,501.32,SA-16,,false
3162,2,F,4,424.22,307.23,SA-17,,false
3162,3,F,4,441.65,319.85,SA-18,,false
3162,4,F,4,638.44,462.37,SA-19,,false
3162,5,F,4,1342.12,971.99,SA-20,,false
3163,0,T,2,-2018.76,-2018.76,,,false
3163,1,F,3,2018.76,2018.76,SA-24,,false
3164,0,T,2,-2899.14,-2899.14,,,false
3164,1,F,3,2899.14,2899.14,SA-27,,false
3165,0,T,2,-3009.35,-2177.29,,,false
3165,1,F,4,902.33,652.84,SA-21,,false
3165,2,F,4,1242.17,898.72,SA-22,,false
3165,3,F,4,267.40,193.47,SA-23,,false
3165,4,F,4,597.45,432.26,SA-24,,false
3166,0,T,2,-654.85,-654.85,,,false
3166,1,F,5,81.77,81.77,SA-26,,false
3166,2,F,5,165.94,165.94,SA-27,,false
3166,3,F,5,220.84,220.84,SA-28,,false
3166,4,F,5,109.42,109.42,SA-29,,false
3166,5,F,5,76.88,76.88,SA-30,,false
3167,0,T,2,-807.65,-807.65,,,false
3167,1,F,5,138.49,138.49,SA-06,,false
3167,2,F,5,179.85,179.85,SA-07,,false
3167,3,F,5,232.17,232.17,SA-08,,false
3167,4,F,5,172.18,172.18,SA-09 ,,false
3167,5,F,5,84.96,84.96,SA-10,,false
3168,0,T,2,-1135.49,-1135.49,,,false
3168,1,F,5,304.29,304.29,SA-21,,false
3168,2,F,5,335.22,335.22,SA-22,,false
3168,3,F,5,168.03,168.03,SA-23,,false
3168,4,F,5,180.01,180.01,SA-24,,false
3168,5,F,5,147.94,147.94,SA-25,,false
3169,0,T,2,-4016.36,-4016.36,,,false
3169,1,F,3,4016.36,4016.36,SA-14,,false
3170,0,T,2,-676.09,-676.09,,,false
3170,1,F,3,131.22,131.22,SA-12,,false
3170,2,F,3,405.00,405.00,SA-14,,false
3170,3,F,3,139.87,139.87,SA-15,,false
3171,0,T,2,-867.99,-867.99,,,false
3171,1,F,5,115.79,115.79,SA-12,,false
3171,2,F,5,359.58,359.58,SA-13,,false
3171,3,F,5,306.02,306.02,SA-14,,false
3171,4,F,5,86.60,86.60,SA-15,,false
3172,0,T,2,-2887.45,-2887.45,,,false
3172,1,F,3,2887.45,2887.45,SA-07,,false
3173,0,T,2,-1264.13,-1264.13,,,false
3173,1,F,3,207.42,207.42,sa-06,,false
3173,2,F,3,363.09,363.09,SA-07,,false
3173,3,F,3,358.60,358.60,SA-08,,false
3173,4,F,3,112.66,112.66,SA-09,,false
3173,5,F,3,222.36,222.36,SA-10,,false
3174,0,T,2,-1082.43,-1082.43,,,false
3174,1,F,3,1082.43,1082.43,SA-12,,false
3175,0,T,2,-2417.36,-2417.36,,,false
3175,1,F,3,2417.36,2417.36,SA-29,,false
3176,0,T,2,-1199.00,-1199.00,,,false
3176,1,F,3,220.07,220.07,,,false
3176,2,F,3,140.03,140.03,SA-17,,false
3176,3,F,3,154.65,154.65,SA-18,,false
3176,4,F,3,235.69,235.69,SA-19,,false
3176,5,F,3,448.56,448.56,SA-20,,false
3177,0,T,2,-1323.99,-1323.99,,,false
3177,1,F,3,1323.99,1323.99,SA-15,,false
3178,0,T,2,-3917.50,-3917.50,,,false
3178,1,F,3,3917.50,3917.50,SA-22,,false
3179,0,T,2,-2007.35,-2007.35,,,false
3179,1,F,3,2007.35,2007.35,SA-30,,false
3180,0,T,2,-839.60,-839.60,,,false
3180,1,F,3,839.60,839.60,SA-05,,false
3181,0,T,2,-3429.32,-3429.32,,,false
3181,1,F,3,3429.32,3429.32,SA-20,,false
3182,0,T,2,-916.10,-916.10,,,false
3182,1,F,3,403.37,403.37,SA-27,,false
3182,2,F,3,257.58,257.58,SA-29,,false
3182,3,F,3,255.15,255.15,SA-30,,false
3183,0,T,2,-2106.43,-2106.43,,,false
3183,1,F,3,2106.43,2106.43,SA-06,,false
3184,0,T,2,-27334.94,-27334.94,,,false
3184,1,F,8,27334.94,27334.94,,,false
3185,0,T,2,-651.34,-651.34,,,false
3185,1,F,3,192.55,192.55,SA-01,,false
3185,2,F,3,171.44,171.44,SA-02,,false
3185,3,F,3,188.07,188.07,SA-04,,false
3185,4,F,3,99.28,99.28,SA-05,,false
3186,0,T,2,-1085.48,-1085.48,,,false
3186,1,F,3,327.80,327.80,SA-21,,false
3186,2,F,3,441.60,441.60,SA-22,,false
3186,3,F,3,114.72,114.72,SA-23,,false
3186,4,F,3,201.36,201.36,SA-24,,false
3187,0,T,2,-2555.91,-2555.91,,,false
3187,1,F,3,2415.07,2415.07,SA-21,,false
3187,2,F,8,140.84,140.84,,,false
3188,0,T,2,-11220.89,-11220.89,,,false
3188,1,F,7,2394.73,2394.73,SA-01,,false
3188,2,F,7,2344.09,2344.09,SA-07,,false
3188,3,F,7,2237.71,2237.71,SA-13,,false
3188,4,F,7,1856.88,1856.88,SA-19,,false
3188,5,F,7,2387.48,2387.48,SA-25,,false
3189,0,T,2,-1949.21,-1949.21,,,false
3189,1,F,3,1949.21,1949.21,SA-18,,false
3190,0,T,2,-4246.05,-3080.98,,,false
3190,1,F,4,1107.31,803.48,SA-21,,false
3190,2,F,4,1344.26,975.41,SA-22,,false
3190,3,F,4,603.22,437.70,SA-23 ,,false
3190,4,F,4,605.01,439.00,SA-24,,false
3190,5,F,4,586.25,425.39,SA-25,,false
3191,0,T,2,-2539.93,-2539.93,,,false
3191,1,F,3,2539.93,2539.93,SA-20,,false
3192,0,T,2,-2451.07,-1777.81,,,false
3192,1,F,4,318.27,230.85,SA-26,,false
3192,2,F,4,641.44,465.25,SA-27,,false
3192,3,F,4,765.13,554.96,SA-28,,false
3192,4,F,4,353.67,256.52,SA-29,,false
3192,5,F,4,372.56,270.23,SA-30,,false
3193,0,T,2,-2420.39,-2420.39,,,false
3193,1,F,3,2420.39,2420.39,SA-27,,false
3194,0,T,2,-16685.81,-16685.81,,,false
3194,1,F,6,16685.81,16685.81,,,false
3195,0,T,2,-4745.50,-4745.50,,,false
3195,1,F,3,4745.50,4745.50,SA-22,,false
3196,0,T,2,-4140.55,-2995.85,,,false
3196,1,F,4,457.73,331.19,SA-16,,false
3196,2,F,4,1112.72,805.10,SA-17,,false
3196,3,F,4,700.38,506.75,SA-18,,false
3196,4,F,4,1008.66,729.80,SA-19,,false
3196,5,F,4,861.06,623.01,SA-20,,false
3197,0,T,2,-6372.06,-6372.06,,,false
3197,1,F,3,6224.51,6224.51,SA-04,,false
3197,2,F,8,147.55,147.55,,,false
3198,0,T,2,-2486.02,-2486.02,,,false
3198,1,F,3,2486.02,2486.02,SA-28,,false
3199,0,T,2,-2859.48,-2859.48,,,false
3199,1,F,3,2859.48,2859.48,SA-17,,false
3200,0,T,2,-1777.28,-1777.28,,,false
3200,1,F,3,1777.28,1777.28,SA-24,,false
3201,0,T,2,-1547.94,-1547.94,,,false
3201,1,F,3,401.36,401.36,SA-21,,false
3201,2,F,3,541.80,541.80,SA-22,,false
3201,3,F,3,194.82,194.82,SA-23,,false
3201,4,F,3,210.50,210.50,SA-24,,false
3201,5,F,3,199.46,199.46,SA-25,,false
3202,0,T,2,-3137.50,-2276.59,,,false
3202,1,F,4,417.00,302.58,SA-12,,false
3202,2,F,4,1154.83,837.95,SA-13,,false
3202,3,F,4,1165.96,846.03,SA-14,,false
3202,4,F,4,399.71,290.03,SA-15,,false
3203,0,T,2,-3468.18,-3468.18,,,false
3203,1,F,3,3468.18,3468.18,SA-19,,false
3204,0,T,2,-2188.43,-2188.43,,,false
3204,1,F,3,2188.43,2188.43,SA-06,,false
3205,0,T,2,-285.66,-285.66,,,false
3205,1,F,5,96.98,96.98,SA-26,,false
3205,2,F,5,99.05,99.05,SA-28,,false
3205,3,F,5,89.63,89.63,SA-30,,false
3206,0,T,2,-1871.95,-1871.95,,,false
3206,1,F,3,1871.95,1871.95,SA-23,,false
3207,0,T,2,-1345.87,-1345.87,,,false
3207,1,F,5,312.01,312.01,SA-01,,false
3207,2,F,5,161.30,161.30,SA-02,,false
3207,3,F,5,72.24,72.24,SA-03,,false
3207,4,F,5,536.33,536.33,SA-04,,false
3207,5,F,5,263.99,263.99,SA-05,,false
3208,0,T,2,-1719.68,-1719.68,,,false
3208,1,F,3,1719.68,1719.68,SA-25,,false
3209,0,T,2,-3231.42,-3231.42,,,false
3209,1,F,3,3231.42,3231.42,SA-08,,false
3210,0,T,2,-15699.86,-15699.86,,,false
3210,1,F,8,15699.86,15699.86,,,false
3211,0,T,2,-4103.50,-4103.50,,,false
3211,1,F,3,4103.50,4103.50,SA-21,,false
3212,0,T,2,-1158.23,-1158.23,,,false
3212,1,F,3,1158.23,1158.23,SA-12,,false
3213,0,T,2,-797.86,-797.86,,,false
3213,1,F,3,196.44,196.44,SA-02,,false
3213,2,F,3,601.42,601.42,SA-04,,false
3214,0,T,2,-2426.55,-1760.70,,,false
3214,1,F,4,559.91,406.27,SA-02,,false
3214,2,F,4,1866.64,1354.43,SA-04,,false
3215,0,T,2,-885.58,-885.58,,,false
3215,1,F,5,212.12,212.12,SA-21,,false
3215,2,F,5,175.94,175.94,SA-22,,false
3215,3,F,5,255.84,255.84,SA-23,,false
3215,4,F,5,174.28,174.28,SA-24,,false
3215,5,F,5,67.40,67.40,SA-25,,false
3216,0,T,2,-3742.95,-3742.95,,,false
3216,1,F,3,3742.95,3742.95,SA-13,,false
3217,0,T,2,-3074.76,-2231.36,,,false
3217,1,F,4,673.69,488.90,,,false
3217,2,F,4,569.37,413.19,SA-07,,false
3217,3,F,4,891.40,646.89,SA-08,,false
3217,4,F,4,625.89,454.21,SA-09,,false
3217,5,F,4,314.41,228.17,SA-10,,false
3218,0,T,2,-1119.42,-1119.42,,,false
3218,1,F,3,1119.42,1119.42,,,false
3219,0,T,2,-1152.42,-1152.42,,,false
3219,1,F,5,459.81,459.81,SA-13,,false
3219,2,F,5,582.91,582.91,SA-14,,false
3219,3,F,5,109.70,109.70,SA-15,,false
3220,0,T,2,-1222.22,-1222.22,,,false
3220,1,F,3,1222.22,1222.22,SA-30,,false
3221,0,T,2,-560.92,-560.92,,,false
3221,1,F,5,121.95,121.95,SA-16,,false
3221,2,F,5,141.15,141.15,SA-18,,false
3221,3,F,5,156.31,156.31,SA-19,,false
3221,4,F,5,141.51,141.51,SA-20,,false
3222,0,T,2,-1144.10,-1144.10,,,false
3222,1,F,3,153.90,153.90,SA-12,,false
3222,2,F,3,389.99,389.99,SA-13,,false
3222,3,F,3,458.71,458.71,SA-14,,false
3222,4,F,3,141.50,141.50,SA-15,,false
3223,0,T,2,-1725.48,-1725.48,,,false
3223,1,F,3,1725.48,1725.48,SA-02,,false
3224,0,T,2,-1108.52,-1108.52,,,false
3224,1,F,3,1077.94,1077.94,SA-26,,false
3224,2,F,8,30.58,30.58,,,false
3225,0,T,2,-960.15,-960.15,,,false
3225,1,F,3,960.15,960.15,SA-29,,false
3226,0,T,2,-3731.67,-3731.67,,,false
3226,1,F,3,3731.67,3731.67, SA-14,,false
3227,0,T,2,-1112.45,-1112.45,,,false
3227,1,F,3,219.79,219.79,SA-06,,false
3227,2,F,3,219.85,219.85,SA-07,,false
3227,3,F,3,348.17,348.17,SA-08,,false
3227,4,F,3,217.78,217.78,SA-09,,false
3227,5,F,3,106.86,106.86,SA-10,,false
3228,0,T,2,-2249.15,-2249.15,,,false
3228,1,F,3,2249.15,2249.15,SA-09,,false
3229,0,T,2,-863.57,-863.57,,,false
3229,1,F,3,863.57,863.57,SA-10,,false
3230,0,T,2,-1482.12,-1482.12,,,false
3230,1,F,3,138.46,138.46,SA-16,,false
3230,2,F,3,368.62,368.62,SA-17,,false
3230,3,F,3,248.30,248.30,SA-18,,false
3230,4,F,3,390.22,390.22,SA-19,,false
3230,5,F,3,336.52,336.52,SA-20,,false
3231,0,T,2,-964.65,-964.65,,,false
3231,1,F,5,152.54,152.54,SA-06,,false
3231,2,F,5,86.93,86.93,SA-07,,false
3231,3,F,5,366.57,366.57,SA-08,,false
3231,4,F,5,272.49,272.49,SA-09,,false
3231,5,F,5,86.12,86.12,SA-10,,false
3232,0,T,2,-1749.66,-1749.66,,,false
3232,1,F,3,1749.66,1749.66,SA-07,,false
3233,0,T,2,-874.00,-874.00,,,false
3233,1,F,3,116.16,116.16,SA-26,,false
3233,2,F,3,244.00,244.00,SA-27,,false
3233,3,F,3,258.98,258.98,SA-28,,false
3233,4,F,3,120.19,120.19,SA-29,,false
3233,5,F,3,134.67,134.67,SA-30,,false
3234,0,T,2,-1247.13,-1247.13,,,false
3234,1,F,3,1247.13,1247.13,,,false
3235,0,T,2,-3414.64,-2494.94,,,false
3235,1,F,4,642.13,469.18,SA-06,,false
3235,2,F,4,284.18,207.64,SA-07,,false
3235,3,F,4,1308.67,956.19,SA-08,,false
3235,4,F,4,872.61,637.58,SA-09,,false
3235,5,F,4,307.05,224.35,SA-10,,false
3236,0,T,2,-7714.17,-7714.17,,,false
3236,1,F,7,1390.74,1390.74,SA-01,,false
3236,2,F,7,1280.06,1280.06,SA-07,,false
3236,3,F,7,1957.41,1957.41,SA-13,,false
3236,4,F,7,2005.08,2005.08,SA-19,,false
3236,5,F,7,1080.88,1080.88,SA-25,,false
3237,0,T,2,-1279.63,-1279.63,,,false
3237,1,F,3,1279.63,1279.63,SA-28,,false
3238,0,T,2,-2406.68,-2406.68,,,false
3238,1,F,3,2317.90,2317.90,SA-19,,false
3238,2,F,8,88.78,88.78,,,false
3239,0,T,2,-21892.10,-21892.10,,,false
3239,1,F,6,21892.10,21892.10,,,false
3240,0,T,2,-938.63,-938.63,,,false
3240,1,F,3,938.63,938.63,SA-07,,false
3241,0,T,2,-1600.02,-1600.02,,,false
3241,1,F,3,1600.02,1600.02,SA-24,,false
3242,0,T,2,-6303.86,-6303.86,,,false
3242,1,F,3,6303.86,6303.86,SA-04,,false
3243,0,T,2,-759.78,-759.78,,,false
3243,1,F,3,759.78,759.78,SA-03,,false
3244,0,T,2,-1012.41,-738.55,,,false
3244,1,F,4,344.39,251.23,SA-26,,false
3244,2,F,4,329.70,240.52,SA-28,,false
3244,3,F,4,338.32,246.80,SA-30,,false
3245,0,T,2,-1725.65,-1725.65,,,false
3245,1,F,3,356.55,356.55,SA-01,,false
3245,2,F,3,201.38,201.38,SA-02,,false
3245,3,F,3,99.93,99.93,SA-03,,false
3245,4,F,3,687.10,687.10,SA-04,,false
3245,5,F,3,380.69,380.69,SA-05,,false
3246,0,T,2,-3580.52,-2611.36,,,false
3246,1,F,4,800.96,584.16,SA-21,,false
3246,2,F,4,631.00,460.20,SA-22,,false
3246,3,F,4,1263.99,921.86,SA-23,,false
3246,4,F,4,571.06,416.49,SA-24,,false
3246,5,F,4,313.51,228.65,SA-25,,false
3247,0,T,2,-2805.81,-2805.81,,,false
3247,1,F,3,2805.81,2805.81,SA-21,,false
3248,0,T,2,-1140.67,-1140.67,,,false
3248,1,F,3,1140.67,1140.67,SA-10,,false
3249,0,T,2,-1269.78,-1269.78,,,false
3249,1,F,3,242.83,242.83,SA-06,,false
3249,2,F,3,124.41,124.41,SA-07,,false
3249,3,F,3,419.20,419.20,SA-08,,false
3249,4,F,3,368.08,368.08,SA-09,,false
3249,5,F,3,115.26,115.26,SA-10,,false
3250,0,T,2,-833.46,-833.46,,,false
3250,1,F,3,144.15,144.15,SA-16,,false
3250,2,F,3,232.70,232.70,SA-18,,false
3250,3,F,3,230.29,230.29,SA-19,,false
3250,4,F,3,226.32,226.32,SA-20,,false
3251,0,T,2,-631.68,-631.68,,,false
3251,1,F,5,183.07,183.07,SA-16,,false
3251,2,F,5,100.85,100.85,SA-17,,false
3251,3,F,5,63.39,63.39,SA-18,,false
3251,4,F,5,188.90,188.90,,,false
3251,5,F,5,95.47,95.47,SA-20,,false
3252,0,T,2,-2286.16,-2286.16,,,false
3252,1,F,3,2286.16,2286.16,SA-18,,false
3253,0,T,2,-1758.68,-1758.68,,,false
3253,1,F,3,1758.68,1758.68,SA-06,,false
3254,0,T,2,-7149.85,-7149.85,,,false
3254,1,F,3,6934.20,6934.20,SA-14,,false
3254,2,F,8,215.65,215.65,,,false
3255,0,T,2,-376.53,-376.53,,,false
3255,1,F,3,126.08,126.08,SA-26,,false
3255,2,F,3,132.93,132.93,SA-28,,false
3255,3,F,3,117.52,117.52,SA-30,,false
3256,0,T,2,-3648.81,-2652.09,,,false
3256,1,F,4,1459.06,1060.50,SA-13,,false
3256,2,F,4,1826.51,1327.57,SA-14,,false
3256,3,F,4,363.24,264.02,SA-15,,false
3257,0,T,2,-1140.25,-1140.25,,,false
3257,1,F,5,450.92,450.92,SA-06,,false
3257,2,F,5,85.49,85.49,SA-07,,false
3257,3,F,5,413.51,413.51,SA-08,,false
3257,4,F,5,190.33,190.33,SA-09,,false
3258,0,T,2,-1038.05,-1038.05,,,false
3258,1,F,3,1038.05,1038.05,,,false
3259,0,T,2,-919.45,-919.45,,,false
3259,1,F,5,182.20,182.20,SA-21,,false
3259,2,F,5,149.60,149.60,SA-22,,false
3259,3,F,5,180.63,180.63,SA-23,,false
3259,4,F,5,203.41,203.41,SA-24,,false
3259,5,F,5,203.61,203.61,SA-25,,false
3260,0,T,2,-2814.70,-2814.70,,,false
3260,1,F,3,2814.70,2814.70,SA-05,,false
3261,0,T,2,-2277.13,-1668.91,,,false
3261,1,F,4,444.25,325.59,SA-16,,false
3261,2,F,4,599.87,439.65,SA-18,,false
3261,3,F,4,603.14,442.04,SA-19,,false
3261,4,F,4,629.87,461.63,SA-20,,false
3262,0,T,2,-13190.77,-13190.77,,,false
3262,1,F,8,13190.77,13190.77,,,false
3263,0,T,2,-2639.75,-2639.75,,,false
3263,1,F,3,2639.75,2639.75,,,false
3264,0,T,2,-895.36,-895.36,,,false
3264,1,F,3,895.36,895.36,SA-25,,false
3265,0,T,2,-821.50,-821.50,,,false
3265,1,F,5,201.25,201.25,SA-11,,false
3265,2,F,5,170.99,170.99,SA-12,,false
3265,3,F,5,119.59,119.59,SA-13,,false
3265,4,F,5,117.81,117.81,SA-14,,false
3265,5,F,5,211.86,211.86,SA-15,,false
3266,0,T,2,-3854.57,-3854.57,,,false
3266,1,F,3,3666.43,3666.43,SA-01,,false
3266,2,F,8,188.14,188.14,,,false
3267,0,T,2,-1859.12,-1859.12,,,false
3267,1,F,3,1859.12,1859.12,SA-20,,false
3268,0,T,2,-1058.80,-1058.80,,,false
3268,1,F,3,1058.80,1058.80,SA-30,,false
3269,0,T,2,-1264.35,-1264.35,,,false
3269,1,F,3,314.97,314.97,SA-21,,false
3269,2,F,3,190.77,190.77,SA-22,,false
3269,3,F,3,428.79,428.79,,,false
3269,4,F,3,214.62,214.62,SA-24,,false
3269,5,F,3,115.20,115.20,SA-25,,false
3270,0,T,2,-743.99,-743.99,,,false
3270,1,F,5,388.67,388.67,SA-01,,false
3270,2,F,5,151.26,151.26,SA-02,,false
3270,3,F,5,125.09,125.09,SA-03,,false
3270,4,F,5,78.97,78.97,SA-04,,false
3271,0,T,2,-4758.65,-3476.87,,,false
3271,1,F,4,973.69,711.42,SA-01,,false
3271,2,F,4,507.73,370.97,SA-02,,false
3271,3,F,4,282.19,206.18,SA-03,,false
3271,4,F,4,1954.69,1428.18,SA-04,,false
3271,5,F,4,1040.35,760.12,SA-05,,false
3272,0,T,2,-4203.70,-4203.70,,,false
3272,1,F,3,4203.70,4203.70,SA-13,,false
3273,0,T,2,-3273.26,-3273.26,,,false
3273,1,F,3,3273.26,3273.26,SA-23,,false
3274,0,T,2,-1872.59,-1872.59,,,false
3274,1,F,3,1872.59,1872.59,SA-22,,false
3275,0,T,2,-1245.38,-1245.38,,,false
3275,1,F,3,1245.38,1245.38,SA-16,,false
3276,0,T,2,-1524.44,-1524.44,,,false
3276,1,F,3,1524.44,1524.44,SA-02,,false
3277,0,T,2,-3448.99,-3448.99,,,false
3277,1,F,3,3448.99,3448.99,SA-08,,false
3278,0,T,2,-1133.31,-1133.31,,,false
3278,1,F,3,1133.31,1133.31,,,false
3279,0,T,2,-312.70,-312.70,,,false
3279,1,F,5,87.04,87.04,SA-27,,false
3279,2,F,5,225.66,225.66,SA-29,,false
3280,0,T,2,-1444.66,-1444.66,,,false
3280,1,F,3,538.56,538.56,SA-13,,false
3280,2,F,3,758.01,758.01,SA-14,,false
3280,3,F,3,148.09,148.09,SA-15,,false
3281,0,T,2,-1089.44,-788.52,,,false
3281,1,F,4,360.27,260.76,SA-27,,false
3281,2,F,4,729.17,527.76,SA-29,,false
3282,0,T,2,-7867.53,-7867.53,,,false
3282,1,F,7,1181.49,1181.49,SA-01,,false
3282,2,F,7,977.11,977.11,SA-07,,false
3282,3,F,7,1662.02,1662.02,SA-13,,false
3282,4,F,7,2159.17,2159.17,SA-19,,false
3282,5,F,7,1887.74,1887.74,SA-25,,false
3283,0,T,2,-5646.92,-5646.92,,,false
3283,1,F,3,5646.92,5646.92,SA-08,,false
3284,0,T,2,-2166.96,-2166.96,,,false
3284,1,F,3,2166.96,2166.96,SA-29,,false
3285,0,T,2,-1268.43,-1268.43,,,false
3285,1,F,3,1268.43,1268.43,SA-27,,false
3286,0,T,2,-1373.45,-1373.45,,,false
3286,1,F,3,1373.45,1373.45,SA-14,,false
3287,0,T,2,-928.59,-928.59,,,false
3287,1,F,3,928.59,928.59,SA-04,,false
3288,0,T,2,-2738.83,-1978.83,,,false
3288,1,F,4,1397.73,1009.87,SA-01,,false
3288,2,F,4,522.47,377.49,SA-02,,false
3288,3,F,4,533.76,385.65,SA-03,,false
3288,4,F,4,284.87,205.82,SA-04,,false
3289,0,T,2,-4199.77,-3033.84,,,false
3289,1,F,4,1672.84,1208.43,SA-06,,false
3289,2,F,4,311.87,225.29,SA-07,,false
3289,3,F,4,1545.91,1116.74,SA-08,,false
3289,4,F,4,669.15,483.38,SA-09,,false
3290,0,T,2,-1903.33,-1903.33,,,false
3290,1,F,3,1903.33,1903.33,SA-22,,false
3291,0,T,2,-1999.27,-1999.27,,,false
3291,1,F,3,1999.27,1999.27,,,false
3292,0,T,2,-1652.30,-1652.30,,,false
3292,1,F,3,1652.30,1652.30,SA-02,,false
3293,0,T,2,-1763.55,-1763.55,,,false
3293,1,F,3,1763.55,1763.55,SA-03,,false
3294,0,T,2,-931.95,-931.95,,,false
3294,1,F,3,492.94,492.94,SA-01,,false
3294,2,F,3,181.00,181.00,SA-02,,false
3294,3,F,3,171.89,171.89, SA-03,,false
3294,4,F,3,86.12,86.12,SA-04,,false
3295,0,T,2,-2965.84,-2965.84,,,false
3295,1,F,3,2965.84,2965.84,SA-24,,false
3296,0,T,2,-2343.92,-2343.92,,,false
3296,1,F,3,2343.92,2343.92,SA-11,,false
3297,0,T,2,-2819.03,-2819.03,,,false
3297,1,F,3,2819.03,2819.03,SA-15,,false
3298,0,T,2,-3240.85,-2344.39,,,false
3298,1,F,4,813.18,588.24,SA-11,,false
3298,2,F,4,842.94,609.77,SA-12,,false
3298,3,F,4,366.01,264.77,SA-13,,false
3298,4,F,4,404.61,292.69,SA-14,,false
3298,5,F,4,814.11,588.92,SA-15,,false
3299,0,T,2,-3444.81,-2491.92,,,false
3299,1,F,4,547.26,395.88,SA-21,,false
3299,2,F,4,610.13,441.36,SA-22,,false
3299,3,F,4,611.61,442.43,SA-23,,false
3299,4,F,4,864.30,625.22,SA-24,,false
3299,5,F,4,811.51,587.03,SA-25,,false
3300,0,T,2,-5127.85,-5127.85,,,false
3300,1,F,3,5127.85,5127.85,SA-06,,false
3301,0,T,2,-2473.93,-1783.57,,,false
3301,1,F,4,601.99,434.00,SA-16,,false
3301,2,F,4,396.15,285.60,SA-17,,false
3301,3,F,4,226.56,163.34,SA-18,,false
3301,4,F,4,824.69,594.56,SA-19,,false
3301,5,F,4,424.54,306.07,SA-20,,false
3302,0,T,2,-1053.69,-1053.69,,,false
3302,1,F,3,1053.69,1053.69,SA-13,,false
3303,0,T,2,-4128.56,-4128.56,,,false
3303,1,F,3,4128.56,4128.56,SA-01,,false
3304,0,T,2,-1573.03,-1573.03,,,false
3304,1,F,3,614.61,614.61,SA-06,,false
3304,2,F,3,117.76,117.76,SA-07,,false
3304,3,F,3,604.25,604.25,SA-08,,false
3304,4,F,3,236.41,236.41,SA-09,,false
3305,0,T,2,-17586.64,-17586.64,,,false
3305,1,F,6,17586.64,17586.64,,,false
3306,0,T,2,-1466.36,-1466.36,,,false
3306,1,F,3,1466.36,1466.36,SA-17,,false
3307,0,T,2,-3020.95,-3020.95,,,false
3307,1,F,3,2870.06,2870.06,sa-19,,false
3307,2,F,8,150.89,150.89,,,false
3308,0,T,2,-929.81,-929.81,,,false
3308,1,F,3,252.65,252.65,SA-16,,false
3308,2,F,3,164.65,164.65,SA-17,,false
3308,3,F,3,77.95,77.95,SA-18,,false
3308,4,F,3,284.55,284.55, SA-19,,false
3308,5,F,3,150.01,150.01,SA-20,,false
3309,0,T,2,-28246.77,-28246.77,,,false
3309,1,F,8,28246.77,28246.77,,,false
3310,0,T,2,-1842.20,-1842.20,,,false
3310,1,F,3,1740.28,1740.28,SA-16,,false
3310,2,F,8,101.92,101.92,,,false
3311,0,T,2,-1117.40,-1117.40,,,false
3311,1,F,3,263.73,263.73,SA-11,,false
3311,2,F,3,294.40,294.40,SA-12,,false
3311,3,F,3,139.97,139.97,SA-13,,false
3311,4,F,3,139.98,139.98,SA-14,,false
3311,5,F,3,279.32,279.32,SA-15,,false
3312,0,T,2,-2499.80,-2499.80,,,false
3312,1,F,3,2499.80,2499.80,SA-25,,false
3313,0,T,2,-1973.37,-1973.37,,,false
3313,1,F,3,1973.37,1973.37,SA-09,,false
3314,0,T,2,-703.26,-703.26,,,false
3314,1,F,3,703.26,703.26,SA-18,,false
3315,0,T,2,-1280.85,-1280.85,,,false
3315,1,F,3,1280.85,1280.85,SA-20,,false
3316,0,T,2,-1587.73,-1587.73,,,false
3316,1,F,3,1587.73,1587.73,SA-21,,false
3317,0,T,2,-1138.99,-1138.99,,,false
3317,1,F,3,1138.99,1138.99,SA-07,,false
3318,0,T,2,-2401.10,-2401.10,,,false
3318,1,F,3,2401.10,2401.10,SA-12,,false
3319,0,T,2,-361.15,-361.15,,,false
3319,1,F,3,131.59,131.59,SA-27,,false
3319,2,F,3,229.56,229.56,SA-29,,false
3320,0,T,2,-1252.25,-1252.25,,,false
3320,1,F,3,193.10,193.10,SA-21,,false
3320,2,F,3,197.99,197.99,SA-22,,false
3320,3,F,3,213.80,213.80,SA-23,,false
3320,4,F,3,318.03,318.03,SA-24,,false
3320,5,F,3,329.33,329.33,SA-25,,false
3321,0,T,2,-18551.40,-13377.46,,,true
3321,1,F,4,3748.61,2703.13,SA-16,,true
3321,2,F,4,4231.00,3050.98,SA-17,,true
3321,3,F,4,3831.27,2762.74,SA-18,,true
3321,4,F,4,3732.35,2691.41,SA-19,,true
3321,5,F,4,3008.17,2169.20,SA-20,,true
3322,0,T,2,-1973.37,-1973.37,,,true
3322,1,F,3,1973.37,1973.37,SA-09,,true
3323,0,T,2,-28787.22,-28787.22,,,true
3323,1,F,3,28079.30,28079.30,SA-24,,true
3323,2,F,8,707.92,707.92,,,true
3324,0,T,2,-15646.25,-15646.25,,,true
3324,1,F,3,15646.25,15646.25,SA-08,,true
3325,0,T,2,-13562.66,-13562.66,,,true
3325,1,F,3,13562.66,13562.66,SA-04,,true
3326,0,T,2,-12821.72,-12821.72,,,true
3326,1,F,3,2038.85,2038.85,SA-16,,true
3326,2,F,3,2803.53,2803.53,SA-17,,true
3326,3,F,3,2920.79,2920.79,SA-18,,true
3326,4,F,3,2306.60,2306.60,SA-19,,true
3326,5,F,3,2751.95,2751.95,SA-20,,true
3327,0,T,1,-16130.88,-16130.88,,,false
3327,1,F,2,16130.88,16130.88,,,false
3328,0,T,1,-1816.59,-1816.59,,,false
3328,1,F,2,1816.59,1816.59,,,false
3329,0,T,1,-2930.68,-2930.68,,,false
3329,1,F,2,2930.68,2930.68,,,false
3330,0,T,1,-8323.43,-8323.43,,,false
3330,1,F,2,8323.43,8323.43,,,false
3331,0,T,1,-291.55,-291.55,,,false
3331,1,F,2,291.55,291.55,,,false
3332,0,T,1,-13432.75,-13432.75,,,false
3332,1,F,2,13432.75,13432.75,,,false
3333,0,T,1,-7190.20,-7190.20,,,false
3333,1,F,2,7190.20,7190.20,,,false
3334,0,T,1,-24976.24,-24976.24,,,false
3334,1,F,2,24976.24,24976.24,,,false
3335,0,T,1,-30373.62,-30373.62,,,false
3335,1,F,2,30373.62,30373.62,,,false
3336,0,T,1,-3538.86,-3538.86,,,false
3336,1,F,2,3538.86,3538.86,,,false
3337,0,T,1,-3135.68,-3135.68,,,false
3337,1,F,2,3135.68,3135.68,,,false
3338,0,T,1,-7843.03,-5907.63,,,false
3338,1,F,2,7843.03,5907.63,,,false
3339,0,T,1,-6844.90,-5155.80,,,false
3339,1,F,2,6844.90,5155.80,,,false
3340,0,T,1,-116.96,-116.96,,,false
3340,1,F,2,116.96,116.96,,,false
3341,0,T,1,-26418.07,-26418.07,,,false
3341,1,F,2,26418.07,26418.07,,,false
3342,0,T,1,-10781.39,-10781.39,,,false
3342,1,F,2,10781.39,10781.39,,,false
3343,0,T,1,-849.11,-849.11,,,false
3343,1,F,2,849.11,849.11,,,false
3344,0,T,1,-1414.69,-1414.69,,,false
3344,1,F,2,1414.69,1414.69,,,false
3345,0,T,1,-1802.88,-1348.35,,,false
3345,1,F,2,1802.88,1348.35,,,false
3346,0,T,1,-1590.62,-1590.62,,,false
3346,1,F,2,1590.62,1590.62,,,false
3347,0,T,1,-8622.77,-8622.77,,,false
3347,1,F,2,8622.77,8622.77,,,false
3348,0,T,1,-21640.18,-21640.18,,,false
3348,1,F,2,21640.18,21640.18,,,false
3349,0,T,1,-15443.14,-15443.14,,,false
3349,1,F,2,15443.14,15443.14,,,false
3350,0,T,1,-5864.38,-5864.38,,,false
3350,1,F,2,5864.38,5864.38,,,false
3351,0,T,1,-4647.89,-3434.32,,,false
3351,1,F,2,4647.89,3434.32,,,false
3352,0,T,1,-10099.31,-7462.36,,,false
3352,1,F,2,10099.31,7462.36,,,false
3353,0,T,1,-3738.93,-3738.93,,,false
3353,1,F,2,3738.93,3738.93,,,false
3354,0,T,1,-932.22,-932.22,,,false
3354,1,F,2,932.22,932.22,,,false
3355,0,T,1,-19514.26,-19514.26,,,false
3355,1,F,2,19514.26,19514.26,,,false
3356,0,T,1,-12326.58,-12326.58,,,false
3356,1,F,2,12326.58,12326.58,,,false
3357,0,T,1,-28817.53,-28817.53,,,false
3357,1,F,2,28817.53,28817.53,,,false
3358,0,T,1,-9970.64,-9970.64,,,false
3358,1,F,2,9970.64,9970.64,,,false
3359,0,T,1,-574.29,-574.29,,,false
3359,1,F,2,574.29,574.29,,,false
3360,0,T,1,-393.15,-292.39,,,false
3360,1,F,2,393.15,292.39,,,false
3361,0,T,1,-1672.51,-1672.51,,,false
3361,1,F,2,1672.51,1672.51,,,false
3362,0,T,1,-3585.68,-3585.68,,,false
3362,1,F,2,3585.68,3585.68,,,false
3363,0,T,1,-9321.22,-9321.22,,,false
3363,1,F,2,9321.22,9321.22,,,false
3364,0,T,1,-12131.14,-12131.14,,,false
3364,1,F,2,12131.14,12131.14,,,false
3365,0,T,1,-16509.38,-16509.38,,,false
3365,1,F,2,16509.38,16509.38,,,false
3366,0,T,1,-4290.97,-4290.97,,,false
3366,1,F,2,4290.97,4290.97,,,false
3367,0,T,1,-7557.54,-7557.54,,,false
3367,1,F,2,7557.54,7557.54,,,false
3368,0,T,1,-8767.80,-6581.25,,,false
3368,1,F,2,8767.80,6581.25,,,false
3369,0,T,1,-13828.95,-10380.23,,,false
3369,1,F,2,13828.95,10380.23,,,false
3370,0,T,1,-5036.35,-5036.35,,,false
3370,1,F,2,5036.35,5036.35,,,false
3371,0,T,1,-20636.68,-20636.68,,,false
3371,1,F,2,20636.68,20636.68,,,false
3372,0,T,1,-29392.16,-29392.16,,,false
3372,1,F,2,29392.16,29392.16,,,false
3373,0,T,1,-26248.06,-26248.06,,,false
3373,1,F,2,26248.06,26248.06,,,false
3374,0,T,1,-5346.20,-5346.20,,,false
3374,1,F,2,5346.20,5346.20,,,false
3375,0,T,1,-4728.77,-4728.77,,,false
3375,1,F,2,4728.77,4728.77,,,false
3376,0,T,1,-4512.85,-4512.85,,,false
3376,1,F,2,4512.85,4512.85,,,false
3377,0,T,1,-1034.08,-1034.08,,,false
3377,1,F,2,1034.08,1034.08,,,false
3378,0,T,1,-14903.22,-14903.22,,,false
3378,1,F,2,14903.22,14903.22,,,false
3379,0,T,1,-9347.57,-9347.57,,,false
3379,1,F,2,9347.57,9347.57,,,false
3380,0,T,1,-22408.92,-22408.92,,,false
3380,1,F,2,22408.92,22408.92,,,false
3381,0,T,1,-10596.66,-10596.66,,,false
3381,1,F,2,10596.66,10596.66,,,false
3382,0,T,1,-18453.66,-18453.66,,,false
3382,1,F,2,18453.66,18453.66,,,false
3383,0,T,1,-16523.54,-16523.54,,,false
3383,1,F,2,16523.54,16523.54,,,false
3384,0,T,1,-12842.70,-12842.70,,,false
3384,1,F,2,12842.70,12842.70,,,false
3385,0,T,1,-8987.88,-8987.88,,,false
3385,1,F,2,8987.88,8987.88,,,false
3386,0,T,1,-15109.47,-11403.28,,,false
3386,1,F,2,15109.47,11403.28,,,false
3387,0,T,1,-21847.99,-16488.92,,,false
3387,1,F,2,21847.99,16488.92,,,false
3388,0,T,1,-2706.35,-2706.35,,,false
3388,1,F,2,2706.35,2706.35,,,false
3389,0,T,1,-3612.01,-3612.01,,,false
3389,1,F,2,3612.01,3612.01,,,false
3390,0,T,1,-15414.64,-15414.64,,,false
3390,1,F,2,15414.64,15414.64,,,false
3391,0,T,1,-880.62,-880.62,,,false
3391,1,F,2,880.62,880.62,,,false
3392,0,T,1,-21425.18,-21425.18,,,false
3392,1,F,2,21425.18,21425.18,,,false
3393,0,T,1,-45313.98,-45313.98,,,false
3393,1,F,2,45313.98,45313.98,,,false
3394,0,T,1,-14756.17,-14756.17,,,false
3394,1,F,2,14756.17,14756.17,,,false
3395,0,T,1,-6510.75,-6510.75,,,false
3395,1,F,2,6510.75,6510.75,,,false
3396,0,T,1,-5525.45,-5525.45,,,false
3396,1,F,2,5525.45,5525.45,,,false
3397,0,T,1,-2589.28,-2589.28,,,false
3397,1,F,2,2589.28,2589.28,,,false
3398,0,T,1,-8389.58,-8389.58,,,false
3398,1,F,2,8389.58,8389.58,,,false
3399,0,T,1,-6633.62,-6633.62,,,false
3399,1,F,2,6633.62,6633.62,,,false
3400,0,T,1,-27877.49,-27877.49,,,false
3400,1,F,2,27877.49,27877.49,,,false
3401,0,T,1,-4999.01,-4999.01,,,false
3401,1,F,2,4999.01,4999.01,,,false
3402,0,T,1,-8300.57,-8300.57,,,false
3402,1,F,2,8300.57,8300.57,,,false
3403,0,T,1,-9310.57,-9310.57,,,false
3403,1,F,2,9310.57,9310.57,,,false
3404,0,T,1,-10234.51,-7649.89,,,false
3404,1,F,2,10234.51,7649.89,,,false
3405,0,T,1,-25533.81,-19085.50,,,false
3405,1,F,2,25533.81,19085.50,,,false
3406,0,T,1,-2718.49,-2718.49,,,false
3406,1,F,2,2718.49,2718.49,,,false
3407,0,T,1,-2852.89,-2852.89,,,false
3407,1,F,2,2852.89,2852.89,,,false
3408,0,T,1,-9900.24,-9900.24,,,false
3408,1,F,2,9900.24,9900.24,,,false
3409,0,T,1,-10276.43,-10276.43,,,false
3409,1,F,2,10276.43,10276.43,,,false
3410,0,T,1,-5170.90,-5170.90,,,false
3410,1,F,2,5170.90,5170.90,,,false
3411,0,T,1,-41828.52,-41828.52,,,false
3411,1,F,2,41828.52,41828.52,,,false
3412,0,T,1,-13738.37,-13738.37,,,false
3412,1,F,2,13738.37,13738.37,,,false
3413,0,T,1,-12814.85,-12814.85,,,false
3413,1,F,2,12814.85,12814.85,,,false
3414,0,T,1,-5355.57,-5355.57,,,false
3414,1,F,2,5355.57,5355.57,,,false
3415,0,T,1,-7047.96,-5235.46,,,false
3415,1,F,2,7047.96,5235.46,,,false
3416,0,T,1,-3514.10,-3514.10,,,false
3416,1,F,2,3514.10,3514.10,,,false
3417,0,T,1,-8806.96,-8806.96,,,false
3417,1,F,2,8806.96,8806.96,,,false
3418,0,T,1,-20342.01,-20342.01,,,false
3418,1,F,2,20342.01,20342.01,,,false
3419,0,T,1,-12058.93,-12058.93,,,false
3419,1,F,2,12058.93,12058.93,,,false
3420,0,T,1,-14568.59,-14568.59,,,false
3420,1,F,2,14568.59,14568.59,,,false
3421,0,T,1,-39193.58,-39193.58,,,false
3421,1,F,2,39193.58,39193.58,,,false
3422,0,T,1,-20490.55,-20490.55,,,false
3422,1,F,2,20490.55,20490.55,,,false
3423,0,T,1,-12937.53,-12937.53,,,false
3423,1,F,2,12937.53,12937.53,,,false
3424,0,T,1,-23169.46,-17081.64,,,false
3424,1,F,2,23169.46,17081.64,,,false
3425,0,T,1,-24933.49,-18382.17,,,false
3425,1,F,2,24933.49,18382.17,,,false
3426,0,T,1,-9020.63,-9020.63,,,false
3426,1,F,2,9020.63,9020.63,,,false
3427,0,T,1,-2543.18,-2543.18,,,false
3427,1,F,2,2543.18,2543.18,,,false
3428,0,T,1,-9949.28,-9949.28,,,false
3428,1,F,2,9949.28,9949.28,,,false
3429,0,T,1,-4749.90,-4749.90,,,false
3429,1,F,2,4749.90,4749.90,,,false
3430,0,T,1,-36471.64,-36471.64,,,false
3430,1,F,2,36471.64,36471.64,,,false
3431,0,T,1,-21027.66,-21027.66,,,false
3431,1,F,2,21027.66,21027.66,,,false
3432,0,T,1,-13685.50,-13685.50,,,false
3432,1,F,2,13685.50,13685.50,,,false
3433,0,T,1,-10588.92,-10588.92,,,false
3433,1,F,2,10588.92,10588.92,,,false
3434,0,T,1,-5529.43,-5529.43,,,false
3434,1,F,2,5529.43,5529.43,,,false
3435,0,T,1,-7099.15,-7099.15,,,false
3435,1,F,2,7099.15,7099.15,,,false
3436,0,T,1,-19423.94,-19423.94,,,false
3436,1,F,2,19423.94,19423.94,,,false
3437,0,T,1,-10190.10,-10190.10,,,false
3437,1,F,2,10190.10,10190.10,,,false
3438,0,T,1,-16651.65,-16651.65,,,false
3438,1,F,2,16651.65,16651.65,,,false
3439,0,T,1,-13941.94,-13941.94,,,false
3439,1,F,2,13941.94,13941.94,,,false
3440,0,T,1,-31703.59,-31703.59,,,false
3440,1,F,2,31703.59,31703.59,,,false
3441,0,T,1,-39646.71,-39646.71,,,false
3441,1,F,2,39646.71,39646.71,,,false
3442,0,T,1,-15301.66,-15301.66,,,false
3442,1,F,2,15301.66,15301.66,,,false
3443,0,T,1,-9350.60,-9350.60,,,false
3443,1,F,2,9350.60,9350.60,,,false
3444,0,T,1,-21568.25,-16024.78,,,false
3444,1,F,2,21568.25,16024.78,,,false
3445,0,T,1,-31888.79,-23692.73,,,false
3445,1,F,2,31888.79,23692.73,,,false
3446,0,T,1,-2295.34,-2295.34,,,false
3446,1,F,2,2295.34,2295.34,,,false
3447,0,T,1,-11101.10,-11101.10,,,false
3447,1,F,2,11101.10,11101.10,,,false
3448,0,T,1,-2793.07,-2793.07,,,false
3448,1,F,2,2793.07,2793.07,,,false
3449,0,T,1,-67041.29,-67041.29,,,false
3449,1,F,2,67041.29,67041.29,,,false
3450,0,T,1,-30857.24,-30857.24,,,false
3450,1,F,2,30857.24,30857.24,,,false
3451,0,T,1,-25449.06,-25449.06,,,false
3451,1,F,2,25449.06,25449.06,,,false
3452,0,T,1,-12962.52,-12962.52,,,false
3452,1,F,2,12962.52,12962.52,,,false
3453,0,T,1,-6967.63,-6967.63,,,true
3453,1,F,2,6967.63,6967.63,,,true
3454,0,T,1,-5675.73,-5675.73,,,false
3454,1,F,2,5675.73,5675.73,,,false
3455,0,T,1,-7487.47,-7487.47,,,false
3455,1,F,2,7487.47,7487.47,,,false
3456,0,T,1,-15152.38,-15152.38,,,false
3456,1,F,2,15152.38,15152.38,,,false
3457,0,T,1,-15049.63,-15049.63,,,false
3457,1,F,2,15049.63,15049.63,,,false
3458,0,T,1,-3569.24,-3569.24,,,false
3458,1,F,2,3569.24,3569.24,,,false
3459,0,T,1,-14757.73,-14757.73,,,false
3459,1,F,2,14757.73,14757.73,,,false
3460,0,T,1,-16242.44,-16242.44,,,false
3460,1,F,2,16242.44,16242.44,,,false
3461,0,T,1,-7683.46,-7683.46,,,false
3461,1,F,2,7683.46,7683.46,,,false
3462,0,T,1,-27564.16,-20334.05,,,false
3462,1,F,2,27564.16,20334.05,,,false
3463,0,T,1,-20926.03,-15437.11,,,false
3463,1,F,2,20926.03,15437.11,,,false
3464,0,T,1,-3708.04,-3708.04,,,false
3464,1,F,2,3708.04,3708.04,,,false
3465,0,T,1,-2136.05,-2136.05,,,false
3465,1,F,2,2136.05,2136.05,,,false
3466,0,T,1,-14961.26,-14961.26,,,false
3466,1,F,2,14961.26,14961.26,,,false
3467,0,T,1,-6158.03,-6158.03,,,false
3467,1,F,2,6158.03,6158.03,,,false
3468,0,T,1,-16619.52,-16619.52,,,false
3468,1,F,2,16619.52,16619.52,,,false
3469,0,T,1,-7835.74,-7835.74,,,false
3469,1,F,2,7835.74,7835.74,,,false
3470,0,T,1,-10551.23,-10551.23,,,false
3470,1,F,2,10551.23,10551.23,,,false
3471,0,T,1,-4480.36,-4480.36,,,false
3471,1,F,2,4480.36,4480.36,,,false
3472,0,T,1,-7586.72,-5526.51,,,false
3472,1,F,2,7586.72,5526.51,,,false
3473,0,T,1,-3915.55,-3915.55,,,false
3473,1,F,2,3915.55,3915.55,,,false
3474,0,T,1,-6212.35,-6212.35,,,false
3474,1,F,2,6212.35,6212.35,,,false
3475,0,T,1,-14554.02,-14554.02,,,false
3475,1,F,2,14554.02,14554.02,,,false
3476,0,T,1,-7599.84,-7599.84,,,false
3476,1,F,2,7599.84,7599.84,,,false
3477,0,T,1,-18937.71,-18937.71,,,false
3477,1,F,2,18937.71,18937.71,,,false
3478,0,T,1,-7685.79,-7685.79,,,false
3478,1,F,2,7685.79,7685.79,,,false
3479,0,T,1,-69377.32,-69377.32,,,false
3479,1,F,2,69377.32,69377.32,,,false
3480,0,T,1,-59361.60,-59361.60,,,false
3480,1,F,2,59361.60,59361.60,,,false
3481,0,T,1,-32363.60,-32363.60,,,false
3481,1,F,2,32363.60,32363.60,,,false
3482,0,T,1,-21001.17,-21001.17,,,false
3482,1,F,2,21001.17,21001.17,,,false
3483,0,T,1,-33701.85,-23928.31,,,false
3483,1,F,2,33701.85,23928.31,,,false
3484,0,T,1,-33979.74,-24125.62,,,false
3484,1,F,2,33979.74,24125.62,,,false
3485,0,T,1,-8413.42,-8413.42,,,false
3485,1,F,2,8413.42,8413.42,,,false
3486,0,T,1,-3516.73,-3516.73,,,false
3486,1,F,2,3516.73,3516.73,,,false
3487,0,T,1,-28958.23,-28958.23,,,false
3487,1,F,2,28958.23,28958.23,,,false
3488,0,T,1,-18615.66,-18615.66,,,false
3488,1,F,2,18615.66,18615.66,,,false
3489,0,T,1,-39301.82,-39301.82,,,false
3489,1,F,2,39301.82,39301.82,,,false
3490,0,T,1,-42692.58,-42692.58,,,false
3490,1,F,2,42692.58,42692.58,,,false
3491,0,T,1,-41695.11,-41695.11,,,false
3491,1,F,2,41695.11,41695.11,,,false
3492,0,T,1,-13420.62,-13420.62,,,false
3492,1,F,2,13420.62,13420.62,,,false
3493,0,T,1,-10829.97,-10829.97,,,false
3493,1,F,2,10829.97,10829.97,,,false
3494,0,T,1,-5838.57,-5838.57,,,false
3494,1,F,2,5838.57,5838.57,,,false
3495,0,T,1,-9629.44,-9629.44,,,false
3495,1,F,2,9629.44,9629.44,,,false
3496,0,T,1,-31914.86,-31914.86,,,false
3496,1,F,2,31914.86,31914.86,,,false
3497,0,T,1,-62396.14,-62396.14,,,false
3497,1,F,2,62396.14,62396.14,,,false
3498,0,T,1,-39952.79,-39952.79,,,false
3498,1,F,2,39952.79,39952.79,,,false
3499,0,T,1,-16773.36,-16773.36,,,false
3499,1,F,2,16773.36,16773.36,,,false
3500,0,T,1,-26183.68,-18920.67,,,false
3500,1,F,2,26183.68,18920.67,,,false
3501,0,T,1,-10905.93,-7880.77,,,false
3501,1,F,2,10905.93,7880.77,,,false
3502,0,T,1,-4101.87,-4101.87,,,false
3502,1,F,2,4101.87,4101.87,,,false
3503,0,T,1,-15915.19,-15915.19,,,false
3503,1,F,2,15915.19,15915.19,,,false
3504,0,T,1,-10178.69,-10178.69,,,false
3504,1,F,2,10178.69,10178.69,,,false
3505,0,T,1,-32409.60,-32409.60,,,false
3505,1,F,2,32409.60,32409.60,,,false
3506,0,T,1,-33660.70,-33660.70,,,false
3506,1,F,2,33660.70,33660.70,,,false
3507,0,T,1,-27825.40,-27825.40,,,false
3507,1,F,2,27825.40,27825.40,,,false
3508,0,T,1,-7437.43,-7437.43,,,false
3508,1,F,2,7437.43,7437.43,,,false
3509,0,T,1,-12216.89,-8813.06,,,false
3509,1,F,2,12216.89,8813.06,,,false
3510,0,T,1,-32844.88,-23693.74,,,false
3510,1,F,2,32844.88,23693.74,,,false
3511,0,T,1,-7328.73,-7328.73,,,false
3511,1,F,2,7328.73,7328.73,,,false
3512,0,T,1,-4728.89,-4728.89,,,false
3512,1,F,2,4728.89,4728.89,,,false
3513,0,T,1,-8112.67,-8112.67,,,false
3513,1,F,2,8112.67,8112.67,,,false
3514,0,T,1,-12369.89,-12369.89,,,false
3514,1,F,2,12369.89,12369.89,,,false
3515,0,T,1,-18109.50,-18109.50,,,false
3515,1,F,2,18109.50,18109.50,,,false
3516,0,T,1,-61716.57,-61716.57,,,false
3516,1,F,2,61716.57,61716.57,,,false
3517,0,T,1,-35470.84,-35470.84,,,false
3517,1,F,2,35470.84,35470.84,,,false
3518,0,T,1,-17694.84,-17694.84,,,false
3518,1,F,2,17694.84,17694.84,,,false
3519,0,T,1,-20032.32,-20032.32,,,false
3519,1,F,2,20032.32,20032.32,,,false
3520,0,T,1,-14491.16,-10311.97,,,false
3520,1,F,2,14491.16,10311.97,,,false
3521,0,T,1,-31224.14,-22219.22,,,false
3521,1,F,2,31224.14,22219.22,,,false
3522,0,T,1,-5626.67,-5626.67,,,false
3522,1,F,2,5626.67,5626.67,,,false
3523,0,T,1,-7476.07,-7476.07,,,false
3523,1,F,2,7476.07,7476.07,,,false
3524,0,T,1,-17586.53,-17586.53,,,false
3524,1,F,2,17586.53,17586.53,,,false
3525,0,T,1,-15260.74,-15260.74,,,false
3525,1,F,2,15260.74,15260.74,,,false
3526,0,T,1,-22636.62,-22636.62,,,false
3526,1,F,2,22636.62,22636.62,,,false
3527,0,T,1,-69634.59,-69634.59,,,false
3527,1,F,2,69634.59,69634.59,,,false
3528,0,T,1,-16497.68,-16497.68,,,false
3528,1,F,2,16497.68,16497.68,,,false
3529,0,T,1,-23273.51,-16854.96,,,false
3529,1,F,2,23273.51,16854.96,,,false
3530,0,T,1,-9557.86,-6921.92,,,false
3530,1,F,2,9557.86,6921.92,,,false
3531,0,T,1,-9557.77,-9557.77,,,false
3531,1,F,2,9557.77,9557.77,,,false
3532,0,T,1,-2587.32,-2587.32,,,false
3532,1,F,2,2587.32,2587.32,,,false
3533,0,T,1,-20697.64,-20697.64,,,false
3533,1,F,2,20697.64,20697.64,,,false
3534,0,T,1,-8914.09,-8914.09,,,false
3534,1,F,2,8914.09,8914.09,,,false
3535,0,T,1,-16751.50,-16751.50,,,false
3535,1,F,2,16751.50,16751.50,,,false
3536,0,T,1,-76548.81,-76548.81,,,false
3536,1,F,2,76548.81,76548.81,,,false
3537,0,T,1,-22458.04,-22458.04,,,false
3537,1,F,2,22458.04,22458.04,,,false
3538,0,T,1,-34711.90,-34711.90,,,false
3538,1,F,2,34711.90,34711.90,,,false
3539,0,T,1,-33074.09,-33074.09,,,false
3539,1,F,2,33074.09,33074.09,,,false
3540,0,T,1,-40321.73,-28714.19,,,false
3540,1,F,2,40321.73,28714.19,,,false
3541,0,T,1,-51570.75,-36724.92,,,false
3541,1,F,2,51570.75,36724.92,,,false
3542,0,T,1,-3691.31,-3691.31,,,false
3542,1,F,2,3691.31,3691.31,,,false
3543,0,T,1,-7214.27,-7214.27,,,false
3543,1,F,2,7214.27,7214.27,,,false
3544,0,T,1,-42751.47,-42751.47,,,false
3544,1,F,2,42751.47,42751.47,,,false
3545,0,T,1,-66201.39,-66201.39,,,false
3545,1,F,2,66201.39,66201.39,,,false
3546,0,T,1,-22562.73,-22562.73,,,false
3546,1,F,2,22562.73,22562.73,,,false
3547,0,T,1,-21417.51,-21417.51,,,false
3547,1,F,2,21417.51,21417.51,,,false
3548,0,T,1,-3777.68,-3777.68,,,false
3548,1,F,2,3777.68,3777.68,,,false
3549,0,T,1,-4321.95,-4321.95,,,false
3549,1,F,2,4321.95,4321.95,,,false
3550,0,T,1,-17463.40,-17463.40,,,false
3550,1,F,2,17463.40,17463.40,,,false
3551,0,T,1,-8660.98,-8660.98,,,false
3551,1,F,2,8660.98,8660.98,,,false
3552,0,T,1,-23265.69,-23265.69,,,false
3552,1,F,2,23265.69,23265.69,,,false
3553,0,T,1,-31327.26,-31327.26,,,false
3553,1,F,2,31327.26,31327.26,,,false
3554,0,T,1,-38381.24,-38381.24,,,false
3554,1,F,2,38381.24,38381.24,,,false
3555,0,T,1,-50560.49,-50560.49,,,false
3555,1,F,2,50560.49,50560.49,,,false
3556,0,T,1,-21147.97,-21147.97,,,false
3556,1,F,2,21147.97,21147.97,,,false
3557,0,T,1,-31530.57,-31530.57,,,false
3557,1,F,2,31530.57,31530.57,,,false
3558,0,T,1,-26733.90,-19270.78,,,false
3558,1,F,2,26733.90,19270.78,,,false
3559,0,T,1,-24177.22,-17427.83,,,false
3559,1,F,2,24177.22,17427.83,,,false
3560,0,T,1,-10057.36,-10057.36,,,false
3560,1,F,2,10057.36,10057.36,,,false
3561,0,T,1,-8428.47,-8428.47,,,false
3561,1,F,2,8428.47,8428.47,,,false
3562,0,T,1,-17442.26,-17442.26,,,false
3562,1,F,2,17442.26,17442.26,,,false
3563,0,T,1,-14247.58,-14247.58,,,false
3563,1,F,2,14247.58,14247.58,,,false
3564,0,T,1,-35282.56,-35282.56,,,false
3564,1,F,2,35282.56,35282.56,,,false
3565,0,T,1,-9979.67,-9979.67,,,false
3565,1,F,2,9979.67,9979.67,,,false
3566,0,T,1,-4207.18,-4207.18,,,false
3566,1,F,2,4207.18,4207.18,,,false
3567,0,T,1,-15966.55,-11417.92,,,false
3567,1,F,2,15966.55,11417.92,,,false
3568,0,T,1,-19285.47,-13791.33,,,false
3568,1,F,2,19285.47,13791.33,,,false
3569,0,T,1,-9085.93,-9085.93,,,false
3569,1,F,2,9085.93,9085.93,,,false
3570,0,T,1,-12090.03,-12090.03,,,false
3570,1,F,2,12090.03,12090.03,,,false
3571,0,T,1,-7045.23,-7045.23,,,false
3571,1,F,2,7045.23,7045.23,,,false
3572,0,T,1,-27633.49,-27633.49,,,false
3572,1,F,2,27633.49,27633.49,,,false
3573,0,T,1,-22043.42,-22043.42,,,false
3573,1,F,2,22043.42,22043.42,,,false
3574,0,T,1,-92870.55,-92870.55,,,false
3574,1,F,2,92870.55,92870.55,,,false
3575,0,T,1,-49785.09,-49785.09,,,false
3575,1,F,2,49785.09,49785.09,,,false
3576,0,T,1,-42751.19,-42751.19,,,false
3576,1,F,2,42751.19,42751.19,,,false
3577,0,T,1,-30427.44,-30427.44,,,false
3577,1,F,2,30427.44,30427.44,,,false
3578,0,T,1,-30536.56,-21967.12,,,false
3578,1,F,2,30536.56,21967.12,,,false
3579,0,T,1,-27214.42,-19577.26,,,false
3579,1,F,2,27214.42,19577.26,,,false
3580,0,T,1,-5236.40,-5236.40,,,false
3580,1,F,2,5236.40,5236.40,,,false
3581,0,T,1,-12500.62,-12500.62,,,true
3581,1,F,2,12500.62,12500.62,,,true
3582,0,T,1,-16958.18,-16958.18,,,false
3582,1,F,2,16958.18,16958.18,,,false
3583,0,T,1,-25267.15,-25267.15,,,false
3583,1,F,2,25267.15,25267.15,,,false
3584,0,T,1,-31028.55,-31028.55,,,false
3584,1,F,2,31028.55,31028.55,,,false
3585,0,T,1,-67988.35,-67988.35,,,false
3585,1,F,2,67988.35,67988.35,,,false
3586,0,T,1,-43894.64,-43894.64,,,false
3586,1,F,2,43894.64,43894.64,,,false
3587,0,T,1,-11242.74,-11242.74,,,false
3587,1,F,2,11242.74,11242.74,,,false
3588,0,T,1,-17860.39,-12871.20,,,false
3588,1,F,2,17860.39,12871.20,,,false
3589,0,T,1,-20527.88,-14793.54,,,false
3589,1,F,2,20527.88,14793.54,,,false
3590,0,T,1,-3882.75,-3882.75,,,false
3590,1,F,2,3882.75,3882.75,,,false
3591,0,T,1,-7952.09,-7952.09,,,false
3591,1,F,2,7952.09,7952.09,,,false
3592,0,T,1,-18551.06,-18551.06,,,false
3592,1,F,2,18551.06,18551.06,,,false
3593,0,T,1,-7586.25,-7586.25,,,false
3593,1,F,2,7586.25,7586.25,,,false
3594,0,T,1,-27528.10,-27528.10,,,false
3594,1,F,2,27528.10,27528.10,,,false
3595,0,T,1,-78302.28,-78302.28,,,false
3595,1,F,2,78302.28,78302.28,,,false
3596,0,T,1,-30369.87,-30369.87,,,false
3596,1,F,2,30369.87,30369.87,,,false
3597,0,T,1,-4211.05,-4211.05,,,false
3597,1,F,2,4211.05,4211.05,,,false
3598,0,T,1,-24223.64,-24223.64,,,false
3598,1,F,2,24223.64,24223.64,,,false
3599,0,T,1,-45820.89,-32780.91,,,false
3599,1,F,2,45820.89,32780.91,,,false
3600,0,T,1,-31522.96,-22551.97,,,false
3600,1,F,2,31522.96,22551.97,,,false
3601,0,T,1,-10384.33,-10384.33,,,false
3601,1,F,2,10384.33,10384.33,,,false
3602,0,T,1,-5902.65,-5902.65,,,false
3602,1,F,2,5902.65,5902.65,,,false
3603,0,T,1,-24762.82,-24762.82,,,false
3603,1,F,2,24762.82,24762.82,,,false
3604,0,T,1,-25063.54,-25063.54,,,false
3604,1,F,2,25063.54,25063.54,,,false
3605,0,T,1,-55535.98,-55535.98,,,false
3605,1,F,2,55535.98,55535.98,,,false
3606,0,T,1,-49392.77,-49392.77,,,false
3606,1,F,2,49392.77,49392.77,,,false
3607,0,T,1,-35567.31,-35567.31,,,false
3607,1,F,2,35567.31,35567.31,,,false
3608,0,T,1,-12117.36,-12117.36,,,false
3608,1,F,2,12117.36,12117.36,,,false
3609,0,T,1,-22823.97,-16450.70,,,false
3609,1,F,2,22823.97,16450.70,,,false
3610,0,T,1,-10190.89,-10190.89,,,false
3610,1,F,2,10190.89,10190.89,,,false
3611,0,T,1,-9617.17,-9617.17,,,false
3611,1,F,2,9617.17,9617.17,,,false
3612,0,T,1,-9354.98,-9354.98,,,false
3612,1,F,2,9354.98,9354.98,,,false
3613,0,T,1,-11398.75,-11398.75,,,false
3613,1,F,2,11398.75,11398.75,,,false
3614,0,T,1,-53090.34,-53090.34,,,false
3614,1,F,2,53090.34,53090.34,,,false
3615,0,T,1,-44355.67,-44355.67,,,false
3615,1,F,2,44355.67,44355.67,,,false
3616,0,T,1,-22531.09,-22531.09,,,false
3616,1,F,2,22531.09,22531.09,,,false
3617,0,T,1,-24530.99,-24530.99,,,false
3617,1,F,2,24530.99,24530.99,,,false
3618,0,T,1,-51081.33,-36457.36,,,false
3618,1,F,2,51081.33,36457.36,,,false
3619,0,T,1,-49464.56,-35303.45,,,false
3619,1,F,2,49464.56,35303.45,,,false
3620,0,T,1,-4776.36,-4776.36,,,false
3620,1,F,2,4776.36,4776.36,,,false
3621,0,T,1,-5555.93,-5555.93,,,false
3621,1,F,2,5555.93,5555.93,,,false
3622,0,T,1,-10484.20,-10484.20,,,false
3622,1,F,2,10484.20,10484.20,,,false
3623,0,T,1,-48621.18,-48621.18,,,false
3623,1,F,2,48621.18,48621.18,,,false
3624,0,T,1,-89679.64,-89679.64,,,false
3624,1,F,2,89679.64,89679.64,,,false
3625,0,T,1,-45402.59,-45402.59,,,false
3625,1,F,2,45402.59,45402.59,,,false
3626,0,T,1,-46333.21,-46333.21,,,false
3626,1,F,2,46333.21,46333.21,,,false
3627,0,T,1,-25224.70,-25224.70,,,false
3627,1,F,2,25224.70,25224.70,,,false
3628,0,T,1,-11680.31,-11680.31,,,false
3628,1,F,2,11680.31,11680.31,,,false
3629,0,T,1,-15458.78,-15458.78,,,false
3629,1,F,2,15458.78,15458.78,,,false
3630,0,T,1,-8238.85,-8238.85,,,false
3630,1,F,2,8238.85,8238.85,,,false
3631,0,T,1,-22395.22,-22395.22,,,false
3631,1,F,2,22395.22,22395.22,,,false
3632,0,T,1,-22019.54,-22019.54,,,false
3632,1,F,2,22019.54,22019.54,,,false
3633,0,T,1,-22401.76,-22401.76,,,false
3633,1,F,2,22401.76,22401.76,,,false
3634,0,T,1,-62764.15,-62764.15,,,false
3634,1,F,2,62764.15,62764.15,,,false
3635,0,T,1,-22971.17,-22971.17,,,false
3635,1,F,2,22971.17,22971.17,,,false
3636,0,T,1,-15042.31,-15042.31,,,false
3636,1,F,2,15042.31,15042.31,,,false
3637,0,T,1,-54607.18,-39015.96,,,false
3637,1,F,2,54607.18,39015.96,,,false
3638,0,T,1,-55900.17,-39939.78,,,false
3638,1,F,2,55900.17,39939.78,,,false
3639,0,T,1,-7085.90,-7085.90,,,false
3639,1,F,2,7085.90,7085.90,,,false
3640,0,T,1,-18088.39,-18088.39,,,false
3640,1,F,2,18088.39,18088.39,,,false
3641,0,T,1,-38443.75,-38443.75,,,false
3641,1,F,2,38443.75,38443.75,,,false
3642,0,T,1,-67862.62,-67862.62,,,false
3642,1,F,2,67862.62,67862.62,,,false
3643,0,T,1,-90632.39,-90632.39,,,false
3643,1,F,2,90632.39,90632.39,,,false
3644,0,T,1,-60589.99,-60589.99,,,false
3644,1,F,2,60589.99,60589.99,,,false
3645,0,T,1,-6417.23,-6417.23,,,false
3645,1,F,2,6417.23,6417.23,,,false
3646,0,T,1,-10942.30,-10942.30,,,false
3646,1,F,2,10942.30,10942.30,,,false
3647,0,T,1,-10599.98,-10599.98,,,false
3647,1,F,2,10599.98,10599.98,,,false
3648,0,T,1,-12759.52,-12759.52,,,false
3648,1,F,2,12759.52,12759.52,,,false
3649,0,T,1,-8669.57,-8669.57,,,false
3649,1,F,2,8669.57,8669.57,,,false
3650,0,T,1,-18888.53,-18888.53,,,false
3650,1,F,2,18888.53,18888.53,,,false
3651,0,T,1,-31735.16,-31735.16,,,false
3651,1,F,2,31735.16,31735.16,,,false
3652,0,T,1,-69041.28,-69041.28,,,false
3652,1,F,2,69041.28,69041.28,,,false
3653,0,T,1,-31927.22,-31927.22,,,false
3653,1,F,2,31927.22,31927.22,,,false
3654,0,T,1,-23034.73,-23034.73,,,false
3654,1,F,2,23034.73,23034.73,,,false
3655,0,T,1,-40345.58,-40345.58,,,false
3655,1,F,2,40345.58,40345.58,,,false
3656,0,T,1,-62867.76,-45259.57,,,false
3656,1,F,2,62867.76,45259.57,,,false
3657,0,T,1,-63836.09,-45956.69,,,false
3657,1,F,2,63836.09,45956.69,,,false
3658,0,T,1,-5031.66,-5031.66,,,false
3658,1,F,2,5031.66,5031.66,,,false
3659,0,T,1,-6872.02,-6872.02,,,false
3659,1,F,2,6872.02,6872.02,,,false
3660,0,T,1,-33893.88,-33893.88,,,false
3660,1,F,2,33893.88,33893.88,,,false
3661,0,T,1,-98371.43,-98371.43,,,false
3661,1,F,2,98371.43,98371.43,,,false
3662,0,T,1,-63103.84,-63103.84,,,false
3662,1,F,2,63103.84,63103.84,,,false
3663,0,T,1,-23126.91,-23126.91,,,false
3663,1,F,2,23126.91,23126.91,,,false
3664,0,T,1,-3350.21,-3350.21,,,false
3664,1,F,2,3350.21,3350.21,,,false
3665,0,T,1,-8419.65,-8419.65,,,false
3665,1,F,2,8419.65,8419.65,,,false
3666,0,T,1,-12737.29,-12737.29,,,false
3666,1,F,2,12737.29,12737.29,,,false
3667,0,T,1,-10574.09,-10574.09,,,false
3667,1,F,2,10574.09,10574.09,,,false
3668,0,T,1,-32412.19,-32412.19,,,false
3668,1,F,2,32412.19,32412.19,,,false
3669,0,T,1,-40202.00,-40202.00,,,false
3669,1,F,2,40202.00,40202.00,,,false
3670,0,T,1,-77579.26,-77579.26,,,false
3670,1,F,2,77579.26,77579.26,,,false
3671,0,T,1,-21400.88,-21400.88,,,false
3671,1,F,2,21400.88,21400.88,,,false
3672,0,T,1,-65390.78,-46964.44,,,false
3672,1,F,2,65390.78,46964.44,,,false
3673,0,T,1,-57871.44,-41563.96,,,false
3673,1,F,2,57871.44,41563.96,,,false
3674,0,T,1,-16752.77,-16752.77,,,false
3674,1,F,2,16752.77,16752.77,,,false
3675,0,T,1,-11886.21,-11886.21,,,false
3675,1,F,2,11886.21,11886.21,,,false
3676,0,T,1,-10641.52,-10641.52,,,false
3676,1,F,2,10641.52,10641.52,,,false
3677,0,T,1,-15297.91,-15297.91,,,false
3677,1,F,2,15297.91,15297.91,,,false
3678,0,T,1,-66225.97,-66225.97,,,false
3678,1,F,2,66225.97,66225.97,,,false
3679,0,T,1,-81149.21,-81149.21,,,false
3679,1,F,2,81149.21,81149.21,,,false
3680,0,T,1,-82922.81,-82922.81,,,false
3680,1,F,2,82922.81,82922.81,,,false
3681,0,T,1,-31045.03,-31045.03,,,false
3681,1,F,2,31045.03,31045.03,,,false
3682,0,T,1,-14560.54,-14560.54,,,false
3682,1,F,2,14560.54,14560.54,,,false
3683,0,T,1,-11447.02,-11447.02,,,false
3683,1,F,2,11447.02,11447.02,,,false
3684,0,T,1,-14482.03,-14482.03,,,false
3684,1,F,2,14482.03,14482.03,,,false
3685,0,T,1,-12900.94,-12900.94,,,false
3685,1,F,2,12900.94,12900.94,,,false
3686,0,T,1,-7721.98,-7721.98,,,false
3686,1,F,2,7721.98,7721.98,,,false
3687,0,T,1,-9408.75,-9408.75,,,false
3687,1,F,2,9408.75,9408.75,,,false
3688,0,T,1,-40319.61,-40319.61,,,false
3688,1,F,2,40319.61,40319.61,,,false
3689,0,T,1,-26007.95,-26007.95,,,false
3689,1,F,2,26007.95,26007.95,,,false
3690,0,T,1,-35795.97,-35795.97,,,false
3690,1,F,2,35795.97,35795.97,,,false
3691,0,T,1,-27660.79,-27660.79,,,false
3691,1,F,2,27660.79,27660.79,,,false
3692,0,T,1,-60228.07,-43740.46,,,false
3692,1,F,2,60228.07,43740.46,,,false
3693,0,T,1,-53874.15,-39125.94,,,false
3693,1,F,2,53874.15,39125.94,,,false
3694,0,T,1,-6247.19,-6247.19,,,false
3694,1,F,2,6247.19,6247.19,,,false
3695,0,T,1,-3571.92,-3571.92,,,false
3695,1,F,2,3571.92,3571.92,,,false
3696,0,T,1,-38424.28,-38424.28,,,false
3696,1,F,2,38424.28,38424.28,,,false
3697,0,T,1,-65914.87,-65914.87,,,false
3697,1,F,2,65914.87,65914.87,,,false
3698,0,T,1,-58458.35,-58458.35,,,false
3698,1,F,2,58458.35,58458.35,,,false
3699,0,T,1,-68077.43,-68077.43,,,false
3699,1,F,2,68077.43,68077.43,,,false
3700,0,T,1,-62909.41,-62909.41,,,false
3700,1,F,2,62909.41,62909.41,,,false
3701,0,T,1,-4329.72,-4329.72,,,false
3701,1,F,2,4329.72,4329.72,,,false
3702,0,T,1,-5295.90,-5295.90,,,false
3702,1,F,2,5295.90,5295.90,,,false
3703,0,T,1,-17125.15,-17125.15,,,false
3703,1,F,2,17125.15,17125.15,,,false
3704,0,T,1,-6299.01,-6299.01,,,false
3704,1,F,2,6299.01,6299.01,,,false
3705,0,T,1,-46193.44,-46193.44,,,false
3705,1,F,2,46193.44,46193.44,,,false
3706,0,T,1,-76879.13,-76879.13,,,false
3706,1,F,2,76879.13,76879.13,,,false
3707,0,T,1,-40347.59,-40347.59,,,false
3707,1,F,2,40347.59,40347.59,,,false
3708,0,T,1,-24015.12,-24015.12,,,false
3708,1,F,2,24015.12,24015.12,,,false
3709,0,T,1,-47758.28,-47758.28,,,false
3709,1,F,2,47758.28,47758.28,,,false
3710,0,T,1,-72951.76,-51799.18,,,false
3710,1,F,2,72951.76,51799.18,,,false
3711,0,T,1,-24340.53,-17282.92,,,false
3711,1,F,2,24340.53,17282.92,,,false
3712,0,T,1,-14058.79,-14058.79,,,false
3712,1,F,2,14058.79,14058.79,,,false
3713,0,T,1,-12025.85,-12025.85,,,false
3713,1,F,2,12025.85,12025.85,,,false
3714,0,T,1,-37726.41,-37726.41,,,false
3714,1,F,2,37726.41,37726.41,,,false
3715,0,T,1,-126962.76,-126962.76,,,false
3715,1,F,2,126962.76,126962.76,,,false
3716,0,T,1,-61353.33,-61353.33,,,false
3716,1,F,2,61353.33,61353.33,,,false
3717,0,T,1,-46229.25,-46229.25,,,false
3717,1,F,2,46229.25,46229.25,,,false
3718,0,T,1,-7935.60,-7935.60,,,false
3718,1,F,2,7935.60,7935.60,,,false
3719,0,T,1,-37107.94,-26346.64,,,false
3719,1,F,2,37107.94,26346.64,,,false
3720,0,T,1,-10887.39,-10887.39,,,false
3720,1,F,2,10887.39,10887.39,,,false
3721,0,T,1,-6319.51,-6319.51,,,false
3721,1,F,2,6319.51,6319.51,,,false
3722,0,T,1,-11434.06,-11434.06,,,false
3722,1,F,2,11434.06,11434.06,,,false
3723,0,T,1,-8622.14,-8622.14,,,false
3723,1,F,2,8622.14,8622.14,,,false
3724,0,T,1,-24712.74,-24712.74,,,false
3724,1,F,2,24712.74,24712.74,,,false
3725,0,T,1,-31749.72,-31749.72,,,false
3725,1,F,2,31749.72,31749.72,,,false
3726,0,T,1,-22796.00,-22796.00,,,false
3726,1,F,2,22796.00,22796.00,,,false
3727,0,T,1,-64656.70,-64656.70,,,false
3727,1,F,2,64656.70,64656.70,,,false
3728,0,T,1,-26285.48,-26285.48,,,false
3728,1,F,2,26285.48,26285.48,,,false
3729,0,T,1,-39006.58,-39006.58,,,false
3729,1,F,2,39006.58,39006.58,,,false
3730,0,T,1,-17532.66,-12470.21,,,false
3730,1,F,2,17532.66,12470.21,,,false
3731,0,T,1,-47902.79,-34071.15,,,false
3731,1,F,2,47902.79,34071.15,,,false
3732,0,T,1,-6971.60,-6971.60,,,false
3732,1,F,2,6971.60,6971.60,,,false
3733,0,T,1,-11050.09,-11050.09,,,false
3733,1,F,2,11050.09,11050.09,,,false
3734,0,T,1,-25881.36,-25881.36,,,false
3734,1,F,2,25881.36,25881.36,,,false
3735,0,T,1,-43385.75,-43385.75,,,false
3735,1,F,2,43385.75,43385.75,,,false
3736,0,T,1,-48110.70,-48110.70,,,false
3736,1,F,2,48110.70,48110.70,,,false
3737,0,T,1,-52186.82,-52186.82,,,false
3737,1,F,2,52186.82,52186.82,,,false
3738,0,T,1,-56687.46,-56687.46,,,false
3738,1,F,2,56687.46,56687.46,,,false
3739,0,T,1,-14087.70,-14087.70,,,false
3739,1,F,2,14087.70,14087.70,,,false
3740,0,T,1,-45296.39,-32447.21,,,false
3740,1,F,2,45296.39,32447.21,,,false
3741,0,T,1,-21226.56,-15205.24,,,false
3741,1,F,2,21226.56,15205.24,,,false
3742,0,T,1,-19034.27,-19034.27,,,false
3742,1,F,2,19034.27,19034.27,,,false
3743,0,T,1,-6546.94,-6546.94,,,false
3743,1,F,2,6546.94,6546.94,,,false
3744,0,T,1,-19513.83,-19513.83,,,false
3744,1,F,2,19513.83,19513.83,,,false
3745,0,T,1,-7915.45,-7915.45,,,false
3745,1,F,2,7915.45,7915.45,,,false
3746,0,T,1,-17223.11,-17223.11,,,false
3746,1,F,2,17223.11,17223.11,,,false
3747,0,T,1,-71441.54,-71441.54,,,false
3747,1,F,2,71441.54,71441.54,,,false
3748,0,T,1,-85902.28,-85902.28,,,false
3748,1,F,2,85902.28,85902.28,,,false
3749,0,T,1,-12300.14,-12300.14,,,false
3749,1,F,2,12300.14,12300.14,,,false
3750,0,T,1,-31932.44,-31932.44,,,false
3750,1,F,2,31932.44,31932.44,,,false
3751,0,T,1,-43735.98,-31657.50,,,false
3751,1,F,2,43735.98,31657.50,,,false
3752,0,T,1,-39446.25,-28552.46,,,false
3752,1,F,2,39446.25,28552.46,,,false
3753,0,T,1,-11571.67,-11571.67,,,false
3753,1,F,2,11571.67,11571.67,,,false
3754,0,T,1,-19325.35,-19325.35,,,false
3754,1,F,2,19325.35,19325.35,,,false
3755,0,T,1,-57312.90,-57312.90,,,false
3755,1,F,2,57312.90,57312.90,,,false
3756,0,T,1,-63574.63,-63574.63,,,false
3756,1,F,2,63574.63,63574.63,,,false
3757,0,T,1,-72577.79,-72577.79,,,false
3757,1,F,2,72577.79,72577.79,,,false
3758,0,T,1,-31805.12,-31805.12,,,false
3758,1,F,2,31805.12,31805.12,,,false
3759,0,T,1,-16431.18,-16431.18,,,false
3759,1,F,2,16431.18,16431.18,,,false
3760,0,T,1,-21482.77,-15471.14,,,false
3760,1,F,2,21482.77,15471.14,,,false
3761,0,T,1,-24276.41,-17483.02,,,false
3761,1,F,2,24276.41,17483.02,,,false
3762,0,T,1,-12611.31,-12611.31,,,false
3762,1,F,2,12611.31,12611.31,,,false
3763,0,T,1,-8306.24,-8306.24,,,false
3763,1,F,2,8306.24,8306.24,,,false
3764,0,T,1,-14252.28,-14252.28,,,false
3764,1,F,2,14252.28,14252.28,,,false
3765,0,T,1,-6802.66,-6802.66,,,false
3765,1,F,2,6802.66,6802.66,,,false
3766,0,T,1,-42903.55,-42903.55,,,false
3766,1,F,2,42903.55,42903.55,,,false
3767,0,T,1,-76959.82,-76959.82,,,false
3767,1,F,2,76959.82,76959.82,,,false
3768,0,T,1,-57653.13,-57653.13,,,false
3768,1,F,2,57653.13,57653.13,,,false
3769,0,T,1,-41425.10,-41425.10,,,false
3769,1,F,2,41425.10,41425.10,,,false
3770,0,T,1,-32048.66,-32048.66,,,false
3770,1,F,2,32048.66,32048.66,,,false
3771,0,T,1,-44157.31,-31613.23,,,false
3771,1,F,2,44157.31,31613.23,,,false
3772,0,T,1,-65989.72,-47243.56,,,false
3772,1,F,2,65989.72,47243.56,,,false
3773,0,T,1,-5737.05,-5737.05,,,false
3773,1,F,2,5737.05,5737.05,,,false
3774,0,T,1,-13045.11,-13045.11,,,false
3774,1,F,2,13045.11,13045.11,,,false
3775,0,T,1,-13121.08,-13121.08,,,false
3775,1,F,2,13121.08,13121.08,,,false
3776,0,T,1,-22095.28,-22095.28,,,false
3776,1,F,2,22095.28,22095.28,,,false
3777,0,T,1,-74502.94,-74502.94,,,false
3777,1,F,2,74502.94,74502.94,,,false
3778,0,T,1,-71071.25,-71071.25,,,false
3778,1,F,2,71071.25,71071.25,,,false
3779,0,T,1,-53979.15,-53979.15,,,false
3779,1,F,2,53979.15,53979.15,,,false
3780,0,T,1,-23177.07,-16617.06,,,false
3780,1,F,2,23177.07,16617.06,,,false
3781,0,T,1,-12540.57,-12540.57,,,false
3781,1,F,2,12540.57,12540.57,,,false
3782,0,T,1,-9091.29,-9091.29,,,false
3782,1,F,2,9091.29,9091.29,,,false
3783,0,T,1,-18638.61,-18638.61,,,false
3783,1,F,2,18638.61,18638.61,,,false
3784,0,T,1,-8347.08,-8347.08,,,false
3784,1,F,2,8347.08,8347.08,,,false
3785,0,T,1,-33023.38,-33023.38,,,false
3785,1,F,2,33023.38,33023.38,,,false
3786,0,T,1,-72708.47,-72708.47,,,false
3786,1,F,2,72708.47,72708.47,,,false
3787,0,T,1,-73987.73,-73987.73,,,false
3787,1,F,2,73987.73,73987.73,,,false
3788,0,T,1,-33526.99,-33526.99,,,false
3788,1,F,2,33526.99,33526.99,,,false
3789,0,T,1,-51506.82,-51506.82,,,false
3789,1,F,2,51506.82,51506.82,,,false
3790,0,T,1,-27672.43,-19720.76,,,false
3790,1,F,2,27672.43,19720.76,,,false
3791,0,T,1,-46756.72,-33321.18,,,false
3791,1,F,2,46756.72,33321.18,,,false
3792,0,T,1,-5785.10,-5785.10,,,false
3792,1,F,2,5785.10,5785.10,,,false
3793,0,T,1,-13923.59,-13923.59,,,false
3793,1,F,2,13923.59,13923.59,,,false
3794,0,T,1,-64800.61,-64800.61,,,false
3794,1,F,2,64800.61,64800.61,,,false
3795,0,T,1,-51509.72,-51509.72,,,false
3795,1,F,2,51509.72,51509.72,,,false
3796,0,T,1,-29489.91,-29489.91,,,false
3796,1,F,2,29489.91,29489.91,,,false
3797,0,T,1,-90230.03,-90230.03,,,false
3797,1,F,2,90230.03,90230.03,,,false
3798,0,T,1,-7738.39,-7738.39,,,false
3798,1,F,2,7738.39,7738.39,,,false
3799,0,T,1,-49706.36,-35837.29,,,false
3799,1,F,2,49706.36,35837.29,,,false
3800,0,T,1,-20722.53,-14940.53,,,false
3800,1,F,2,20722.53,14940.53,,,false
3801,0,T,1,-13640.78,-13640.78,,,false
3801,1,F,2,13640.78,13640.78,,,false
3802,0,T,1,-8383.06,-8383.06,,,false
3802,1,F,2,8383.06,8383.06,,,false
3803,0,T,1,-20816.33,-20816.33,,,false
3803,1,F,2,20816.33,20816.33,,,false
3804,0,T,1,-11604.57,-11604.57,,,false
3804,1,F,2,11604.57,11604.57,,,false
3805,0,T,1,-79293.92,-79293.92,,,false
3805,1,F,2,79293.92,79293.92,,,false
3806,0,T,1,-123331.05,-123331.05,,,false
3806,1,F,2,123331.05,123331.05,,,false
3807,0,T,1,-21208.99,-21208.99,,,false
3807,1,F,2,21208.99,21208.99,,,false
3808,0,T,1,-46133.56,-46133.56,,,false
3808,1,F,2,46133.56,46133.56,,,false
3809,0,T,1,-50633.06,-37151.35,,,false
3809,1,F,2,50633.06,37151.35,,,false
3810,0,T,1,-44868.69,-32921.82,,,false
3810,1,F,2,44868.69,32921.82,,,false
3811,0,T,1,-4493.22,-4493.22,,,false
3811,1,F,2,4493.22,4493.22,,,false
3812,0,T,1,-21650.41,-21650.41,,,false
3812,1,F,2,21650.41,21650.41,,,false
3813,0,T,1,-17076.23,-17076.23,,,false
3813,1,F,2,17076.23,17076.23,,,false
3814,0,T,1,-71547.02,-71547.02,,,false
3814,1,F,2,71547.02,71547.02,,,false
3815,0,T,1,-68352.92,-68352.92,,,false
3815,1,F,2,68352.92,68352.92,,,false
3816,0,T,1,-54333.37,-54333.37,,,false
3816,1,F,2,54333.37,54333.37,,,false
3817,0,T,1,-72194.65,-72194.65,,,false
3817,1,F,2,72194.65,72194.65,,,false
3818,0,T,1,-6686.87,-6686.87,,,false
3818,1,F,2,6686.87,6686.87,,,false
3819,0,T,1,-32816.44,-23723.20,,,false
3819,1,F,2,32816.44,23723.20,,,false
3820,0,T,1,-26584.66,-19218.21,,,false
3820,1,F,2,26584.66,19218.21,,,false
3821,0,T,1,-5696.27,-5696.27,,,false
3821,1,F,2,5696.27,5696.27,,,false
3822,0,T,1,-18468.19,-18468.19,,,false
3822,1,F,2,18468.19,18468.19,,,false
3823,0,T,1,-10318.12,-10318.12,,,false
3823,1,F,2,10318.12,10318.12,,,false
3824,0,T,1,-8663.03,-8663.03,,,false
3824,1,F,2,8663.03,8663.03,,,false
3825,0,T,1,-24770.56,-24770.56,,,false
3825,1,F,2,24770.56,24770.56,,,false
3826,0,T,1,-18997.68,-18997.68,,,false
3826,1,F,2,18997.68,18997.68,,,false
3827,0,T,1,-69374.13,-69374.13,,,false
3827,1,F,2,69374.13,69374.13,,,false
3828,0,T,1,-80349.28,-80349.28,,,false
3828,1,F,2,80349.28,80349.28,,,false
3829,0,T,1,-25901.01,-25901.01,,,false
3829,1,F,2,25901.01,25901.01,,,false
3830,0,T,1,-46201.81,-46201.81,,,false
3830,1,F,2,46201.81,46201.81,,,false
3831,0,T,1,-15411.66,-11055.29,,,false
3831,1,F,2,15411.66,11055.29,,,false
3832,0,T,1,-70626.50,-50662.72,,,false
3832,1,F,2,70626.50,50662.72,,,false
3833,0,T,1,-11910.74,-11910.74,,,false
3833,1,F,2,11910.74,11910.74,,,false
3834,0,T,1,-82083.40,-82083.40,,,false
3834,1,F,2,82083.40,82083.40,,,false
3835,0,T,1,-70678.39,-70678.39,,,false
3835,1,F,2,70678.39,70678.39,,,false
3836,0,T,1,-51425.64,-51425.64,,,false
3836,1,F,2,51425.64,51425.64,,,false
3837,0,T,1,-56779.24,-56779.24,,,false
3837,1,F,2,56779.24,56779.24,,,false
3838,0,T,1,-59333.27,-42481.38,,,false
3838,1,F,2,59333.27,42481.38,,,false
3839,0,T,1,-7714.99,-7714.99,,,false
3839,1,F,2,7714.99,7714.99,,,false
3840,0,T,1,-10766.50,-10766.50,,,false
3840,1,F,2,10766.50,10766.50,,,false
3841,0,T,1,-8212.33,-8212.33,,,false
3841,1,F,2,8212.33,8212.33,,,false
3842,0,T,1,-27651.12,-27651.12,,,false
3842,1,F,2,27651.12,27651.12,,,false
3843,0,T,1,-40812.14,-40812.14,,,false
3843,1,F,2,40812.14,40812.14,,,false
3844,0,T,1,-74308.67,-74308.67,,,false
3844,1,F,2,74308.67,74308.67,,,false
3845,0,T,1,-52151.42,-52151.42,,,false
3845,1,F,2,52151.42,52151.42,,,false
3846,0,T,1,-45491.43,-45491.43,,,false
3846,1,F,2,45491.43,45491.43,,,false
3847,0,T,1,-50933.50,-50933.50,,,false
3847,1,F,2,50933.50,50933.50,,,false
3848,0,T,1,-27617.23,-19872.92,,,false
3848,1,F,2,27617.23,19872.92,,,false
3849,0,T,1,-60620.80,-43621.76,,,false
3849,1,F,2,60620.80,43621.76,,,false
3850,0,T,1,-13619.09,-13619.09,,,false
3850,1,F,2,13619.09,13619.09,,,false
3851,0,T,1,-18548.03,-18548.03,,,false
3851,1,F,2,18548.03,18548.03,,,false
3852,0,T,1,-50868.77,-50868.77,,,false
3852,1,F,2,50868.77,50868.77,,,false
3853,0,T,1,-64044.76,-64044.76,,,false
3853,1,F,2,64044.76,64044.76,,,false
3854,0,T,1,-84014.75,-84014.75,,,false
3854,1,F,2,84014.75,84014.75,,,false
3855,0,T,1,-31954.67,-31954.67,,,false
3855,1,F,2,31954.67,31954.67,,,false
3856,0,T,1,-6030.23,-6030.23,,,false
3856,1,F,2,6030.23,6030.23,,,false
3857,0,T,1,-52887.34,-38151.87,,,false
3857,1,F,2,52887.34,38151.87,,,false
3858,0,T,1,-14281.31,-14281.31,,,false
3858,1,F,2,14281.31,14281.31,,,false
3859,0,T,1,-10365.77,-10365.77,,,false
3859,1,F,2,10365.77,10365.77,,,false
3860,0,T,1,-8003.07,-8003.07,,,false
3860,1,F,2,8003.07,8003.07,,,false
3861,0,T,1,-16638.25,-16638.25,,,false
3861,1,F,2,16638.25,16638.25,,,false
3862,0,T,1,-72984.94,-72984.94,,,false
3862,1,F,2,72984.94,72984.94,,,false
3863,0,T,1,-94201.52,-94201.52,,,false
3863,1,F,2,94201.52,94201.52,,,false
3864,0,T,1,-55550.26,-55550.26,,,false
3864,1,F,2,55550.26,55550.26,,,false
3865,0,T,1,-63119.55,-63119.55,,,false
3865,1,F,2,63119.55,63119.55,,,false
3866,0,T,1,-47118.41,-47118.41,,,false
3866,1,F,2,47118.41,47118.41,,,false
3867,0,T,1,-73280.65,-52321.07,,,false
3867,1,F,2,73280.65,52321.07,,,false
3868,0,T,1,-75093.73,-53615.57,,,false
3868,1,F,2,75093.73,53615.57,,,false
3869,0,T,1,-7072.14,-7072.14,,,false
3869,1,F,2,7072.14,7072.14,,,false
3870,0,T,1,-12822.63,-12822.63,,,false
3870,1,F,2,12822.63,12822.63,,,false
3871,0,T,1,-21154.71,-21154.71,,,false
3871,1,F,2,21154.71,21154.71,,,false
3872,0,T,1,-22730.92,-22730.92,,,false
3872,1,F,2,22730.92,22730.92,,,false
3873,0,T,1,-74568.42,-74568.42,,,false
3873,1,F,2,74568.42,74568.42,,,false
3874,0,T,1,-125131.13,-125131.13,,,false
3874,1,F,2,125131.13,125131.13,,,false
3875,0,T,1,-60976.65,-60976.65,,,false
3875,1,F,2,60976.65,60976.65,,,false
3876,0,T,1,-7813.33,-7813.33,,,false
3876,1,F,2,7813.33,7813.33,,,false
3877,0,T,1,-7665.66,-7665.66,,,false
3877,1,F,2,7665.66,7665.66,,,false
3878,0,T,1,-8371.26,-8371.26,,,false
3878,1,F,2,8371.26,8371.26,,,false
3879,0,T,1,-58483.23,-58483.23,,,false
3879,1,F,2,58483.23,58483.23,,,false
3880,0,T,1,-80307.27,-80307.27,,,false
3880,1,F,2,80307.27,80307.27,,,false
3881,0,T,1,-27909.01,-27909.01,,,false
3881,1,F,2,27909.01,27909.01,,,false
3882,0,T,1,-51823.10,-51823.10,,,false
3882,1,F,2,51823.10,51823.10,,,false
3883,0,T,1,-58475.32,-58475.32,,,false
3883,1,F,2,58475.32,58475.32,,,false
3884,0,T,1,-22083.14,-15770.10,,,false
3884,1,F,2,22083.14,15770.10,,,false
3885,0,T,1,-75740.88,-54088.38,,,false
3885,1,F,2,75740.88,54088.38,,,false
3886,0,T,1,-13839.26,-13839.26,,,false
3886,1,F,2,13839.26,13839.26,,,false
3887,0,T,1,-11438.23,-11438.23,,,false
3887,1,F,2,11438.23,11438.23,,,false
3888,0,T,1,-17601.41,-17601.41,,,false
3888,1,F,2,17601.41,17601.41,,,false
3889,0,T,1,-15968.48,-15968.48,,,false
3889,1,F,2,15968.48,15968.48,,,false
3890,0,T,1,-35510.52,-35510.52,,,false
3890,1,F,2,35510.52,35510.52,,,false
3891,0,T,1,-81851.36,-81851.36,,,false
3891,1,F,2,81851.36,81851.36,,,false
3892,0,T,1,-103519.87,-103519.87,,,false
3892,1,F,2,103519.87,103519.87,,,false
3893,0,T,1,-45195.91,-45195.91,,,false
3893,1,F,2,45195.91,45195.91,,,false
3894,0,T,1,-34493.74,-34493.74,,,false
3894,1,F,2,34493.74,34493.74,,,false
3895,0,T,1,-52701.71,-37805.52,,,false
3895,1,F,2,52701.71,37805.52,,,false
3896,0,T,1,-17928.42,-17928.42,,,false
3896,1,F,2,17928.42,17928.42,,,false
3897,0,T,1,-15028.85,-15028.85,,,false
3897,1,F,2,15028.85,15028.85,,,false
3898,0,T,1,-7234.32,-7234.32,,,false
3898,1,F,2,7234.32,7234.32,,,false
3899,0,T,1,-73249.43,-73249.43,,,false
3899,1,F,2,73249.43,73249.43,,,false
3900,0,T,1,-87036.46,-87036.46,,,false
3900,1,F,2,87036.46,87036.46,,,false
3901,0,T,1,-43520.43,-43520.43,,,false
3901,1,F,2,43520.43,43520.43,,,false
3902,0,T,1,-39611.03,-39611.03,,,false
3902,1,F,2,39611.03,39611.03,,,false
3903,0,T,1,-22032.35,-22032.35,,,false
3903,1,F,2,22032.35,22032.35,,,false
3904,0,T,1,-94658.95,-67207.85,,,false
3904,1,F,2,94658.95,67207.85,,,false
3905,0,T,1,-42440.29,-30132.61,,,false
3905,1,F,2,42440.29,30132.61,,,false
3906,0,T,1,-6311.37,-6311.37,,,false
3906,1,F,2,6311.37,6311.37,,,false
3907,0,T,1,-9010.18,-9010.18,,,false
3907,1,F,2,9010.18,9010.18,,,false
3908,0,T,1,-21392.02,-21392.02,,,false
3908,1,F,2,21392.02,21392.02,,,false
3909,0,T,1,-19971.23,-19971.23,,,false
3909,1,F,2,19971.23,19971.23,,,false
3910,0,T,1,-93903.94,-93903.94,,,false
3910,1,F,2,93903.94,93903.94,,,false
3911,0,T,1,-32140.16,-32140.16,,,false
3911,1,F,2,32140.16,32140.16,,,false
3912,0,T,1,-89339.44,-89339.44,,,false
3912,1,F,2,89339.44,89339.44,,,false
3913,0,T,1,-30628.85,-30628.85,,,false
3913,1,F,2,30628.85,30628.85,,,false
3914,0,T,1,-30826.59,-21886.88,,,false
3914,1,F,2,30826.59,21886.88,,,false
3915,0,T,1,-26187.73,-26187.73,,,false
3915,1,F,2,26187.73,26187.73,,,false
3916,0,T,1,-15573.80,-15573.80,,,false
3916,1,F,2,15573.80,15573.80,,,false
3917,0,T,1,-7967.65,-7967.65,,,false
3917,1,F,2,7967.65,7967.65,,,false
3918,0,T,1,-29806.96,-29806.96,,,false
3918,1,F,2,29806.96,29806.96,,,false
3919,0,T,1,-60157.40,-60157.40,,,false
3919,1,F,2,60157.40,60157.40,,,false
3920,0,T,1,-87075.32,-87075.32,,,false
3920,1,F,2,87075.32,87075.32,,,false
3921,0,T,1,-134396.90,-134396.90,,,false
3921,1,F,2,134396.90,134396.90,,,false
3922,0,T,1,-18207.39,-18207.39,,,false
3922,1,F,2,18207.39,18207.39,,,false
3923,0,T,1,-32560.77,-32560.77,,,false
3923,1,F,2,32560.77,32560.77,,,false
3924,0,T,1,-89930.57,-63850.70,,,false
3924,1,F,2,89930.57,63850.70,,,false
3925,0,T,1,-90048.12,-63934.17,,,false
3925,1,F,2,90048.12,63934.17,,,false
3926,0,T,1,-10015.74,-10015.74,,,false
3926,1,F,2,10015.74,10015.74,,,false
3927,0,T,1,-19779.11,-19779.11,,,false
3927,1,F,2,19779.11,19779.11,,,false
3928,0,T,1,-42477.88,-42477.88,,,false
3928,1,F,2,42477.88,42477.88,,,false
3929,0,T,1,-95078.38,-95078.38,,,false
3929,1,F,2,95078.38,95078.38,,,false
3930,0,T,1,-23026.19,-23026.19,,,false
3930,1,F,2,23026.19,23026.19,,,false
3931,0,T,1,-78300.41,-78300.41,,,false
3931,1,F,2,78300.41,78300.41,,,false
3932,0,T,1,-7836.10,-7836.10,,,false
3932,1,F,2,7836.10,7836.10,,,false
3933,0,T,1,-11844.29,-11844.29,,,false
3933,1,F,2,11844.29,11844.29,,,false
3934,0,T,1,-9285.48,-9285.48,,,false
3934,1,F,2,9285.48,9285.48,,,false
3935,0,T,1,-21658.47,-21658.47,,,false
3935,1,F,2,21658.47,21658.47,,,false
3936,0,T,1,-13765.00,-13765.00,,,false
3936,1,F,2,13765.00,13765.00,,,false
3937,0,T,1,-98334.22,-98334.22,,,false
3937,1,F,2,98334.22,98334.22,,,false
3938,0,T,1,-146203.88,-146203.88,,,false
3938,1,F,2,146203.88,146203.88,,,false
3939,0,T,1,-34391.86,-34391.86,,,false
3939,1,F,2,34391.86,34391.86,,,false
3940,0,T,1,-71235.26,-71235.26,,,false
3940,1,F,2,71235.26,71235.26,,,false
3941,0,T,1,-77122.22,-55653.32,,,false
3941,1,F,2,77122.22,55653.32,,,false
3942,0,T,1,-78537.64,-56674.72,,,false
3942,1,F,2,78537.64,56674.72,,,false
3943,0,T,1,-24994.96,-24994.96,,,false
3943,1,F,2,24994.96,24994.96,,,false
3944,0,T,1,-11958.55,-11958.55,,,false
3944,1,F,2,11958.55,11958.55,,,false
3945,0,T,1,-15877.20,-15877.20,,,false
3945,1,F,2,15877.20,15877.20,,,false
3946,0,T,1,-91142.67,-91142.67,,,false
3946,1,F,2,91142.67,91142.67,,,false
3947,0,T,1,-123911.23,-123911.23,,,false
3947,1,F,2,123911.23,123911.23,,,false
3948,0,T,1,-131011.76,-131011.76,,,false
3948,1,F,2,131011.76,131011.76,,,false
3949,0,T,1,-24240.65,-24240.65,,,false
3949,1,F,2,24240.65,24240.65,,,false
3950,0,T,1,-20380.19,-20380.19,,,false
3950,1,F,2,20380.19,20380.19,,,false
3951,0,T,1,-28791.78,-20957.39,,,false
3951,1,F,2,28791.78,20957.39,,,false
3952,0,T,1,-15374.99,-15374.99,,,false
3952,1,F,2,15374.99,15374.99,,,false
3953,0,T,1,-17333.08,-17333.08,,,false
3953,1,F,2,17333.08,17333.08,,,false
3954,0,T,1,-8087.46,-8087.46,,,false
3954,1,F,2,8087.46,8087.46,,,false
3955,0,T,1,-53459.47,-53459.47,,,false
3955,1,F,2,53459.47,53459.47,,,false
3956,0,T,1,-54273.21,-54273.21,,,false
3956,1,F,2,54273.21,54273.21,,,false
3957,0,T,1,-59361.85,-59361.85,,,false
3957,1,F,2,59361.85,59361.85,,,false
3958,0,T,1,-78830.92,-78830.92,,,false
3958,1,F,2,78830.92,78830.92,,,false
3959,0,T,1,-41025.86,-41025.86,,,false
3959,1,F,2,41025.86,41025.86,,,false
3960,0,T,1,-60115.53,-43869.67,,,false
3960,1,F,2,60115.53,43869.67,,,false
3961,0,T,1,-83198.52,-60714.62,,,false
3961,1,F,2,83198.52,60714.62,,,false
3962,0,T,1,-9448.86,-9448.86,,,false
3962,1,F,2,9448.86,9448.86,,,false
3963,0,T,1,-10161.66,-10161.66,,,false
3963,1,F,2,10161.66,10161.66,,,false
3964,0,T,1,-19283.24,-19283.24,,,false
3964,1,F,2,19283.24,19283.24,,,false
3965,0,T,1,-10584.80,-10584.80,,,false
3965,1,F,2,10584.80,10584.80,,,false
3966,0,T,1,-66492.16,-66492.16,,,false
3966,1,F,2,66492.16,66492.16,,,false
3967,0,T,1,-151790.59,-151790.59,,,false
3967,1,F,2,151790.59,151790.59,,,false
3968,0,T,1,-55973.55,-55973.55,,,false
3968,1,F,2,55973.55,55973.55,,,false
3969,0,T,1,-97077.82,-97077.82,,,false
3969,1,F,2,97077.82,97077.82,,,false
3970,0,T,1,-28951.73,-28951.73,,,false
3970,1,F,2,28951.73,28951.73,,,false
3971,0,T,1,-23458.54,-17177.26,,,false
3971,1,F,2,23458.54,17177.26,,,false
3972,0,T,1,-19189.10,-14051.01,,,false
3972,1,F,2,19189.10,14051.01,,,false
3973,0,T,1,-10677.70,-10677.70,,,false
3973,1,F,2,10677.70,10677.70,,,false
3974,0,T,1,-8887.93,-8887.93,,,false
3974,1,F,2,8887.93,8887.93,,,false
3975,0,T,1,-19515.79,-19515.79,,,false
3975,1,F,2,19515.79,19515.79,,,false
3976,0,T,1,-7028.80,-7028.80,,,false
3976,1,F,2,7028.80,7028.80,,,false
3977,0,T,1,-16958.59,-16958.59,,,false
3977,1,F,2,16958.59,16958.59,,,false
3978,0,T,1,-18393.37,-18393.37,,,false
3978,1,F,2,18393.37,18393.37,,,false
3979,0,T,1,-45689.17,-45689.17,,,false
3979,1,F,2,45689.17,45689.17,,,false
3980,0,T,1,-90452.98,-90452.98,,,false
3980,1,F,2,90452.98,90452.98,,,false
3981,0,T,1,-43712.98,-43712.98,,,false
3981,1,F,2,43712.98,43712.98,,,false
3982,0,T,1,-38845.44,-38845.44,,,false
3982,1,F,2,38845.44,38845.44,,,false
3983,0,T,1,-71700.18,-51385.22,,,false
3983,1,F,2,71700.18,51385.22,,,false
3984,0,T,1,-79820.00,-57204.44,,,false
3984,1,F,2,79820.00,57204.44,,,false
3985,0,T,1,-16567.22,-16567.22,,,false
3985,1,F,2,16567.22,16567.22,,,false
3986,0,T,1,-15489.11,-15489.11,,,false
3986,1,F,2,15489.11,15489.11,,,false
3987,0,T,1,-15874.34,-15874.34,,,false
3987,1,F,2,15874.34,15874.34,,,false
3988,0,T,1,-91271.73,-91271.73,,,false
3988,1,F,2,91271.73,91271.73,,,false
3989,0,T,1,-45854.37,-45854.37,,,false
3989,1,F,2,45854.37,45854.37,,,false
3990,0,T,1,-92950.63,-92950.63,,,false
3990,1,F,2,92950.63,92950.63,,,false
3991,0,T,1,-77988.31,-77988.31,,,false
3991,1,F,2,77988.31,77988.31,,,false
3992,0,T,1,-42331.10,-42331.10,,,false
3992,1,F,2,42331.10,42331.10,,,false
3993,0,T,1,-21629.35,-15621.11,,,false
3993,1,F,2,21629.35,15621.11,,,false
3994,0,T,1,-19726.83,-19726.83,,,false
3994,1,F,2,19726.83,19726.83,,,false
3995,0,T,1,-15204.26,-15204.26,,,false
3995,1,F,2,15204.26,15204.26,,,false
3996,0,T,1,-21201.31,-21201.31,,,false
3996,1,F,2,21201.31,21201.31,,,false
3997,0,T,1,-9791.46,-9791.46,,,false
3997,1,F,2,9791.46,9791.46,,,false
3998,0,T,1,-65680.39,-65680.39,,,false
3998,1,F,2,65680.39,65680.39,,,false
3999,0,T,1,-154561.27,-154561.27,,,false
3999,1,F,2,154561.27,154561.27,,,false
4000,0,T,1,-86268.52,-86268.52,,,false
4000,1,F,2,86268.52,86268.52,,,false
4001,0,T,1,-13984.84,-13984.84,,,false
4001,1,F,2,13984.84,13984.84,,,false
4002,0,T,1,-22890.63,-22890.63,,,false
4002,1,F,2,22890.63,22890.63,,,false
4003,0,T,1,-71730.88,-51464.25,,,false
4003,1,F,2,71730.88,51464.25,,,false
4004,0,T,1,-92022.08,-66022.44,,,false
4004,1,F,2,92022.08,66022.44,,,false
4005,0,T,1,-6134.56,-6134.56,,,false
4005,1,F,2,6134.56,6134.56,,,false
4006,0,T,1,-10039.28,-10039.28,,,false
4006,1,F,2,10039.28,10039.28,,,false
4007,0,T,1,-32870.70,-32870.70,,,false
4007,1,F,2,32870.70,32870.70,,,false
4008,0,T,1,-48096.58,-48096.58,,,false
4008,1,F,2,48096.58,48096.58,,,false
4009,0,T,1,-68350.29,-68350.29,,,false
4009,1,F,2,68350.29,68350.29,,,false
4010,0,T,1,-121858.85,-121858.85,,,false
4010,1,F,2,121858.85,121858.85,,,false
4011,0,T,1,-47953.62,-47953.62,,,false
4011,1,F,2,47953.62,47953.62,,,false
4012,0,T,1,-40600.10,-40600.10,,,false
4012,1,F,2,40600.10,40600.10,,,false
4013,0,T,1,-31112.20,-22089.66,,,false
4013,1,F,2,31112.20,22089.66,,,false
4014,0,T,1,-10691.37,-10691.37,,,false
4014,1,F,2,10691.37,10691.37,,,false
4015,0,T,1,-10742.65,-10742.65,,,false
4015,1,F,2,10742.65,10742.65,,,false
4016,0,T,1,-9253.71,-9253.71,,,true
4016,1,F,2,9253.71,9253.71,,,true
4017,0,T,1,-7828.36,-7828.36,,,false
4017,1,F,2,7828.36,7828.36,,,false
4018,0,T,1,-43887.36,-43887.36,,,false
4018,1,F,2,43887.36,43887.36,,,false
4019,0,T,1,-82217.70,-82217.70,,,false
4019,1,F,2,82217.70,82217.70,,,false
4020,0,T,1,-82723.19,-82723.19,,,false
4020,1,F,2,82723.19,82723.19,,,false
4021,0,T,1,-52121.46,-52121.46,,,false
4021,1,F,2,52121.46,52121.46,,,false
4022,0,T,1,-27357.73,-27357.73,,,false
4022,1,F,2,27357.73,27357.73,,,false
4023,0,T,1,-74267.19,-53157.19,,,false
4023,1,F,2,74267.19,53157.19,,,false
4024,0,T,1,-69555.60,-49784.84,,,false
4024,1,F,2,69555.60,49784.84,,,false
4025,0,T,1,-17691.69,-17691.69,,,false
4025,1,F,2,17691.69,17691.69,,,false
4026,0,T,1,-14074.31,-14074.31,,,false
4026,1,F,2,14074.31,14074.31,,,false
4027,0,T,1,-73007.11,-73007.11,,,false
4027,1,F,2,73007.11,73007.11,,,false
4028,0,T,1,-78404.34,-78404.34,,,false
4028,1,F,2,78404.34,78404.34,,,false
4029,0,T,1,-115067.06,-115067.06,,,false
4029,1,F,2,115067.06,115067.06,,,false
4030,0,T,1,-35703.10,-35703.10,,,false
4030,1,F,2,35703.10,35703.10,,,false
4031,0,T,1,-10676.95,-10676.95,,,false
4031,1,F,2,10676.95,10676.95,,,false
4032,0,T,1,-10906.90,-10906.90,,,false
4032,1,F,2,10906.90,10906.90,,,false
4033,0,T,1,-25370.17,-25370.17,,,false
4033,1,F,2,25370.17,25370.17,,,false
4034,0,T,1,-8059.28,-8059.28,,,false
4034,1,F,2,8059.28,8059.28,,,false
4035,0,T,1,-16110.02,-16110.02,,,false
4035,1,F,2,16110.02,16110.02,,,false
4036,0,T,1,-63062.46,-63062.46,,,false
4036,1,F,2,63062.46,63062.46,,,false
4037,0,T,1,-141795.78,-141795.78,,,false
4037,1,F,2,141795.78,141795.78,,,false
4038,0,T,1,-67823.61,-67823.61,,,false
4038,1,F,2,67823.61,67823.61,,,false
4039,0,T,1,-39521.93,-39521.93,,,false
4039,1,F,2,39521.93,39521.93,,,false
4040,0,T,1,-55204.69,-55204.69,,,false
4040,1,F,2,55204.69,55204.69,,,false
4041,0,T,1,-111802.42,-80258.93,,,false
4041,1,F,2,111802.42,80258.93,,,false
4042,0,T,1,-100854.03,-72399.48,,,false
4042,1,F,2,100854.03,72399.48,,,false
4043,0,T,1,-17094.96,-17094.96,,,false
4043,1,F,2,17094.96,17094.96,,,false
4044,0,T,1,-10268.34,-10268.34,,,false
4044,1,F,2,10268.34,10268.34,,,false
4045,0,T,1,-53905.55,-53905.55,,,false
4045,1,F,2,53905.55,53905.55,,,false
4046,0,T,1,-133200.38,-133200.38,,,false
4046,1,F,2,133200.38,133200.38,,,false
4047,0,T,1,-28024.06,-28024.06,,,false
4047,1,F,2,28024.06,28024.06,,,false
4048,0,T,1,-78237.00,-78237.00,,,false
4048,1,F,2,78237.00,78237.00,,,false
4049,0,T,1,-22587.44,-16524.90,,,false
4049,1,F,2,22587.44,16524.90,,,false
4050,0,T,1,-27562.19,-27562.19,,,false
4050,1,F,2,27562.19,27562.19,,,false
4051,0,T,1,-27015.12,-27015.12,,,false
4051,1,F,2,27015.12,27015.12,,,false
4052,0,T,1,-9218.55,-9218.55,,,false
4052,1,F,2,9218.55,9218.55,,,false
4053,0,T,1,-24522.03,-24522.03,,,false
4053,1,F,2,24522.03,24522.03,,,false
4054,0,T,1,-105175.86,-105175.86,,,false
4054,1,F,2,105175.86,105175.86,,,false
4055,0,T,1,-49121.01,-49121.01,,,false
4055,1,F,2,49121.01,49121.01,,,false
4056,0,T,1,-136579.50,-136579.50,,,false
4056,1,F,2,136579.50,136579.50,,,false
4057,0,T,1,-35924.01,-35924.01,,,false
4057,1,F,2,35924.01,35924.01,,,false
4058,0,T,1,-70578.40,-70578.40,,,false
4058,1,F,2,70578.40,70578.40,,,false
4059,0,T,1,-100935.73,-73023.77,,,false
4059,1,F,2,100935.73,73023.77,,,false
4060,0,T,1,-91502.80,-66199.35,,,false
4060,1,F,2,91502.80,66199.35,,,false
4061,0,T,1,-8849.99,-8849.99,,,false
4061,1,F,2,8849.99,8849.99,,,false
4062,0,T,1,-20800.96,-20800.96,,,false
4062,1,F,2,20800.96,20800.96,,,false
4063,0,T,1,-64791.77,-64791.77,,,false
4063,1,F,2,64791.77,64791.77,,,false
4064,0,T,1,-115864.44,-115864.44,,,false
4064,1,F,2,115864.44,115864.44,,,false
4065,0,T,1,-24260.02,-24260.02,,,false
4065,1,F,2,24260.02,24260.02,,,false
4066,0,T,1,-13905.09,-13905.09,,,false
4066,1,F,2,13905.09,13905.09,,,false
4067,0,T,1,-19573.13,-19573.13,,,false
4067,1,F,2,19573.13,19573.13,,,false
4068,0,T,1,-7537.58,-7537.58,,,false
4068,1,F,2,7537.58,7537.58,,,false
4069,0,T,1,-23221.10,-23221.10,,,false
4069,1,F,2,23221.10,23221.10,,,false
4070,0,T,1,-66260.02,-66260.02,,,false
4070,1,F,2,66260.02,66260.02,,,false
4071,0,T,1,-150793.96,-150793.96,,,false
4071,1,F,2,150793.96,150793.96,,,false
4072,0,T,1,-75371.74,-75371.74,,,false
4072,1,F,2,75371.74,75371.74,,,false
4073,0,T,1,-111407.37,-111407.37,,,false
4073,1,F,2,111407.37,111407.37,,,false
4074,0,T,1,-62218.85,-62218.85,,,false
4074,1,F,2,62218.85,62218.85,,,false
4075,0,T,1,-71186.85,-51315.47,,,false
4075,1,F,2,71186.85,51315.47,,,false
4076,0,T,1,-97193.29,-70062.37,,,false
4076,1,F,2,97193.29,70062.37,,,false
4077,0,T,1,-6755.59,-6755.59,,,false
4077,1,F,2,6755.59,6755.59,,,false
4078,0,T,1,-25387.63,-25387.63,,,false
4078,1,F,2,25387.63,25387.63,,,false
4079,0,T,1,-20832.26,-20832.26,,,false
4079,1,F,2,20832.26,20832.26,,,false
4080,0,T,1,-42304.92,-42304.92,,,false
4080,1,F,2,42304.92,42304.92,,,false
4081,0,T,1,-129126.79,-129126.79,,,false
4081,1,F,2,129126.79,129126.79,,,false
4082,0,T,1,-108014.34,-108014.34,,,false
4082,1,F,2,108014.34,108014.34,,,false
4083,0,T,1,-63754.31,-63754.31,,,false
4083,1,F,2,63754.31,63754.31,,,false
4084,0,T,1,-58751.95,-58751.95,,,false
4084,1,F,2,58751.95,58751.95,,,false
4085,0,T,1,-41045.76,-29187.48,,,false
4085,1,F,2,41045.76,29187.48,,,false
4086,0,T,1,-7522.05,-7522.05,,,false
4086,1,F,2,7522.05,7522.05,,,false
4087,0,T,1,-21789.43,-21789.43,,,false
4087,1,F,2,21789.43,21789.43,,,false
4088,0,T,1,-15168.54,-15168.54,,,false
4088,1,F,2,15168.54,15168.54,,,false
4089,0,T,1,-8198.26,-8198.26,,,false
4089,1,F,2,8198.26,8198.26,,,false
4090,0,T,1,-23720.34,-23720.34,,,false
4090,1,F,2,23720.34,23720.34,,,false
4091,0,T,1,-75433.14,-75433.14,,,true
4091,1,F,2,75433.14,75433.14,,,true
4092,0,T,1,-76066.68,-76066.68,,,false
4092,1,F,2,76066.68,76066.68,,,false
4093,0,T,1,-74894.07,-74894.07,,,false
4093,1,F,2,74894.07,74894.07,,,false
4094,0,T,1,-12584.07,-12584.07,,,false
4094,1,F,2,12584.07,12584.07,,,false
4095,0,T,1,-104909.23,-74904.25,,,false
4095,1,F,2,104909.23,74904.25,,,false
4096,0,T,1,-55953.82,-39950.52,,,false
4096,1,F,2,55953.82,39950.52,,,false
4097,0,T,1,-13468.97,-13468.97,,,false
4097,1,F,2,13468.97,13468.97,,,false
4098,0,T,1,-25838.54,-25838.54,,,false
4098,1,F,2,25838.54,25838.54,,,false
4099,0,T,1,-130707.53,-130707.53,,,false
4099,1,F,2,130707.53,130707.53,,,false
4100,0,T,1,-53821.63,-53821.63,,,false
4100,1,F,2,53821.63,53821.63,,,false
4101,0,T,1,-50300.01,-50300.01,,,false
4101,1,F,2,50300.01,50300.01,,,false
4102,0,T,1,-56280.23,-56280.23,,,false
4102,1,F,2,56280.23,56280.23,,,false
4103,0,T,1,-21016.20,-21016.20,,,false
4103,1,F,2,21016.20,21016.20,,,false
4104,0,T,1,-33166.90,-23661.47,,,false
4104,1,F,2,33166.90,23661.47,,,false
4105,0,T,1,-2980.86,-2980.86,,,false
4105,1,F,2,2980.86,2980.86,,,false
4106,0,T,1,-2204.43,-2204.43,,,false
4106,1,F,2,2204.43,2204.43,,,false
4107,0,T,1,-7372.07,-7372.07,,,false
4107,1,F,2,7372.07,7372.07,,,false
4108,0,T,1,-61796.96,-61796.96,,,false
4108,1,F,2,61796.96,61796.96,,,false
4109,0,T,1,-105763.08,-105763.08,,,false
4109,1,F,2,105763.08,105763.08,,,false
4110,0,T,1,-83033.08,-83033.08,,,false
4110,1,F,2,83033.08,83033.08,,,false
4111,0,T,1,-56764.74,-56764.74,,,false
4111,1,F,2,56764.74,56764.74,,,false
4112,0,T,1,-35264.96,-35264.96,,,false
4112,1,F,2,35264.96,35264.96,,,false
4113,0,T,1,-29953.08,-21355.29,,,false
4113,1,F,2,29953.08,21355.29,,,false
4114,0,T,1,-25398.07,-18107.76,,,false
4114,1,F,2,25398.07,18107.76,,,false
4115,0,T,1,-5858.96,-5858.96,,,false
4115,1,F,2,5858.96,5858.96,,,false
4116,0,T,1,-8067.36,-8067.36,,,false
4116,1,F,2,8067.36,8067.36,,,false
4117,0,T,1,-11651.45,-11651.45,,,false
4117,1,F,2,11651.45,11651.45,,,false
4118,0,T,1,-30266.41,-30266.41,,,false
4118,1,F,2,30266.41,30266.41,,,false
4119,0,T,1,-31426.74,-31426.74,,,false
4119,1,F,2,31426.74,31426.74,,,false
4120,0,T,1,-56133.45,-56133.45,,,false
4120,1,F,2,56133.45,56133.45,,,false
4121,0,T,1,-27124.75,-27124.75,,,false
4121,1,F,2,27124.75,27124.75,,,false
4122,0,T,1,-59542.18,-43054.35,,,false
4122,1,F,2,59542.18,43054.35,,,false
4123,0,T,1,-46720.90,-33783.42,,,false
4123,1,F,2,46720.90,33783.42,,,false
4124,0,T,1,-521.66,-521.66,,,false
4124,1,F,2,521.66,521.66,,,false
4125,0,T,1,-546.13,-546.13,,,false
4125,1,F,2,546.13,546.13,,,false
4126,0,T,1,-15500.49,-15500.49,,,false
4126,1,F,2,15500.49,15500.49,,,false
4127,0,T,1,-8398.26,-8398.26,,,false
4127,1,F,2,8398.26,8398.26,,,false
4128,0,T,1,-17058.96,-17058.96,,,false
4128,1,F,2,17058.96,17058.96,,,false
4129,0,T,1,-32957.18,-32957.18,,,false
4129,1,F,2,32957.18,32957.18,,,false
4130,0,T,1,-42656.98,-42656.98,,,false
4130,1,F,2,42656.98,42656.98,,,false
4131,0,T,1,-12973.81,-12973.81,,,false
4131,1,F,2,12973.81,12973.81,,,false
4132,0,T,1,-18695.80,-18695.80,,,false
4132,1,F,2,18695.80,18695.80,,,false
4133,0,T,1,-26727.00,-26727.00,,,false
4133,1,F,2,26727.00,26727.00,,,false
4134,0,T,1,-39616.23,-28637.38,,,false
4134,1,F,2,39616.23,28637.38,,,false
4135,0,T,1,-33829.02,-24453.98,,,false
4135,1,F,2,33829.02,24453.98,,,false
4136,0,T,1,-1762.51,-1762.51,,,false
4136,1,F,2,1762.51,1762.51,,,false
4137,0,T,1,-1423.81,-1423.81,,,false
4137,1,F,2,1423.81,1423.81,,,false
4138,0,T,1,-9963.77,-9963.77,,,false
4138,1,F,2,9963.77,9963.77,,,false
4139,0,T,1,-11483.38,-11483.38,,,false
4139,1,F,2,11483.38,11483.38,,,false
4140,0,T,1,-9203.15,-9203.15,,,false
4140,1,F,2,9203.15,9203.15,,,false
4141,0,T,1,-2642.84,-2642.84,,,false
4141,1,F,2,2642.84,2642.84,,,false
4142,0,T,1,-1790.34,-1790.34,,,false
4142,1,F,2,1790.34,1790.34,,,false
4143,0,T,1,-11415.13,-11415.13,,,false
4143,1,F,2,11415.13,11415.13,,,false
4144,0,T,1,-6747.65,-6747.65,,,false
4144,1,F,2,6747.65,6747.65,,,false
4145,0,T,1,-27334.94,-27334.94,,,false
4145,1,F,2,27334.94,27334.94,,,false
4146,0,T,1,-3048.82,-3048.82,,,false
4146,1,F,2,3048.82,3048.82,,,false
4147,0,T,1,-4268.92,-4268.92,,,false
4147,1,F,2,4268.92,4268.92,,,false
4148,0,T,1,-9418.59,-9418.59,,,false
4148,1,F,2,9418.59,9418.59,,,false
4149,0,T,1,-6422.78,-6422.78,,,false
4149,1,F,2,6422.78,6422.78,,,false
4150,0,T,1,-5792.14,-5792.14,,,false
4150,1,F,2,5792.14,5792.14,,,false
4151,0,T,1,-6713.59,-4901.92,,,false
4151,1,F,2,6713.59,4901.92,,,false
4152,0,T,1,-9607.26,-7014.73,,,false
4152,1,F,2,9607.26,7014.73,,,false
4153,0,T,1,-867.99,-867.99,,,false
4153,1,F,2,867.99,867.99,,,false
4154,0,T,1,-15699.86,-15699.86,,,false
4154,1,F,2,15699.86,15699.86,,,false
4155,0,T,1,-6473.41,-6473.41,,,false
4155,1,F,2,6473.41,6473.41,,,false
4156,0,T,1,-17188.86,-17188.86,,,false
4156,1,F,2,17188.86,17188.86,,,false
4157,0,T,1,-7094.84,-7094.84,,,false
4157,1,F,2,7094.84,7094.84,,,false
4158,0,T,1,-1547.94,-1547.94,,,false
4158,1,F,2,1547.94,1547.94,,,false
4159,0,T,1,-1345.87,-1345.87,,,false
4159,1,F,2,1345.87,1345.87,,,false
4160,0,T,1,-285.66,-285.66,,,false
4160,1,F,2,285.66,285.66,,,false
4161,0,T,1,-16685.81,-16685.81,,,false
4161,1,F,2,16685.81,16685.81,,,false
4162,0,T,1,-11220.89,-11220.89,,,false
4162,1,F,2,11220.89,11220.89,,,false
4163,0,T,1,-10114.41,-10114.41,,,false
4163,1,F,2,10114.41,10114.41,,,false
4164,0,T,1,-2972.61,-2972.61,,,false
4164,1,F,2,2972.61,2972.61,,,false
4165,0,T,1,-11384.69,-11384.69,,,false
4165,1,F,2,11384.69,11384.69,,,false
4166,0,T,1,-9752.27,-9752.27,,,false
4166,1,F,2,9752.27,9752.27,,,false
4167,0,T,1,-5410.53,-5410.53,,,false
4167,1,F,2,5410.53,5410.53,,,false
4168,0,T,1,-9810.10,-7098.87,,,false
4168,1,F,2,9810.10,7098.87,,,false
4169,0,T,1,-6591.62,-4769.89,,,false
4169,1,F,2,6591.62,4769.89,,,false
4170,0,T,1,-1525.57,-1525.57,,,false
4170,1,F,2,1525.57,1525.57,,,false
4171,0,T,1,-2038.00,-2038.00,,,false
4171,1,F,2,2038.00,2038.00,,,false
4172,0,T,1,-13190.77,-13190.77,,,false
4172,1,F,2,13190.77,13190.77,,,false
4173,0,T,1,-4103.50,-4103.50,,,false
4173,1,F,2,4103.50,4103.50,,,false
4174,0,T,1,-11756.48,-11756.48,,,false
4174,1,F,2,11756.48,11756.48,,,false
4175,0,T,1,-6155.66,-6155.66,,,false
4175,1,F,2,6155.66,6155.66,,,false
4176,0,T,1,-7149.85,-7149.85,,,false
4176,1,F,2,7149.85,7149.85,,,false
4177,0,T,1,-4205.42,-4205.42,,,false
4177,1,F,2,4205.42,4205.42,,,false
4178,0,T,1,-3074.76,-2216.74,,,false
4178,1,F,2,3074.76,2216.74,,,false
4179,0,T,1,-1771.93,-1771.93,,,false
4179,1,F,2,1771.93,1771.93,,,false
4180,0,T,1,-919.45,-919.45,,,false
4180,1,F,2,919.45,919.45,,,false
4181,0,T,1,-21892.10,-21892.10,,,false
4181,1,F,2,21892.10,21892.10,,,false
4182,0,T,1,-7714.17,-7714.17,,,false
4182,1,F,2,7714.17,7714.17,,,false
4183,0,T,1,-4405.83,-4405.83,,,false
4183,1,F,2,4405.83,4405.83,,,false
4184,0,T,1,-11298.21,-11298.21,,,false
4184,1,F,2,11298.21,11298.21,,,false
4185,0,T,1,-7147.54,-7147.54,,,false
4185,1,F,2,7147.54,7147.54,,,false
4186,0,T,1,-5337.01,-5337.01,,,false
4186,1,F,2,5337.01,5337.01,,,false
4187,0,T,1,-2709.01,-2709.01,,,false
4187,1,F,2,2709.01,2709.01,,,false
4188,0,T,1,-7229.33,-5221.82,,,false
4188,1,F,2,7229.33,5221.82,,,false
4189,0,T,1,-6704.18,-4842.50,,,false
4189,1,F,2,6704.18,4842.50,,,false
4190,0,T,1,-743.99,-743.99,,,false
4190,1,F,2,743.99,743.99,,,false
4191,0,T,1,-1134.20,-1134.20,,,false
4191,1,F,2,1134.20,1134.20,,,false
4192,0,T,1,-6041.21,-6041.21,,,false
4192,1,F,2,6041.21,6041.21,,,false
4193,0,T,1,-4344.44,-4344.44,,,false
4193,1,F,2,4344.44,4344.44,,,false
4194,0,T,1,-14210.16,-14210.16,,,false
4194,1,F,2,14210.16,14210.16,,,false
4195,0,T,1,-6536.40,-6536.40,,,false
4195,1,F,2,6536.40,6536.40,,,false
4196,0,T,1,-931.95,-931.95,,,false
4196,1,F,2,931.95,931.95,,,false
4197,0,T,1,-4758.65,-3405.29,,,false
4197,1,F,2,4758.65,3405.29,,,false
4198,0,T,1,-7867.53,-7867.53,,,false
4198,1,F,2,7867.53,7867.53,,,false
4199,0,T,1,-28246.77,-28246.77,,,false
4199,1,F,2,28246.77,28246.77,,,false
4200,0,T,1,-6868.44,-6868.44,,,false
4200,1,F,2,6868.44,6868.44,,,false
4201,0,T,1,-6967.63,-6967.63,,,false
4201,1,F,2,6967.63,6967.63,,,false
4202,0,T,1,-12500.62,-12500.62,,,false
4202,1,F,2,12500.62,12500.62,,,false
4203,0,T,1,-9253.71,-9253.71,,,false
4203,1,F,2,9253.71,9253.71,,,false
4204,0,T,1,-75433.14,-75433.14,,,false
4204,1,F,2,75433.14,75433.14,,,false
